Row ID,Order ID,Order Date,Ship Date,Ship Mode,Customer ID,Customer Name,Segment,Country,City,State,Postal Code,Region,Product ID,Category,Sub-Category,Product Name,Sales,Quantity,Discount,Profit,Shipping Duration
3,CA-2016-138688,2016-12-06,2016-06-16,Second Class,DV-13045,Darrin Van Huff,Corporate,United States,Los Angeles,California,90036,West,OFF-LA-10000240,Office Supplies,Labels,Self-Adhesive Address Labels for Typewriters by Universal,14.62,2,0.0,6.8714,-173
4,US-2015-108966,2015-11-10,2015-10-18,Standard Class,SO-20335,Sean O'Donnell,Consumer,United States,Fort Lauderdale,Florida,33311,South,FUR-TA-10000577,Furniture,Tables,Bretford CR4500 Series Slim Rectangular Table,957.5775,5,0.45,-383.031,-23
5,US-2015-108966,2015-11-10,2015-10-18,Standard Class,SO-20335,Sean O'Donnell,Consumer,United States,Fort Lauderdale,Florida,33311,South,OFF-ST-10000760,Office Supplies,Storage,Eldon Fold 'N Roll Cart System,22.368,2,0.2,2.5164,-23
6,CA-2014-115812,2014-09-06,2014-06-14,Standard Class,BH-11710,Brosina Hoffman,Consumer,United States,Los Angeles,California,90032,West,FUR-FU-10001487,Furniture,Furnishings,"Eldon Expressions Wood and Plastic Desk Accessories, Cherry Wood",48.86,7,0.0,14.1694,-84
7,CA-2014-115812,2014-09-06,2014-06-14,Standard Class,BH-11710,Brosina Hoffman,Consumer,United States,Los Angeles,California,90032,West,OFF-AR-10002833,Office Supplies,Art,Newell 322,7.28,4,0.0,1.9656,-84
8,CA-2014-115812,2014-09-06,2014-06-14,Standard Class,BH-11710,Brosina Hoffman,Consumer,United States,Los Angeles,California,90032,West,TEC-PH-10002275,Technology,Phones,Mitel 5320 IP Phone VoIP phone,907.152,6,0.2,90.7152,-84
9,CA-2014-115812,2014-09-06,2014-06-14,Standard Class,BH-11710,Brosina Hoffman,Consumer,United States,Los Angeles,California,90032,West,OFF-BI-10003910,Office Supplies,Binders,DXL Angle-View Binders with Locking Rings by Samsill,18.504,3,0.2,5.7825,-84
10,CA-2014-115812,2014-09-06,2014-06-14,Standard Class,BH-11710,Brosina Hoffman,Consumer,United States,Los Angeles,California,90032,West,OFF-AP-10002892,Office Supplies,Appliances,Belkin F5C206VTEL 6 Outlet Surge,114.9,5,0.0,34.47,-84
11,CA-2014-115812,2014-09-06,2014-06-14,Standard Class,BH-11710,Brosina Hoffman,Consumer,United States,Los Angeles,California,90032,West,FUR-TA-10001539,Furniture,Tables,Chromcraft Rectangular Conference Tables,1706.184,9,0.2,85.3092,-84
12,CA-2014-115812,2014-09-06,2014-06-14,Standard Class,BH-11710,Brosina Hoffman,Consumer,United States,Los Angeles,California,90032,West,TEC-PH-10002033,Technology,Phones,Konftel 250 Conference phone - Charcoal black,911.424,4,0.2,68.3568,-84
19,CA-2014-143336,2014-08-27,2014-01-09,Second Class,ZD-21925,Zuschuss Donatelli,Consumer,United States,San Francisco,California,94109,West,OFF-AR-10003056,Office Supplies,Art,Newell 341,8.56,2,0.0,2.4824,-230
20,CA-2014-143336,2014-08-27,2014-01-09,Second Class,ZD-21925,Zuschuss Donatelli,Consumer,United States,San Francisco,California,94109,West,TEC-PH-10001949,Technology,Phones,Cisco SPA 501G IP Phone,213.48,3,0.2,16.011,-230
21,CA-2014-143336,2014-08-27,2014-01-09,Second Class,ZD-21925,Zuschuss Donatelli,Consumer,United States,San Francisco,California,94109,West,OFF-BI-10002215,Office Supplies,Binders,"Wilson Jones Hanging View Binder, White, 1""",22.72,4,0.2,7.384,-230
42,CA-2017-120999,2017-10-09,2017-09-15,Standard Class,LC-16930,Linda Cazamias,Corporate,United States,Naperville,Illinois,60540,Central,TEC-PH-10004093,Technology,Phones,Panasonic Kx-TS550,147.168,4,0.2,16.5564,-24
45,CA-2016-118255,2016-11-03,2016-03-13,First Class,ON-18715,Odella Nelson,Corporate,United States,Eagan,Minnesota,55122,Central,TEC-AC-10000171,Technology,Accessories,"Verbatim 25 GB 6x Blu-ray Single Layer Recordable Disc, 25/Pack",45.98,2,0.0,19.7714,-235
46,CA-2016-118255,2016-11-03,2016-03-13,First Class,ON-18715,Odella Nelson,Corporate,United States,Eagan,Minnesota,55122,Central,OFF-BI-10003291,Office Supplies,Binders,Wilson Jones Leather-Like Binders with DublLock Round Rings,17.46,2,0.0,8.2062,-235
73,US-2015-134026,2015-04-26,2015-02-05,Standard Class,JE-15745,Joel Eaton,Consumer,United States,Memphis,Tennessee,38109,South,FUR-CH-10000513,Furniture,Chairs,High-Back Leather Manager's Chair,831.936,8,0.2,-114.3912,-80
74,US-2015-134026,2015-04-26,2015-02-05,Standard Class,JE-15745,Joel Eaton,Consumer,United States,Memphis,Tennessee,38109,South,FUR-FU-10003708,Furniture,Furnishings,"Tenex Traditional Chairmats for Medium Pile Carpet, Standard Lip, 36"" x 48""",97.04,2,0.2,1.213,-80
75,US-2015-134026,2015-04-26,2015-02-05,Standard Class,JE-15745,Joel Eaton,Consumer,United States,Memphis,Tennessee,38109,South,OFF-ST-10004123,Office Supplies,Storage,Safco Industrial Wire Shelving System,72.784,1,0.2,-18.196,-80
79,US-2014-147606,2014-11-26,2014-01-12,Second Class,JE-15745,Joel Eaton,Consumer,United States,Houston,Texas,77070,Central,FUR-FU-10003194,Furniture,Furnishings,"Eldon Expressions Desk Accessory, Wood Pencil Holder, Oak",19.3,5,0.6,-14.475,-318
80,CA-2016-127208,2016-12-06,2016-06-15,First Class,SC-20770,Stewart Carmichael,Corporate,United States,Decatur,Alabama,35601,South,OFF-AP-10002118,Office Supplies,Appliances,"1.7 Cubic Foot Compact ""Cube"" Office Refrigerators",208.16,1,0.0,56.2032,-174
81,CA-2016-127208,2016-12-06,2016-06-15,First Class,SC-20770,Stewart Carmichael,Corporate,United States,Decatur,Alabama,35601,South,OFF-BI-10002309,Office Supplies,Binders,Avery Heavy-Duty EZD  Binder With Locking Rings,16.74,3,0.0,8.0352,-174
82,CA-2014-139451,2014-12-10,2014-10-16,Standard Class,DN-13690,Duane Noonan,Consumer,United States,San Francisco,California,94122,West,OFF-AR-10002053,Office Supplies,Art,"Premium Writing Pencils, Soft, #2 by Central Association for the Blind",14.9,5,0.0,4.172,-55
83,CA-2014-139451,2014-12-10,2014-10-16,Standard Class,DN-13690,Duane Noonan,Consumer,United States,San Francisco,California,94122,West,OFF-ST-10002370,Office Supplies,Storage,"Sortfiler Multipurpose Personal File Organizer, Black",21.39,1,0.0,6.2031,-55
87,CA-2017-155558,2017-10-26,2017-02-11,Standard Class,PG-18895,Paul Gonzalez,Consumer,United States,Rochester,Minnesota,55901,Central,TEC-AC-10001998,Technology,Accessories,Logitech LS21 Speaker System - PC Multimedia - 2.1-CH - Wired,19.99,1,0.0,6.7966,-257
88,CA-2017-155558,2017-10-26,2017-02-11,Standard Class,PG-18895,Paul Gonzalez,Consumer,United States,Rochester,Minnesota,55901,Central,OFF-LA-10000134,Office Supplies,Labels,Avery 511,6.16,2,0.0,2.9568,-257
100,CA-2016-158568,2016-08-29,2016-02-09,Standard Class,RB-19465,Rick Bensley,Home Office,United States,Chicago,Illinois,60610,Central,OFF-PA-10003256,Office Supplies,Paper,Avery Personal Creations Heavyweight Cards,64.624,7,0.2,22.6184,-202
101,CA-2016-158568,2016-08-29,2016-02-09,Standard Class,RB-19465,Rick Bensley,Home Office,United States,Chicago,Illinois,60610,Central,TEC-AC-10001767,Technology,Accessories,SanDisk Ultra 64 GB MicroSDHC Class 10 Memory Card,95.976,3,0.2,-10.7973,-202
102,CA-2016-158568,2016-08-29,2016-02-09,Standard Class,RB-19465,Rick Bensley,Home Office,United States,Chicago,Illinois,60610,Central,OFF-BI-10002609,Office Supplies,Binders,Avery Hidden Tab Dividers for Binding Systems,1.788,3,0.8,-3.0396,-202
120,CA-2016-103730,2016-12-06,2016-06-15,First Class,SC-20725,Steven Cartwright,Consumer,United States,Wilmington,Delaware,19805,East,FUR-FU-10002157,Furniture,Furnishings,Artistic Insta-Plaque,47.04,3,0.0,18.3456,-174
121,CA-2016-103730,2016-12-06,2016-06-15,First Class,SC-20725,Steven Cartwright,Consumer,United States,Wilmington,Delaware,19805,East,OFF-BI-10003910,Office Supplies,Binders,DXL Angle-View Binders with Locking Rings by Samsill,30.84,4,0.0,13.878,-174
122,CA-2016-103730,2016-12-06,2016-06-15,First Class,SC-20725,Steven Cartwright,Consumer,United States,Wilmington,Delaware,19805,East,OFF-ST-10000777,Office Supplies,Storage,"Companion Letter/Legal File, Black",226.56,6,0.0,63.4368,-174
123,CA-2016-103730,2016-12-06,2016-06-15,First Class,SC-20725,Steven Cartwright,Consumer,United States,Wilmington,Delaware,19805,East,OFF-EN-10002500,Office Supplies,Envelopes,Globe Weis Peel & Seel First Class Envelopes,115.02,9,0.0,51.759,-174
124,CA-2016-103730,2016-12-06,2016-06-15,First Class,SC-20725,Steven Cartwright,Consumer,United States,Wilmington,Delaware,19805,East,TEC-PH-10003875,Technology,Phones,KLD Oscar II Style Snap-on Ultra Thin Side Flip Synthetic Leather Cover Case for HTC One HTC M7,68.04,7,0.0,19.7316,-174
154,CA-2015-124919,2015-05-31,2015-02-06,First Class,SP-20650,Stephanie Phelps,Corporate,United States,San Jose,California,95123,West,OFF-PA-10001950,Office Supplies,Paper,Southworth 25% Cotton Antique Laid Paper & Envelopes,58.38,7,0.0,26.271,-114
155,CA-2015-124919,2015-05-31,2015-02-06,First Class,SP-20650,Stephanie Phelps,Corporate,United States,San Jose,California,95123,West,OFF-PA-10002254,Office Supplies,Paper,Xerox 1883,105.52,4,0.0,48.5392,-114
156,CA-2015-124919,2015-05-31,2015-02-06,First Class,SP-20650,Stephanie Phelps,Corporate,United States,San Jose,California,95123,West,OFF-ST-10001590,Office Supplies,Storage,"Tenex Personal Project File with Scoop Front Design, Black",80.88,6,0.0,21.0288,-114
157,CA-2015-118948,2015-05-28,2015-03-06,Standard Class,NK-18490,Neil Knudson,Home Office,United States,Seattle,Washington,98105,West,OFF-AR-10001547,Office Supplies,Art,Newell 311,6.63,3,0.0,1.7901,-83
186,CA-2016-105018,2016-11-28,2016-02-12,Standard Class,SK-19990,Sally Knutson,Consumer,United States,Fairfield,Connecticut,6824,East,OFF-BI-10001890,Office Supplies,Binders,Avery Poly Binder Pockets,7.16,2,0.0,3.4368,-290
190,CA-2015-102281,2015-12-10,2015-10-14,First Class,MP-17470,Mark Packer,Home Office,United States,New York City,New York,10035,East,FUR-BO-10002613,Furniture,Bookcases,"Atlantic Metals Mobile 4-Shelf Bookcases, Custom Colors",899.136,4,0.2,112.392,-57
191,CA-2015-102281,2015-12-10,2015-10-14,First Class,MP-17470,Mark Packer,Home Office,United States,New York City,New York,10035,East,TEC-PH-10001552,Technology,Phones,I Need's 3d Hello Kitty Hybrid Silicone Case Cover for HTC One X 4g with 3d Hello Kitty Stylus Pen Green/pink,71.76,6,0.0,20.0928,-57
192,CA-2015-102281,2015-12-10,2015-10-14,First Class,MP-17470,Mark Packer,Home Office,United States,New York City,New York,10035,East,OFF-PA-10000061,Office Supplies,Paper,Xerox 205,51.84,8,0.0,24.8832,-57
193,CA-2015-102281,2015-12-10,2015-10-14,First Class,MP-17470,Mark Packer,Home Office,United States,New York City,New York,10035,East,FUR-BO-10002545,Furniture,Bookcases,"Atlantic Metals Mobile 3-Shelf Bookcases, Custom Colors",626.352,3,0.2,46.9764,-57
194,CA-2015-102281,2015-12-10,2015-10-14,First Class,MP-17470,Mark Packer,Home Office,United States,New York City,New York,10035,East,OFF-AR-10003514,Office Supplies,Art,4009 Highlighters by Sanford,19.9,5,0.0,6.567,-57
195,CA-2015-131457,2015-10-31,2015-06-11,Standard Class,MZ-17515,Mary Zewe,Corporate,United States,Redlands,California,92374,West,OFF-EN-10001509,Office Supplies,Envelopes,Poly String Tie Envelopes,14.28,7,0.0,6.7116,-142
212,CA-2015-101007,2015-09-02,2015-02-13,Second Class,MS-17980,Michael Stewart,Corporate,United States,Dallas,Texas,75220,Central,TEC-AC-10001266,Technology,Accessories,Memorex Micro Travel Drive 8 GB,20.8,2,0.2,6.5,-201
218,CA-2016-130162,2016-10-28,2016-01-11,Standard Class,JH-15910,Jonathan Howell,Consumer,United States,Los Angeles,California,90032,West,OFF-ST-10001328,Office Supplies,Storage,"Personal Filing Tote with Lid, Black/Gray",93.06,6,0.0,26.0568,-291
219,CA-2016-130162,2016-10-28,2016-01-11,Standard Class,JH-15910,Jonathan Howell,Consumer,United States,Los Angeles,California,90032,West,TEC-PH-10002563,Technology,Phones,Adtran 1202752G1,302.376,3,0.2,22.6782,-291
226,CA-2015-163055,2015-09-08,2015-08-16,Standard Class,DS-13180,David Smith,Corporate,United States,Detroit,Michigan,48227,Central,OFF-AR-10001026,Office Supplies,Art,"Sanford Uni-Blazer View Highlighters, Chisel Tip, Yellow",2.2,1,0.0,0.968,-23
227,CA-2015-163055,2015-09-08,2015-08-16,Standard Class,DS-13180,David Smith,Corporate,United States,Detroit,Michigan,48227,Central,FUR-TA-10003748,Furniture,Tables,Bevis 36 x 72 Conference Tables,622.45,5,0.0,136.939,-23
228,CA-2015-163055,2015-09-08,2015-08-16,Standard Class,DS-13180,David Smith,Corporate,United States,Detroit,Michigan,48227,Central,OFF-ST-10002485,Office Supplies,Storage,Rogers Deluxe File Chest,21.98,1,0.0,0.2198,-23
237,CA-2017-160514,2017-12-11,2017-11-16,Standard Class,DB-13120,David Bremer,Corporate,United States,Santa Clara,California,95051,West,OFF-PA-10002479,Office Supplies,Paper,Xerox 4200 Series MultiUse Premium Copy Paper (20Lb. and 84 Bright),10.56,2,0.0,4.752,-25
251,CA-2016-145625,2016-11-09,2016-09-17,Standard Class,KC-16540,Kelly Collister,Consumer,United States,San Diego,California,92037,West,OFF-PA-10004569,Office Supplies,Paper,"Wirebound Message Books, Two 4 1/4"" x 5"" Forms per Page",7.61,1,0.0,3.5767,-53
252,CA-2016-145625,2016-11-09,2016-09-17,Standard Class,KC-16540,Kelly Collister,Consumer,United States,San Diego,California,92037,West,TEC-AC-10003832,Technology,Accessories,Logitech P710e Mobile Speakerphone,3347.37,13,0.0,636.0003,-53
255,US-2015-159982,2015-11-28,2015-04-12,Standard Class,DR-12880,Dan Reichenbach,Corporate,United States,Chicago,Illinois,60623,Central,FUR-FU-10002505,Furniture,Furnishings,Eldon 100 Class Desk Accessories,12.132,9,0.6,-8.4924,-230
256,US-2015-159982,2015-11-28,2015-04-12,Standard Class,DR-12880,Dan Reichenbach,Corporate,United States,Chicago,Illinois,60623,Central,OFF-ST-10004804,Office Supplies,Storage,"Belkin 19"" Vented Equipment Shelf, Black",82.368,2,0.2,-19.5624,-230
257,US-2015-159982,2015-11-28,2015-04-12,Standard Class,DR-12880,Dan Reichenbach,Corporate,United States,Chicago,Illinois,60623,Central,OFF-ST-10001590,Office Supplies,Storage,"Tenex Personal Project File with Scoop Front Design, Black",53.92,5,0.2,4.044,-230
258,US-2015-159982,2015-11-28,2015-04-12,Standard Class,DR-12880,Dan Reichenbach,Corporate,United States,Chicago,Illinois,60623,Central,TEC-PH-10001580,Technology,Phones,Logitech Mobile Speakerphone P710e - speaker phone,647.904,6,0.2,56.6916,-230
284,CA-2015-130883,2015-09-26,2015-02-10,Standard Class,TB-21520,Tracy Blumstein,Consumer,United States,Portland,Oregon,97206,West,OFF-PA-10000474,Office Supplies,Paper,Easy-staple paper,141.76,5,0.2,47.844,-228
285,CA-2015-130883,2015-09-26,2015-02-10,Standard Class,TB-21520,Tracy Blumstein,Consumer,United States,Portland,Oregon,97206,West,TEC-AC-10001956,Technology,Accessories,Microsoft Arc Touch Mouse,239.8,5,0.2,47.96,-228
286,CA-2015-130883,2015-09-26,2015-02-10,Standard Class,TB-21520,Tracy Blumstein,Consumer,United States,Portland,Oregon,97206,West,OFF-PA-10004100,Office Supplies,Paper,Xerox 216,31.104,6,0.2,10.8864,-228
299,CA-2016-142545,2016-10-28,2016-03-11,Standard Class,JD-15895,Jonathan Doherty,Corporate,United States,Belleville,New Jersey,7109,East,OFF-PA-10002105,Office Supplies,Paper,Xerox 223,32.4,5,0.0,15.552,-231
300,CA-2016-142545,2016-10-28,2016-03-11,Standard Class,JD-15895,Jonathan Doherty,Corporate,United States,Belleville,New Jersey,7109,East,OFF-ST-10002756,Office Supplies,Storage,"Tennsco Stur-D-Stor Boltless Shelving, 5 Shelves, 24"" Deep, Sand",1082.48,8,0.0,10.8248,-231
301,CA-2016-142545,2016-10-28,2016-03-11,Standard Class,JD-15895,Jonathan Doherty,Corporate,United States,Belleville,New Jersey,7109,East,OFF-PA-10004243,Office Supplies,Paper,Xerox 1939,56.91,3,0.0,27.3168,-231
302,CA-2016-142545,2016-10-28,2016-03-11,Standard Class,JD-15895,Jonathan Doherty,Corporate,United States,Belleville,New Jersey,7109,East,FUR-FU-10001861,Furniture,Furnishings,"Floodlight Indoor Halogen Bulbs, 1 Bulb per Pack, 60 Watts",77.6,4,0.0,38.024,-231
303,CA-2016-142545,2016-10-28,2016-03-11,Standard Class,JD-15895,Jonathan Doherty,Corporate,United States,Belleville,New Jersey,7109,East,OFF-BI-10002706,Office Supplies,Binders,Avery Premier Heavy-Duty Binder with Round Locking Rings,14.28,1,0.0,6.5688,-231
310,CA-2016-142902,2016-12-09,2016-09-14,Second Class,BP-11185,Ben Peterman,Corporate,United States,Arvada,Colorado,80004,West,FUR-FU-10001918,Furniture,Furnishings,C-Line Cubicle Keepers Polyproplyene Holder With Velcro Backings,15.136,4,0.2,3.5948,-86
311,CA-2016-142902,2016-12-09,2016-09-14,Second Class,BP-11185,Ben Peterman,Corporate,United States,Arvada,Colorado,80004,West,FUR-CH-10004086,Furniture,Chairs,Hon 4070 Series Pagoda Armless Upholstered Stacking Chairs,466.768,2,0.2,52.5114,-86
312,CA-2016-142902,2016-12-09,2016-09-14,Second Class,BP-11185,Ben Peterman,Corporate,United States,Arvada,Colorado,80004,West,FUR-FU-10001756,Furniture,Furnishings,"Eldon Expressions Desk Accessory, Wood Photo Frame, Mahogany",15.232,1,0.2,1.7136,-86
313,CA-2016-142902,2016-12-09,2016-09-14,Second Class,BP-11185,Ben Peterman,Corporate,United States,Arvada,Colorado,80004,West,OFF-LA-10000634,Office Supplies,Labels,Avery 509,6.264,3,0.2,2.0358,-86
314,CA-2014-120887,2014-09-27,2014-03-10,Standard Class,TS-21205,Thomas Seio,Corporate,United States,Hackensack,New Jersey,7601,East,FUR-FU-10001588,Furniture,Furnishings,"Deflect-o SuperTray Unbreakable Stackable Tray, Letter, Black",87.54,3,0.0,37.6422,-201
315,CA-2014-167850,2014-09-08,2014-08-16,Standard Class,AG-10525,Andy Gerbode,Corporate,United States,Saint Petersburg,Florida,33710,South,TEC-PH-10002398,Technology,Phones,AT&T 1070 Corded Phone,178.384,2,0.2,22.298,-23
316,CA-2014-167850,2014-09-08,2014-08-16,Standard Class,AG-10525,Andy Gerbode,Corporate,United States,Saint Petersburg,Florida,33710,South,OFF-PA-10001937,Office Supplies,Paper,Xerox 21,15.552,3,0.2,5.4432,-23
327,US-2016-141544,2016-08-30,2016-01-09,First Class,PO-18850,Patrick O'Brill,Consumer,United States,Philadelphia,Pennsylvania,19143,East,TEC-PH-10003645,Technology,Phones,Aastra 57i VoIP phone,290.898,3,0.4,-67.8762,-234
328,US-2016-141544,2016-08-30,2016-01-09,First Class,PO-18850,Patrick O'Brill,Consumer,United States,Philadelphia,Pennsylvania,19143,East,OFF-ST-10000675,Office Supplies,Storage,"File Shuttle II and Handi-File, Black",54.224,2,0.2,3.389,-234
329,US-2016-141544,2016-08-30,2016-01-09,First Class,PO-18850,Patrick O'Brill,Consumer,United States,Philadelphia,Pennsylvania,19143,East,FUR-CH-10003312,Furniture,Chairs,Hon 2090 “Pillow Soft” Series Mid Back Swivel/Tilt Chairs,786.744,4,0.3,-258.5016,-234
330,US-2016-141544,2016-08-30,2016-01-09,First Class,PO-18850,Patrick O'Brill,Consumer,United States,Philadelphia,Pennsylvania,19143,East,OFF-LA-10001074,Office Supplies,Labels,Round Specialty Laser Printer Labels,100.24,10,0.2,33.831,-234
331,US-2016-141544,2016-08-30,2016-01-09,First Class,PO-18850,Patrick O'Brill,Consumer,United States,Philadelphia,Pennsylvania,19143,East,OFF-BI-10001524,Office Supplies,Binders,GBC Premium Transparent Covers with Diagonal Lined Pattern,37.764,6,0.7,-27.6936,-234
338,CA-2014-129924,2014-12-07,2014-07-17,Standard Class,AC-10420,Alyssa Crouse,Corporate,United States,San Francisco,California,94122,West,OFF-BI-10003314,Office Supplies,Binders,Tuff Stuff Recycled Round Ring Binders,7.712,2,0.2,2.7956,-143
339,CA-2014-129924,2014-12-07,2014-07-17,Standard Class,AC-10420,Alyssa Crouse,Corporate,United States,San Francisco,California,94122,West,FUR-TA-10004575,Furniture,Tables,Hon 5100 Series Wood Tables,698.352,3,0.2,-17.4588,-143
355,CA-2016-138520,2016-08-04,2016-04-13,Standard Class,JL-15505,Jeremy Lonsdale,Consumer,United States,New York City,New York,10035,East,FUR-BO-10002268,Furniture,Bookcases,Sauder Barrister Bookcases,388.704,6,0.2,-4.8588,-113
356,CA-2016-138520,2016-08-04,2016-04-13,Standard Class,JL-15505,Jeremy Lonsdale,Consumer,United States,New York City,New York,10035,East,OFF-EN-10001137,Office Supplies,Envelopes,"#10 Gummed Flap White Envelopes, 100/Box",8.26,2,0.0,3.7996,-113
357,CA-2016-138520,2016-08-04,2016-04-13,Standard Class,JL-15505,Jeremy Lonsdale,Consumer,United States,New York City,New York,10035,East,OFF-AR-10002399,Office Supplies,Art,"Dixon Prang Watercolor Pencils, 10-Color Set with Brush",17.04,4,0.0,6.9864,-113
358,CA-2016-138520,2016-08-04,2016-04-13,Standard Class,JL-15505,Jeremy Lonsdale,Consumer,United States,New York City,New York,10035,East,OFF-PA-10002713,Office Supplies,Paper,"Adams Phone Message Book, 200 Message Capacity, 8 1/16” x 11”",34.4,5,0.0,15.824,-113
362,CA-2017-144904,2017-09-25,2017-01-10,Standard Class,KW-16435,Katrina Willman,Consumer,United States,New York City,New York,10009,East,OFF-LA-10001158,Office Supplies,Labels,"Avery Address/Shipping Labels for Typewriters, 4"" x 2""",20.7,2,0.0,9.936,-258
363,CA-2017-144904,2017-09-25,2017-01-10,Standard Class,KW-16435,Katrina Willman,Consumer,United States,New York City,New York,10009,East,FUR-CH-10000785,Furniture,Chairs,Global Ergonomic Managers Chair,488.646,3,0.1,86.8704,-258
364,CA-2017-144904,2017-09-25,2017-01-10,Standard Class,KW-16435,Katrina Willman,Consumer,United States,New York City,New York,10009,East,OFF-AR-10003732,Office Supplies,Art,Newell 333,5.56,2,0.0,1.4456,-258
365,CA-2017-144904,2017-09-25,2017-01-10,Standard Class,KW-16435,Katrina Willman,Consumer,United States,New York City,New York,10009,East,FUR-FU-10000023,Furniture,Furnishings,Eldon Wave Desk Accessories,47.12,8,0.0,20.7328,-258
371,CA-2017-104745,2017-05-29,2017-04-06,Standard Class,GT-14755,Guy Thornton,Consumer,United States,Harlingen,Texas,78550,Central,OFF-PA-10002036,Office Supplies,Paper,Xerox 1930,25.92,5,0.2,9.396,-53
372,CA-2017-104745,2017-05-29,2017-04-06,Standard Class,GT-14755,Guy Thornton,Consumer,United States,Harlingen,Texas,78550,Central,OFF-ST-10002205,Office Supplies,Storage,File Shuttle I and Handi-File,53.424,3,0.2,4.6746,-53
377,US-2016-134656,2016-09-28,2016-01-10,First Class,MM-18280,Muhammed MacIntyre,Corporate,United States,Quincy,Illinois,62301,Central,OFF-PA-10003039,Office Supplies,Paper,Xerox 1960,99.136,4,0.2,30.98,-262
378,US-2017-134481,2017-08-27,2017-01-09,Standard Class,AR-10405,Allen Rosenblatt,Corporate,United States,Franklin,Massachusetts,2038,East,FUR-TA-10004915,Furniture,Tables,"Office Impressions End Table, 20-1/2""H x 24""W x 20""D",1488.424,7,0.3,-297.6848,-230
385,US-2015-168935,2015-11-27,2015-02-12,Standard Class,DO-13435,Denny Ordway,Consumer,United States,Pembroke Pines,Florida,33024,South,FUR-TA-10000617,Furniture,Tables,"Hon Practical Foundations 30 x 60 Training Table, Light Gray/Charcoal",375.4575,3,0.45,-157.0095,-288
386,US-2015-168935,2015-11-27,2015-02-12,Standard Class,DO-13435,Denny Ordway,Consumer,United States,Pembroke Pines,Florida,33024,South,TEC-AC-10002335,Technology,Accessories,Logitech Media Keyboard K200,83.976,3,0.2,-1.0497,-288
395,CA-2017-102946,2017-06-30,2017-05-07,Standard Class,VP-21730,Victor Preis,Home Office,United States,Las Vegas,Nevada,89115,West,OFF-BI-10004492,Office Supplies,Binders,Tuf-Vin Binders,75.792,3,0.2,25.5798,-54
398,CA-2015-122259,2015-10-31,2015-04-11,Standard Class,HP-14815,Harold Pawlan,Home Office,United States,Jackson,Michigan,49201,Central,OFF-SU-10002573,Office Supplies,Supplies,"Acme 10"" Easy Grip Assistive Scissors",70.12,4,0.0,21.036,-203
428,CA-2014-101476,2014-12-09,2014-09-13,First Class,SD-20485,Shirley Daniels,Home Office,United States,New Rochelle,New York,10801,East,TEC-MA-10000029,Technology,Machines,"Epson WorkForce WF-2530 All-in-One Printer, Copier Scanner",69.99,1,0.0,30.0957,-87
437,CA-2016-147375,2016-12-06,2016-06-14,Second Class,PO-19180,Philisse Overcash,Home Office,United States,Chicago,Illinois,60623,Central,TEC-MA-10002937,Technology,Machines,"Canon Color ImageCLASS MF8580Cdw Wireless Laser All-In-One Printer, Copier, Scanner",1007.979,3,0.3,43.1991,-175
438,CA-2016-147375,2016-12-06,2016-06-14,Second Class,PO-19180,Philisse Overcash,Home Office,United States,Chicago,Illinois,60623,Central,OFF-PA-10001970,Office Supplies,Paper,Xerox 1908,313.488,7,0.2,113.6394,-175
457,US-2014-110674,2014-12-02,2014-02-18,Standard Class,SC-20095,Sanjit Chand,Consumer,United States,Concord,California,94521,West,FUR-CH-10000225,Furniture,Chairs,"Global Geo Office Task Chair, Gray",129.568,2,0.2,-24.294,-287
458,US-2016-157945,2016-09-26,2016-01-10,Standard Class,NF-18385,Natalie Fritzler,Consumer,United States,Decatur,Illinois,62521,Central,FUR-CH-10002331,Furniture,Chairs,Hon 4700 Series Mobuis Mid-Back Task Chairs with Adjustable Arms,747.558,3,0.3,-96.1146,-260
459,US-2016-157945,2016-09-26,2016-01-10,Standard Class,NF-18385,Natalie Fritzler,Consumer,United States,Decatur,Illinois,62521,Central,OFF-EN-10001415,Office Supplies,Envelopes,Staple envelope,8.928,2,0.2,3.348,-260
478,CA-2016-103891,2016-12-07,2016-07-19,Standard Class,KH-16690,Kristen Hastings,Corporate,United States,Los Angeles,California,90008,West,TEC-PH-10000149,Technology,Phones,Cisco SPA525G2 IP Phone - Wireless,95.76,6,0.2,7.182,-141
479,CA-2016-152632,2016-10-27,2016-02-11,Standard Class,JE-15475,Jeremy Ellison,Consumer,United States,Troy,New York,12180,East,FUR-FU-10002671,Furniture,Furnishings,Electrix 20W Halogen Replacement Bulb for Zoom-In Desk Lamp,40.2,3,0.0,19.296,-259
480,CA-2016-100790,2016-06-26,2016-02-07,Standard Class,JG-15805,John Grady,Corporate,United States,New York City,New York,10024,East,OFF-AR-10003045,Office Supplies,Art,Prang Colored Pencils,14.7,5,0.0,6.615,-140
481,CA-2016-100790,2016-06-26,2016-02-07,Standard Class,JG-15805,John Grady,Corporate,United States,New York City,New York,10024,East,OFF-ST-10000689,Office Supplies,Storage,"Fellowes Strictly Business Drawer File, Letter/Legal Size",704.25,5,0.0,84.51,-140
485,CA-2017-140963,2017-10-06,2017-06-13,First Class,MT-18070,Michelle Tran,Home Office,United States,Los Angeles,California,90045,West,OFF-LA-10003923,Office Supplies,Labels,Alphabetical Labels for Top Tab Filing,29.6,2,0.0,14.8,-115
486,CA-2017-140963,2017-10-06,2017-06-13,First Class,MT-18070,Michelle Tran,Home Office,United States,Los Angeles,California,90045,West,FUR-BO-10001337,Furniture,Bookcases,O'Sullivan Living Dimensions 2-Shelf Bookcases,514.165,5,0.15,-30.245,-115
487,CA-2017-140963,2017-10-06,2017-06-13,First Class,MT-18070,Michelle Tran,Home Office,United States,Los Angeles,California,90045,West,TEC-PH-10001924,Technology,Phones,iHome FM Clock Radio with Lightning Dock,279.96,5,0.2,17.4975,-115
489,CA-2014-133753,2014-09-06,2014-06-13,Second Class,CW-11905,Carl Weiss,Home Office,United States,Huntsville,Texas,77340,Central,TEC-PH-10000376,Technology,Phones,Square Credit Card Reader,7.992,1,0.2,0.5994,-85
490,CA-2014-133753,2014-09-06,2014-06-13,Second Class,CW-11905,Carl Weiss,Home Office,United States,Huntsville,Texas,77340,Central,TEC-AC-10000303,Technology,Accessories,Logitech M510 Wireless Mouse,63.984,2,0.2,10.3974,-85
491,CA-2014-133753,2014-09-06,2014-06-13,Second Class,CW-11905,Carl Weiss,Home Office,United States,Huntsville,Texas,77340,Central,OFF-AR-10001953,Office Supplies,Art,Boston 1645 Deluxe Heavier-Duty Electric Pencil Sharpener,70.368,2,0.2,6.1572,-85
494,CA-2016-169166,2016-09-05,2016-05-14,Standard Class,SS-20590,Sonia Sunley,Consumer,United States,Seattle,Washington,98115,West,TEC-AC-10000991,Technology,Accessories,Sony Micro Vault Click 8 GB USB 2.0 Flash Drive,93.98,2,0.0,13.1572,-114
501,US-2016-105578,2016-05-30,2016-04-06,Standard Class,MY-17380,Maribeth Yedwab,Corporate,United States,Parker,Colorado,80134,West,OFF-BI-10001670,Office Supplies,Binders,Vinyl Sectional Post Binders,22.62,2,0.7,-15.08,-54
502,US-2016-105578,2016-05-30,2016-04-06,Standard Class,MY-17380,Maribeth Yedwab,Corporate,United States,Parker,Colorado,80134,West,OFF-BI-10001658,Office Supplies,Binders,GBC Standard Therm-A-Bind Covers,14.952,2,0.7,-11.9616,-54
503,US-2016-105578,2016-05-30,2016-04-06,Standard Class,MY-17380,Maribeth Yedwab,Corporate,United States,Parker,Colorado,80134,West,FUR-CH-10001215,Furniture,Chairs,Global Troy Executive Leather Low-Back Tilter,801.568,2,0.2,50.098,-54
504,US-2016-105578,2016-05-30,2016-04-06,Standard Class,MY-17380,Maribeth Yedwab,Corporate,United States,Parker,Colorado,80134,West,OFF-BI-10000831,Office Supplies,Binders,Storex Flexible Poly Binders with Double Pockets,2.376,3,0.7,-1.9008,-54
505,US-2016-105578,2016-05-30,2016-04-06,Standard Class,MY-17380,Maribeth Yedwab,Corporate,United States,Parker,Colorado,80134,West,OFF-PA-10000357,Office Supplies,Paper,"White Dual Perf Computer Printout Paper, 2700 Sheets, 1 Part, Heavyweight, 20 lbs., 14 7/8 x 11",32.792,1,0.2,11.8871,-54
506,CA-2017-134978,2017-12-11,2017-11-15,Second Class,EB-13705,Ed Braxton,Corporate,United States,New York City,New York,10024,East,OFF-BI-10003274,Office Supplies,Binders,"Avery Durable Slant Ring Binders, No Labels",15.92,5,0.2,5.373,-26
534,CA-2016-168753,2016-05-29,2016-01-06,Second Class,RL-19615,Rob Lucas,Consumer,United States,Montgomery,Alabama,36116,South,TEC-PH-10000984,Technology,Phones,Panasonic KX-TG9471B,979.95,5,0.0,274.386,-144
535,CA-2016-168753,2016-05-29,2016-01-06,Second Class,RL-19615,Rob Lucas,Consumer,United States,Montgomery,Alabama,36116,South,OFF-BI-10002557,Office Supplies,Binders,Presstex Flexible Ring Binders,22.75,5,0.0,11.375,-144
536,CA-2016-126613,2016-10-07,2016-07-16,Standard Class,AA-10375,Allen Armold,Consumer,United States,Mesa,Arizona,85204,West,OFF-ST-10001325,Office Supplies,Storage,Sterilite Officeware Hinged File Box,16.768,2,0.2,1.4672,-83
544,CA-2014-103849,2014-11-05,2014-05-16,Standard Class,PG-18895,Paul Gonzalez,Consumer,United States,Fort Worth,Texas,76106,Central,TEC-AC-10001465,Technology,Accessories,SanDisk Cruzer 64 GB USB Flash Drive,58.112,2,0.2,7.264,-173
545,CA-2014-103849,2014-11-05,2014-05-16,Standard Class,PG-18895,Paul Gonzalez,Consumer,United States,Fort Worth,Texas,76106,Central,TEC-PH-10002597,Technology,Phones,Xblue XB-1670-86 X16 Small Office Telephone - Titanium,100.792,1,0.2,6.2995,-173
546,CA-2014-103849,2014-11-05,2014-05-16,Standard Class,PG-18895,Paul Gonzalez,Consumer,United States,Fort Worth,Texas,76106,Central,FUR-FU-10000723,Furniture,Furnishings,"Deflect-o EconoMat Studded, No Bevel Mat for Low Pile Carpeting",66.112,4,0.6,-84.2928,-173
555,CA-2017-100650,2017-06-29,2017-03-07,Second Class,DK-13225,Dean Katz,Corporate,United States,Anaheim,California,92804,West,OFF-ST-10001780,Office Supplies,Storage,Tennsco 16-Compartment Lockers with Coat Rack,1295.78,2,0.0,310.9872,-114
557,CA-2016-113243,2016-10-06,2016-06-15,Standard Class,OT-18730,Olvera Toch,Consumer,United States,Los Angeles,California,90045,West,OFF-LA-10001297,Office Supplies,Labels,Avery 473,20.7,2,0.0,9.936,-113
558,CA-2016-113243,2016-10-06,2016-06-15,Standard Class,OT-18730,Olvera Toch,Consumer,United States,Los Angeles,California,90045,West,FUR-TA-10004256,Furniture,Tables,Bretford “Just In Time” Height-Adjustable Multi-Task Work Tables,1335.68,4,0.2,-217.048,-113
559,CA-2016-113243,2016-10-06,2016-06-15,Standard Class,OT-18730,Olvera Toch,Consumer,United States,Los Angeles,California,90045,West,OFF-PA-10003441,Office Supplies,Paper,Xerox 226,32.4,5,0.0,15.552,-113
581,CA-2015-132906,2015-10-09,2015-09-14,Standard Class,CC-12145,Charles Crestani,Consumer,United States,Los Angeles,California,90004,West,OFF-SU-10004498,Office Supplies,Supplies,Martin-Yale Premier Letter Opener,51.52,4,0.0,1.5456,-25
593,CA-2014-135405,2014-09-01,2014-01-13,Standard Class,MS-17830,Melanie Seite,Consumer,United States,Laredo,Texas,78041,Central,OFF-AR-10004078,Office Supplies,Art,Newell 312,9.344,2,0.2,1.168,-231
594,CA-2014-135405,2014-09-01,2014-01-13,Standard Class,MS-17830,Melanie Seite,Consumer,United States,Laredo,Texas,78041,Central,TEC-AC-10001266,Technology,Accessories,Memorex Micro Travel Drive 8 GB,31.2,3,0.2,9.75,-231
611,CA-2016-161816,2016-04-28,2016-01-05,First Class,NB-18655,Nona Balk,Corporate,United States,Dallas,Texas,75217,Central,TEC-PH-10003012,Technology,Phones,Nortel Meridian M3904 Professional Digital phone,369.576,3,0.2,41.5773,-114
612,CA-2016-161816,2016-04-28,2016-01-05,First Class,NB-18655,Nona Balk,Corporate,United States,Dallas,Texas,75217,Central,OFF-LA-10004345,Office Supplies,Labels,Avery 493,15.712,4,0.2,5.6956,-114
613,CA-2016-121223,2016-11-09,2016-09-13,Second Class,GD-14590,Giulietta Dortch,Corporate,United States,Philadelphia,Pennsylvania,19143,East,OFF-PA-10001204,Office Supplies,Paper,Xerox 1972,8.448,2,0.2,2.64,-57
614,CA-2016-121223,2016-11-09,2016-09-13,Second Class,GD-14590,Giulietta Dortch,Corporate,United States,Philadelphia,Pennsylvania,19143,East,TEC-PH-10004667,Technology,Phones,Cisco 8x8 Inc. 6753i IP Business Phone System,728.946,9,0.4,-157.9383,-57
623,CA-2015-138009,2015-11-29,2015-03-12,Standard Class,SF-20965,Sylvia Foulston,Corporate,United States,Dearborn,Michigan,48126,Central,FUR-CH-10004853,Furniture,Chairs,"Global Manager's Adjustable Task Chair, Storm",301.96,2,0.0,87.5684,-262
624,CA-2015-138009,2015-11-29,2015-03-12,Standard Class,SF-20965,Sylvia Foulston,Corporate,United States,Dearborn,Michigan,48126,Central,OFF-AP-10000179,Office Supplies,Appliances,Honeywell Enviracaire Portable HEPA Air Cleaner for up to 10 x 16 Room,555.21,5,0.1,178.901,-262
625,CA-2015-138009,2015-11-29,2015-03-12,Standard Class,SF-20965,Sylvia Foulston,Corporate,United States,Dearborn,Michigan,48126,Central,OFF-ST-10001272,Office Supplies,Storage,"Mini 13-1/2 Capacity Data Binder Rack, Pearl",523.48,4,0.0,130.87,-262
626,CA-2015-138009,2015-11-29,2015-03-12,Standard Class,SF-20965,Sylvia Foulston,Corporate,United States,Dearborn,Michigan,48126,Central,OFF-AR-10004042,Office Supplies,Art,"BOSTON Model 1800 Electric Pencil Sharpeners, Putty/Woodgrain",161.82,9,0.0,46.9278,-262
642,CA-2017-167913,2017-07-30,2017-03-08,Second Class,JL-15835,John Lee,Consumer,United States,Mission Viejo,California,92691,West,OFF-ST-10000585,Office Supplies,Storage,Economy Rollaway Files,330.4,2,0.0,85.904,-144
643,CA-2017-167913,2017-07-30,2017-03-08,Second Class,JL-15835,John Lee,Consumer,United States,Mission Viejo,California,92691,West,OFF-LA-10002787,Office Supplies,Labels,Avery 480,26.25,7,0.0,12.6,-144
644,CA-2017-106103,2017-10-06,2017-06-15,Standard Class,SC-20305,Sean Christensen,Consumer,United States,Rochester Hills,Michigan,48307,Central,TEC-AC-10003832,Technology,Accessories,Imation 16GB Mini TravelDrive USB 2.0 Flash Drive,132.52,4,0.0,54.3332,-113
670,US-2017-106663,2017-09-06,2017-06-13,Standard Class,MO-17800,Meg O'Connel,Home Office,United States,Chicago,Illinois,60653,Central,FUR-FU-10002759,Furniture,Furnishings,12-1/2 Diameter Round Wall Clock,23.976,3,0.6,-14.3856,-85
671,US-2017-106663,2017-09-06,2017-06-13,Standard Class,MO-17800,Meg O'Connel,Home Office,United States,Chicago,Illinois,60653,Central,FUR-TA-10000688,Furniture,Tables,"Chromcraft Bull-Nose Wood Round Conference Table Top, Wood Base",108.925,1,0.5,-71.8905,-85
672,US-2017-106663,2017-09-06,2017-06-13,Standard Class,MO-17800,Meg O'Connel,Home Office,United States,Chicago,Illinois,60653,Central,OFF-PA-10002377,Office Supplies,Paper,"Adams Telephone Message Book W/Dividers/Space For Phone Numbers, 5 1/4""X8 1/2"", 200/Messages",36.352,8,0.2,11.36,-85
693,CA-2015-131534,2015-03-28,2015-02-04,Standard Class,AB-10165,Alan Barnes,Consumer,United States,Los Angeles,California,90036,West,TEC-AC-10002253,Technology,Accessories,Imation Bio 8GB USB Flash Drive Imation Corp,166.24,1,0.0,24.936,-52
694,CA-2015-131534,2015-03-28,2015-02-04,Standard Class,AB-10165,Alan Barnes,Consumer,United States,Los Angeles,California,90036,West,OFF-PA-10000743,Office Supplies,Paper,Xerox 1977,33.4,5,0.0,16.032,-52
704,CA-2015-142027,2015-09-04,2015-04-14,Standard Class,JK-15370,Jay Kimmel,Consumer,United States,Long Beach,California,90805,West,FUR-TA-10002774,Furniture,Tables,Laminate Occasional Tables,369.912,3,0.2,-13.8717,-143
705,CA-2014-138527,2014-12-09,2014-09-17,Standard Class,BN-11470,Brad Norvell,Corporate,United States,Cary,North Carolina,27511,South,OFF-PA-10001800,Office Supplies,Paper,Xerox 220,10.368,2,0.2,3.6288,-83
706,CA-2014-138527,2014-12-09,2014-09-17,Standard Class,BN-11470,Brad Norvell,Corporate,United States,Cary,North Carolina,27511,South,OFF-AP-10001469,Office Supplies,Appliances,Fellowes 8 Outlet Superior Workstation Surge Protector,166.84,5,0.2,18.7695,-83
707,CA-2014-138527,2014-12-09,2014-09-17,Standard Class,BN-11470,Brad Norvell,Corporate,United States,Cary,North Carolina,27511,South,TEC-AC-10002399,Technology,Accessories,SanDisk Cruzer 32 GB USB Flash Drive,15.216,1,0.2,2.2824,-83
717,CA-2014-130092,2014-11-01,2014-01-14,First Class,SV-20365,Seth Vernon,Consumer,United States,Dover,Delaware,19901,East,FUR-FU-10000010,Furniture,Furnishings,"DAX Value U-Channel Document Frames, Easel Back",9.94,2,0.0,3.0814,-291
743,US-2016-146710,2016-08-27,2016-01-09,Standard Class,SS-20875,Sung Shariari,Consumer,United States,Dallas,Texas,75220,Central,OFF-SU-10004498,Office Supplies,Supplies,Martin-Yale Premier Letter Opener,51.52,5,0.2,-10.948,-231
744,US-2016-146710,2016-08-27,2016-01-09,Standard Class,SS-20875,Sung Shariari,Consumer,United States,Dallas,Texas,75220,Central,OFF-PA-10002615,Office Supplies,Paper,"Ampad Gold Fibre Wirebound Steno Books, 6"" x 9"", Gregg Ruled",3.528,1,0.2,1.1466,-231
745,US-2016-146710,2016-08-27,2016-01-09,Standard Class,SS-20875,Sung Shariari,Consumer,United States,Dallas,Texas,75220,Central,OFF-PA-10004971,Office Supplies,Paper,Xerox 196,4.624,1,0.2,1.6762,-231
746,US-2016-146710,2016-08-27,2016-01-09,Standard Class,SS-20875,Sung Shariari,Consumer,United States,Dallas,Texas,75220,Central,OFF-SU-10004261,Office Supplies,Supplies,"Fiskars 8"" Scissors, 2/Pack",55.168,4,0.2,6.2064,-231
761,CA-2015-112319,2015-08-31,2015-05-09,Standard Class,AR-10510,Andrew Roberts,Consumer,United States,Los Angeles,California,90004,West,OFF-PA-10003441,Office Supplies,Paper,Xerox 226,58.32,9,0.0,27.9936,-114
763,CA-2015-114923,2015-08-02,2015-02-13,Standard Class,LH-17020,Lisa Hazard,Consumer,United States,Columbus,Ohio,43229,East,TEC-PH-10003931,Technology,Phones,JBL Micro Wireless Portable Bluetooth Speaker,107.982,3,0.4,-26.9955,-170
777,CA-2014-165974,2014-06-29,2014-06-07,Standard Class,DL-12865,Dan Lawera,Consumer,United States,Cincinnati,Ohio,45231,East,OFF-AR-10003405,Office Supplies,Art,"Dixon My First Ticonderoga Pencil, #2",32.76,7,0.2,3.6855,-22
800,CA-2015-101910,2015-11-27,2015-03-12,Standard Class,CD-11920,Carlos Daly,Consumer,United States,Lake Elsinore,California,92530,West,FUR-CH-10002647,Furniture,Chairs,"Situations Contoured Folding Chairs, 4/Set",283.92,5,0.2,17.745,-260
804,CA-2016-115504,2016-12-03,2016-03-17,Standard Class,MC-18130,Mike Caudle,Corporate,United States,Monroe,Louisiana,71203,South,OFF-PA-10003953,Office Supplies,Paper,Xerox 218,12.96,2,0.0,6.2208,-261
818,CA-2014-140858,2014-06-28,2014-02-07,Standard Class,CA-12775,Cynthia Arntzen,Consumer,United States,Philadelphia,Pennsylvania,19140,East,OFF-PA-10000304,Office Supplies,Paper,Xerox 1995,41.472,8,0.2,14.5152,-141
819,CA-2014-140858,2014-06-28,2014-02-07,Standard Class,CA-12775,Cynthia Arntzen,Consumer,United States,Philadelphia,Pennsylvania,19140,East,OFF-BI-10003094,Office Supplies,Binders,Self-Adhesive Ring Binder Labels,3.168,3,0.7,-2.4288,-141
820,CA-2014-140858,2014-06-28,2014-02-07,Standard Class,CA-12775,Cynthia Arntzen,Consumer,United States,Philadelphia,Pennsylvania,19140,East,FUR-CH-10001394,Furniture,Chairs,Global Leather Executive Chair,1228.465,5,0.3,0.0,-141
821,CA-2014-140858,2014-06-28,2014-02-07,Standard Class,CA-12775,Cynthia Arntzen,Consumer,United States,Philadelphia,Pennsylvania,19140,East,OFF-BI-10004230,Office Supplies,Binders,GBC Recycled Grain Textured Covers,31.086,3,0.7,-22.7964,-141
822,CA-2014-140858,2014-06-28,2014-02-07,Standard Class,CA-12775,Cynthia Arntzen,Consumer,United States,Philadelphia,Pennsylvania,19140,East,OFF-PA-10003395,Office Supplies,Paper,Xerox 1941,335.52,4,0.2,117.432,-141
825,US-2014-102071,2014-09-05,2014-05-15,Standard Class,PG-18820,Patrick Gardner,Consumer,United States,San Francisco,California,94110,West,TEC-AC-10003441,Technology,Accessories,Kingston Digital DataTraveler 32GB USB 2.0,67.8,4,0.0,4.068,-113
826,US-2014-102071,2014-09-05,2014-05-15,Standard Class,PG-18820,Patrick Gardner,Consumer,United States,San Francisco,California,94110,West,TEC-AC-10000109,Technology,Accessories,Sony Micro Vault Click 16 GB USB 2.0 Flash Drive,167.97,3,0.0,40.3128,-113
853,CA-2016-113747,2016-05-28,2016-04-06,Standard Class,VD-21670,Valerie Dominguez,Consumer,United States,Jackson,Mississippi,39212,South,OFF-AR-10003373,Office Supplies,Art,"Boston School Pro Electric Pencil Sharpener, 1670",185.88,6,0.0,50.1876,-52
859,CA-2017-161984,2017-10-04,2017-04-15,Standard Class,SJ-20125,Sanjit Jacobs,Home Office,United States,New Brunswick,New Jersey,8901,East,OFF-PA-10004569,Office Supplies,Paper,"Wirebound Message Books, Two 4 1/4"" x 5"" Forms per Page",7.61,1,0.0,3.5767,-172
860,CA-2017-161984,2017-10-04,2017-04-15,Standard Class,SJ-20125,Sanjit Jacobs,Home Office,United States,New Brunswick,New Jersey,8901,East,OFF-FA-10000624,Office Supplies,Fasteners,OIC Binder Clips,7.16,2,0.0,3.58,-172
861,CA-2014-133851,2014-09-06,2014-06-16,Standard Class,CM-12445,Chuck Magee,Consumer,United States,San Francisco,California,94122,West,OFF-SU-10001225,Office Supplies,Supplies,Staple remover,7.36,2,0.0,0.1472,-82
862,CA-2014-133851,2014-09-06,2014-06-16,Standard Class,CM-12445,Chuck Magee,Consumer,United States,San Francisco,California,94122,West,OFF-AR-10003752,Office Supplies,Art,Deluxe Chalkboard Eraser Cleaner,23.1,2,0.0,10.626,-82
866,CA-2014-149020,2014-10-01,2014-01-15,Standard Class,AJ-10780,Anthony Jacobs,Corporate,United States,Springfield,Virginia,22153,South,OFF-LA-10004272,Office Supplies,Labels,Avery 482,2.89,1,0.0,1.3583,-259
867,CA-2014-149020,2014-10-01,2014-01-15,Standard Class,AJ-10780,Anthony Jacobs,Corporate,United States,Springfield,Virginia,22153,South,FUR-FU-10000965,Furniture,Furnishings,"Howard Miller 11-1/2"" Diameter Ridgewood Wall Clock",51.94,1,0.0,21.2954,-259
868,CA-2016-134362,2016-09-29,2016-02-10,First Class,LS-16945,Linda Southworth,Corporate,United States,Philadelphia,Pennsylvania,19140,East,OFF-LA-10004853,Office Supplies,Labels,Avery 483,15.936,4,0.2,5.1792,-232
880,CA-2017-111689,2017-11-30,2017-02-12,Second Class,HP-14815,Harold Pawlan,Home Office,United States,New York City,New York,10024,East,OFF-BI-10003984,Office Supplies,Binders,Lock-Up Easel 'Spel-Binder',68.472,3,0.2,23.1093,-291
881,CA-2017-111689,2017-11-30,2017-02-12,Second Class,HP-14815,Harold Pawlan,Home Office,United States,New York City,New York,10024,East,FUR-CH-10004287,Furniture,Chairs,SAFCO Arco Folding Chair,1242.9,5,0.1,262.39,-291
885,CA-2014-134061,2014-04-29,2014-04-05,Standard Class,LL-16840,Lauren Leatherbury,Consumer,United States,Rochester,New York,14609,East,FUR-FU-10001424,Furniture,Furnishings,Dax Clear Box Frame,17.46,2,0.0,5.9364,-24
887,CA-2017-115364,2017-06-26,2017-02-07,Standard Class,OT-18730,Olvera Toch,Consumer,United States,San Diego,California,92105,West,OFF-ST-10002486,Office Supplies,Storage,Eldon Shelf Savers Cubes and Bins,83.76,12,0.0,1.6752,-139
922,CA-2015-111164,2015-11-04,2015-04-15,Standard Class,SE-20110,Sanjit Engle,Consumer,United States,New York City,New York,10009,East,TEC-AC-10002473,Technology,Accessories,Maxell 4.7GB DVD-R,85.14,3,0.0,34.9074,-203
923,CA-2015-111164,2015-11-04,2015-04-15,Standard Class,SE-20110,Sanjit Engle,Consumer,United States,New York City,New York,10009,East,TEC-PH-10004531,Technology,Phones,OtterBox Commuter Series Case - iPhone 5 & 5s,21.99,1,0.0,10.5552,-203
924,CA-2015-111164,2015-11-04,2015-04-15,Standard Class,SE-20110,Sanjit Engle,Consumer,United States,New York City,New York,10009,East,OFF-AP-10004487,Office Supplies,Appliances,Kensington 4 Outlet MasterPiece Compact Power Control Center,406.6,5,0.0,113.848,-203
944,CA-2015-120880,2015-05-29,2015-03-06,Standard Class,JL-15850,John Lucas,Consumer,United States,Seattle,Washington,98105,West,OFF-PA-10004101,Office Supplies,Paper,Xerox 1894,32.4,5,0.0,15.552,-84
945,CA-2015-120880,2015-05-29,2015-03-06,Standard Class,JL-15850,John Lucas,Consumer,United States,Seattle,Washington,98105,West,OFF-ST-10001496,Office Supplies,Storage,Standard Rollaway File with Lock,540.57,3,0.0,140.5482,-84
946,CA-2015-120880,2015-05-29,2015-03-06,Standard Class,JL-15850,John Lucas,Consumer,United States,Seattle,Washington,98105,West,OFF-BI-10002931,Office Supplies,Binders,"Avery Trapezoid Extra Heavy Duty 4"" Binders",167.76,5,0.2,62.91,-84
948,US-2017-110576,2017-11-28,2017-02-12,Standard Class,RB-19795,Ross Baird,Home Office,United States,Philadelphia,Pennsylvania,19120,East,FUR-FU-10003601,Furniture,Furnishings,"Deflect-o RollaMat Studded, Beveled Mat for Medium Pile Carpeting",516.488,7,0.2,-12.9122,-289
949,US-2017-110576,2017-11-28,2017-02-12,Standard Class,RB-19795,Ross Baird,Home Office,United States,Philadelphia,Pennsylvania,19120,East,FUR-FU-10000576,Furniture,Furnishings,Luxo Professional Fluorescent Magnifier Lamp with Clamp-Mount Base,1007.232,6,0.2,75.5424,-289
950,US-2017-110576,2017-11-28,2017-02-12,Standard Class,RB-19795,Ross Baird,Home Office,United States,Philadelphia,Pennsylvania,19120,East,FUR-TA-10004154,Furniture,Tables,"Riverside Furniture Oval Coffee Table, Oval End Table, End Table with Drawer",2065.32,12,0.4,-619.596,-289
951,US-2017-110576,2017-11-28,2017-02-12,Standard Class,RB-19795,Ross Baird,Home Office,United States,Philadelphia,Pennsylvania,19120,East,OFF-PA-10000788,Office Supplies,Paper,Xerox 210,15.552,3,0.2,5.4432,-289
952,US-2017-110576,2017-11-28,2017-02-12,Standard Class,RB-19795,Ross Baird,Home Office,United States,Philadelphia,Pennsylvania,19120,East,OFF-PA-10002479,Office Supplies,Paper,Xerox 4200 Series MultiUse Premium Copy Paper (20Lb. and 84 Bright),25.344,6,0.2,7.92,-289
956,CA-2017-119305,2017-11-30,2017-04-12,Standard Class,SW-20275,Scott Williamson,Consumer,United States,Jackson,Mississippi,39212,South,OFF-ST-10000604,Office Supplies,Storage,Home/Office Personal File Carts,173.8,5,0.0,43.45,-232
962,CA-2015-160059,2015-11-27,2015-01-12,Standard Class,TB-21190,Thomas Brumley,Home Office,United States,Fayetteville,Arkansas,72701,South,OFF-BI-10000145,Office Supplies,Binders,Zipper Ring Binder Pockets,6.24,2,0.0,3.0576,-319
977,US-2017-100209,2017-09-07,2017-07-15,Standard Class,TD-20995,Tamara Dahlen,Consumer,United States,Portland,Oregon,97206,West,OFF-BI-10002012,Office Supplies,Binders,Wilson Jones Easy Flow II Sheet Lifters,1.08,2,0.7,-0.792,-54
985,CA-2017-100314,2017-09-29,2017-05-10,Standard Class,AS-10630,Ann Steele,Home Office,United States,Pasadena,Texas,77506,Central,OFF-LA-10001569,Office Supplies,Labels,Avery 499,7.968,2,0.2,2.5896,-142
986,CA-2017-100314,2017-09-29,2017-05-10,Standard Class,AS-10630,Ann Steele,Home Office,United States,Pasadena,Texas,77506,Central,OFF-EN-10000461,Office Supplies,Envelopes,"#10- 4 1/8"" x 9 1/2"" Recycled Envelopes",27.968,4,0.2,9.4392,-142
987,CA-2017-100314,2017-09-29,2017-05-10,Standard Class,AS-10630,Ann Steele,Home Office,United States,Pasadena,Texas,77506,Central,TEC-MA-10003066,Technology,Machines,Wasp CCD Handheld Bar Code Reader,336.51,3,0.4,44.868,-142
997,CA-2015-162537,2015-10-28,2015-03-11,Standard Class,RD-19585,Rob Dowd,Consumer,United States,Henderson,Kentucky,42420,South,OFF-EN-10003862,Office Supplies,Envelopes,Laser & Ink Jet Business Envelopes,10.67,1,0.0,4.9082,-231
998,CA-2015-162537,2015-10-28,2015-03-11,Standard Class,RD-19585,Rob Dowd,Consumer,United States,Henderson,Kentucky,42420,South,OFF-ST-10004258,Office Supplies,Storage,Portable Personal File Box,36.63,3,0.0,9.8901,-231
999,CA-2015-162537,2015-10-28,2015-03-11,Standard Class,RD-19585,Rob Dowd,Consumer,United States,Henderson,Kentucky,42420,South,FUR-FU-10002885,Furniture,Furnishings,Magna Visual Magnetic Picture Hangers,24.1,5,0.0,9.158,-231
1000,CA-2015-162537,2015-10-28,2015-03-11,Standard Class,RD-19585,Rob Dowd,Consumer,United States,Henderson,Kentucky,42420,South,FUR-FU-10001918,Furniture,Furnishings,C-Line Cubicle Keepers Polyproplyene Holder With Velcro Backings,33.11,7,0.0,12.9129,-231
1021,CA-2015-124450,2015-04-27,2015-03-05,Standard Class,GT-14710,Greg Tran,Consumer,United States,Washington,District of Columbia,20016,East,OFF-AR-10001166,Office Supplies,Art,Staples in misc. colors,22.74,3,0.0,8.8686,-53
1022,CA-2015-124450,2015-04-27,2015-03-05,Standard Class,GT-14710,Greg Tran,Consumer,United States,Washington,District of Columbia,20016,East,FUR-CH-10000309,Furniture,Chairs,Global Comet Stacking Arm Chair,1267.53,3,0.0,316.8825,-53
1023,CA-2015-124450,2015-04-27,2015-03-05,Standard Class,GT-14710,Greg Tran,Consumer,United States,Washington,District of Columbia,20016,East,TEC-MA-10004212,Technology,Machines,Cisco SPA525G2 5-Line IP Phone,1379.92,8,0.0,648.5624,-53
1026,CA-2016-126529,2016-11-01,2016-01-13,Second Class,DE-13255,Deanra Eno,Home Office,United States,Springfield,Ohio,45503,East,OFF-PA-10001166,Office Supplies,Paper,Xerox 2,15.552,3,0.2,5.4432,-293
1027,CA-2016-126529,2016-11-01,2016-01-13,Second Class,DE-13255,Deanra Eno,Home Office,United States,Springfield,Ohio,45503,East,OFF-PA-10003656,Office Supplies,Paper,Xerox 1935,63.312,3,0.2,20.5764,-293
1028,CA-2016-126529,2016-11-01,2016-01-13,Second Class,DE-13255,Deanra Eno,Home Office,United States,Springfield,Ohio,45503,East,TEC-PH-10000148,Technology,Phones,Cyber Acoustics AC-202b Speech Recognition Stereo Headset,15.588,2,0.4,-9.8724,-293
1029,CA-2014-163552,2014-11-07,2014-07-15,Standard Class,LA-16780,Laura Armstrong,Corporate,United States,Hackensack,New Jersey,7601,East,OFF-PA-10000474,Office Supplies,Paper,Easy-staple paper,177.2,5,0.0,83.284,-115
1030,CA-2014-163552,2014-11-07,2014-07-15,Standard Class,LA-16780,Laura Armstrong,Corporate,United States,Hackensack,New Jersey,7601,East,TEC-PH-10003885,Technology,Phones,Cisco SPA508G,197.97,3,0.0,57.4113,-115
1031,CA-2014-163552,2014-11-07,2014-07-15,Standard Class,LA-16780,Laura Armstrong,Corporate,United States,Hackensack,New Jersey,7601,East,FUR-CH-10003379,Furniture,Chairs,Global Commerce Series High-Back Swivel/Tilt Chairs,854.94,3,0.0,213.735,-115
1032,CA-2014-163552,2014-11-07,2014-07-15,Standard Class,LA-16780,Laura Armstrong,Corporate,United States,Hackensack,New Jersey,7601,East,FUR-FU-10000629,Furniture,Furnishings,9-3/4 Diameter Round Wall Clock,124.11,9,0.0,52.1262,-115
1033,CA-2014-163552,2014-11-07,2014-07-15,Standard Class,LA-16780,Laura Armstrong,Corporate,United States,Hackensack,New Jersey,7601,East,OFF-LA-10001175,Office Supplies,Labels,Avery 514,14.4,5,0.0,7.056,-115
1046,CA-2017-152702,2017-12-10,2017-10-16,Standard Class,SN-20710,Steve Nguyen,Home Office,United States,Rockford,Illinois,61107,Central,FUR-CH-10002304,Furniture,Chairs,"Global Stack Chair without Arms, Black",254.604,14,0.3,-18.186,-55
1047,CA-2016-169103,2016-08-03,2016-03-13,Standard Class,ZC-21910,Zuschuss Carroll,Consumer,United States,Miami,Florida,33142,South,TEC-PH-10001530,Technology,Phones,Cisco Unified IP Phone 7945G VoIP phone,1363.96,5,0.2,85.2475,-143
1048,CA-2016-169103,2016-08-03,2016-03-13,Standard Class,ZC-21910,Zuschuss Carroll,Consumer,United States,Miami,Florida,33142,South,FUR-FU-10004006,Furniture,Furnishings,"Deflect-o DuraMat Lighweight, Studded, Beveled Mat for Low Pile Carpeting",102.36,3,0.2,-3.8385,-143
1049,CA-2014-139192,2014-05-27,2014-01-06,Second Class,LC-16885,Lena Creighton,Consumer,United States,San Francisco,California,94109,West,TEC-PH-10000486,Technology,Phones,Plantronics HL10 Handset Lifter,1113.504,12,0.2,125.2692,-141
1050,CA-2014-139192,2014-05-27,2014-01-06,Second Class,LC-16885,Lena Creighton,Consumer,United States,San Francisco,California,94109,West,TEC-AC-10001606,Technology,Accessories,Logitech Wireless Performance Mouse MX for PC and Mac,99.99,1,0.0,37.9962,-141
1060,CA-2016-105284,2016-11-24,2016-01-12,Standard Class,MG-17650,Matthew Grinstein,Home Office,United States,Philadelphia,Pennsylvania,19143,East,OFF-FA-10001754,Office Supplies,Fasteners,Stockwell Gold Paper Clips,4.416,3,0.2,1.6008,-317
1072,CA-2016-152814,2016-04-28,2016-02-05,Standard Class,EH-14005,Erica Hernandez,Home Office,United States,Denver,Colorado,80219,West,OFF-PA-10001970,Office Supplies,Paper,Xerox 1881,29.472,3,0.2,9.9468,-83
1074,CA-2016-134348,2016-12-11,2016-11-19,Standard Class,MS-17710,Maurice Satty,Consumer,United States,Mesa,Arizona,85204,West,OFF-BI-10003727,Office Supplies,Binders,Avery Durable Slant Ring Binders With Label Holder,6.27,5,0.7,-4.598,-22
1075,CA-2016-134348,2016-12-11,2016-11-19,Standard Class,MS-17710,Maurice Satty,Consumer,United States,Mesa,Arizona,85204,West,OFF-BI-10004967,Office Supplies,Binders,Round Ring Binders,4.368,7,0.7,-3.3488,-22
1076,CA-2016-134348,2016-12-11,2016-11-19,Standard Class,MS-17710,Maurice Satty,Consumer,United States,Mesa,Arizona,85204,West,TEC-AC-10003447,Technology,Accessories,Micropad Numeric Keypads,31.984,2,0.2,1.999,-22
1081,CA-2015-110016,2015-11-29,2015-04-12,Standard Class,BT-11395,Bill Tyler,Corporate,United States,Detroit,Michigan,48227,Central,OFF-PA-10000349,Office Supplies,Paper,Easy-staple paper,19.92,4,0.0,9.3624,-231
1082,CA-2015-110016,2015-11-29,2015-04-12,Standard Class,BT-11395,Bill Tyler,Corporate,United States,Detroit,Michigan,48227,Central,FUR-CH-10002880,Furniture,Chairs,"Global High-Back Leather Tilter, Burgundy",1106.91,9,0.0,121.7601,-231
1130,CA-2016-112102,2016-12-04,2016-04-16,Standard Class,BD-11605,Brian Dahlen,Consumer,United States,Springfield,Virginia,22153,South,FUR-TA-10004086,Furniture,Tables,KI Adjustable-Height Table,343.92,4,0.0,75.6624,-232
1131,CA-2016-112102,2016-12-04,2016-04-16,Standard Class,BD-11605,Brian Dahlen,Consumer,United States,Springfield,Virginia,22153,South,OFF-PA-10000100,Office Supplies,Paper,Xerox 1945,40.99,1,0.0,20.0851,-232
1132,CA-2016-112102,2016-12-04,2016-04-16,Standard Class,BD-11605,Brian Dahlen,Consumer,United States,Springfield,Virginia,22153,South,OFF-EN-10002500,Office Supplies,Envelopes,Globe Weis Peel & Seel First Class Envelopes,63.9,5,0.0,28.755,-232
1137,CA-2016-152170,2016-12-11,2016-11-15,Second Class,FH-14275,Frank Hawley,Corporate,United States,La Porte,Indiana,46350,Central,OFF-EN-10002831,Office Supplies,Envelopes,"Tyvek  Top-Opening Peel & Seel  Envelopes, Gray",287.52,8,0.0,129.384,-26
1138,CA-2016-152170,2016-12-11,2016-11-15,Second Class,FH-14275,Frank Hawley,Corporate,United States,La Porte,Indiana,46350,Central,OFF-AP-10002350,Office Supplies,Appliances,Belkin F9H710-06 7 Outlet SurgeMaster Surge Protector,37.68,2,0.0,10.5504,-26
1139,CA-2016-152170,2016-12-11,2016-11-15,Second Class,FH-14275,Frank Hawley,Corporate,United States,La Porte,Indiana,46350,Central,OFF-PA-10001763,Office Supplies,Paper,Xerox 1896,19.98,2,0.0,8.991,-26
1140,CA-2016-152170,2016-12-11,2016-11-15,Second Class,FH-14275,Frank Hawley,Corporate,United States,La Porte,Indiana,46350,Central,OFF-AR-10003394,Office Supplies,Art,Newell 332,20.58,7,0.0,5.5566,-26
1141,CA-2016-152170,2016-12-11,2016-11-15,Second Class,FH-14275,Frank Hawley,Corporate,United States,La Porte,Indiana,46350,Central,OFF-BI-10002072,Office Supplies,Binders,Cardinal Slant-D Ring Binders,17.38,2,0.0,8.69,-26
1142,CA-2014-146969,2014-09-29,2014-03-10,Standard Class,AP-10915,Arthur Prichep,Consumer,United States,Los Angeles,California,90045,West,FUR-FU-10004188,Furniture,Furnishings,Luxo Professional Combination Clamp-On Lamps,204.6,2,0.0,53.196,-203
1143,CA-2014-146969,2014-09-29,2014-03-10,Standard Class,AP-10915,Arthur Prichep,Consumer,United States,Los Angeles,California,90045,West,OFF-FA-10001561,Office Supplies,Fasteners,Stockwell Push Pins,8.72,4,0.0,2.8776,-203
1144,CA-2014-146969,2014-09-29,2014-03-10,Standard Class,AP-10915,Arthur Prichep,Consumer,United States,Los Angeles,California,90045,West,OFF-PA-10002105,Office Supplies,Paper,Xerox 223,6.48,1,0.0,3.1104,-203
1145,CA-2014-146969,2014-09-29,2014-03-10,Standard Class,AP-10915,Arthur Prichep,Consumer,United States,Los Angeles,California,90045,West,TEC-MA-10004241,Technology,Machines,Star Micronics TSP800 TSP847IIU Receipt Printer,686.32,2,0.2,223.054,-203
1146,CA-2014-146969,2014-09-29,2014-03-10,Standard Class,AP-10915,Arthur Prichep,Consumer,United States,Los Angeles,California,90045,West,OFF-ST-10004340,Office Supplies,Storage,"Fellowes Mobile File Cart, Black",62.18,1,0.0,16.7886,-203
1152,CA-2015-113971,2015-08-05,2015-05-14,Standard Class,CB-12535,Claudia Bergmann,Corporate,United States,Cuyahoga Falls,Ohio,44221,East,FUR-FU-10001852,Furniture,Furnishings,"Eldon Regeneration Recycled Desk Accessories, Smoke",8.352,6,0.2,1.2528,-83
1160,CA-2017-147039,2017-06-29,2017-04-07,Standard Class,AA-10315,Alex Avila,Consumer,United States,Minneapolis,Minnesota,55407,Central,OFF-AP-10000576,Office Supplies,Appliances,"Belkin 325VA UPS Surge Protector, 6'",362.94,3,0.0,90.735,-83
1161,CA-2017-147039,2017-06-29,2017-04-07,Standard Class,AA-10315,Alex Avila,Consumer,United States,Minneapolis,Minnesota,55407,Central,OFF-BI-10004654,Office Supplies,Binders,Avery Binding System Hidden Tab Executive Style Index Sets,11.54,2,0.0,5.77,-83
1172,US-2014-100279,2014-10-03,2014-03-14,Standard Class,SW-20275,Scott Williamson,Consumer,United States,Royal Oak,Michigan,48073,Central,OFF-PA-10002259,Office Supplies,Paper,"Geographics Note Cards, Blank, White, 8 1/2"" x 11""",22.38,2,0.0,10.7424,-203
1176,CA-2016-161207,2016-08-29,2016-03-09,Standard Class,AB-10060,Adam Bellavance,Home Office,United States,Concord,New Hampshire,3301,East,OFF-SU-10000381,Office Supplies,Supplies,Acme Forged Steel Scissors with Black Enamel Handles,27.93,3,0.0,8.0997,-173
1221,CA-2014-110184,2014-12-07,2014-07-16,Standard Class,BF-11170,Ben Ferrer,Home Office,United States,Los Angeles,California,90036,West,OFF-ST-10000107,Office Supplies,Storage,Fellowes Super Stor/Drawer,249.75,9,0.0,44.955,-144
1222,CA-2014-110184,2014-12-07,2014-07-16,Standard Class,BF-11170,Ben Ferrer,Home Office,United States,Los Angeles,California,90036,West,TEC-PH-10000439,Technology,Phones,GE DSL Phone Line Filter,255.936,8,0.2,28.7928,-144
1232,CA-2015-132570,2015-10-31,2015-02-11,Second Class,KT-16480,Kean Thornton,Consumer,United States,Buffalo,New York,14215,East,OFF-AR-10000369,Office Supplies,Art,Design Ebony Sketching Pencil,2.78,2,0.0,0.7228,-262
1233,CA-2015-132570,2015-10-31,2015-02-11,Second Class,KT-16480,Kean Thornton,Consumer,United States,Buffalo,New York,14215,East,OFF-EN-10003055,Office Supplies,Envelopes,"Blue String-Tie & Button Interoffice Envelopes, 10 x 13",79.96,2,0.0,35.982,-262
1234,CA-2016-153682,2016-05-30,2016-01-06,First Class,BG-11695,Brooke Gillingham,Corporate,United States,Cincinnati,Ohio,45231,East,TEC-CO-10001046,Technology,Copiers,Canon Imageclass D680 Copier / Fax,839.988,2,0.4,69.999,-145
1239,CA-2014-127012,2014-11-08,2014-08-15,Standard Class,GM-14680,Greg Matthias,Consumer,United States,Seattle,Washington,98105,West,FUR-FU-10003691,Furniture,Furnishings,"Eldon Image Series Desk Accessories, Ebony",12.35,1,0.0,5.434,-85
1240,CA-2014-127012,2014-11-08,2014-08-15,Standard Class,GM-14680,Greg Matthias,Consumer,United States,Seattle,Washington,98105,West,OFF-AR-10003903,Office Supplies,Art,Sanford 52201 APSCO Electric Pencil Sharpener,40.97,1,0.0,10.6522,-85
1241,CA-2014-127012,2014-11-08,2014-08-15,Standard Class,GM-14680,Greg Matthias,Consumer,United States,Seattle,Washington,98105,West,OFF-FA-10004854,Office Supplies,Fasteners,"Vinyl Coated Wire Paper Clips in Organizer Box, 800/Box",22.96,2,0.0,10.7912,-85
1242,CA-2016-128727,2016-08-29,2016-04-09,Standard Class,MO-17800,Meg O'Connel,Home Office,United States,New York City,New York,10024,East,TEC-PH-10003442,Technology,Phones,Samsung Replacement EH64AVFWE Premium Headset,22.0,4,0.0,5.5,-142
1254,CA-2017-144638,2017-10-03,2017-03-14,Standard Class,MH-18115,Mick Hernandez,Home Office,United States,Chester,Pennsylvania,19013,East,OFF-AR-10003958,Office Supplies,Art,Newell 337,5.248,2,0.2,0.5904,-203
1255,CA-2017-144638,2017-10-03,2017-03-14,Standard Class,MH-18115,Mick Hernandez,Home Office,United States,Chester,Pennsylvania,19013,East,TEC-PH-10000149,Technology,Phones,Cisco SPA525G2 IP Phone - Wireless,35.91,3,0.4,-8.379,-203
1256,CA-2017-144638,2017-10-03,2017-03-14,Standard Class,MH-18115,Mick Hernandez,Home Office,United States,Chester,Pennsylvania,19013,East,FUR-FU-10003724,Furniture,Furnishings,Westinghouse Clip-On Gooseneck Lamps,6.696,1,0.2,0.5022,-203
1257,CA-2017-144638,2017-10-03,2017-03-14,Standard Class,MH-18115,Mick Hernandez,Home Office,United States,Chester,Pennsylvania,19013,East,FUR-FU-10003535,Furniture,Furnishings,Howard Miller Distant Time Traveler Alarm Clock,43.872,2,0.2,11.5164,-203
1262,US-2016-144393,2016-10-28,2016-04-11,Standard Class,SM-20950,Suzanne McNair,Corporate,United States,Greenville,North Carolina,27834,South,OFF-BI-10004236,Office Supplies,Binders,"XtraLife ClearVue Slant-D Ring Binder, White, 3""",17.616,4,0.7,-14.0928,-200
1286,CA-2016-119445,2016-06-26,2016-03-07,Standard Class,GM-14500,Gene McClure,Consumer,United States,Providence,Rhode Island,2908,East,OFF-ST-10000617,Office Supplies,Storage,Woodgrain Magazine Files by Perma,14.9,5,0.0,1.043,-111
1293,CA-2015-101707,2015-08-27,2015-01-09,Standard Class,PF-19165,Philip Fox,Consumer,United States,San Diego,California,92105,West,OFF-SU-10001218,Office Supplies,Supplies,Fiskars Softgrip Scissors,32.94,3,0.0,9.2232,-230
1294,CA-2015-101707,2015-08-27,2015-01-09,Standard Class,PF-19165,Philip Fox,Consumer,United States,San Diego,California,92105,West,OFF-PA-10002968,Office Supplies,Paper,Xerox 1973,114.2,5,0.0,52.532,-230
1295,CA-2015-101707,2015-08-27,2015-01-09,Standard Class,PF-19165,Philip Fox,Consumer,United States,San Diego,California,92105,West,OFF-LA-10000134,Office Supplies,Labels,Avery 511,3.08,1,0.0,1.4784,-230
1314,US-2016-134488,2016-09-24,2016-01-10,Standard Class,PK-19075,Pete Kriz,Consumer,United States,Columbus,Ohio,43229,East,FUR-CH-10003199,Furniture,Chairs,Office Star - Contemporary Task Swivel Chair,155.372,2,0.3,-13.3176,-258
1325,CA-2014-107153,2014-09-28,2014-03-10,Standard Class,GZ-14545,George Zrebassa,Corporate,United States,Lawrence,Massachusetts,1841,East,OFF-ST-10001321,Office Supplies,Storage,"Decoflex Hanging Personal Folder File, Blue",46.26,3,0.0,12.4902,-202
1328,CA-2016-128258,2016-03-30,2016-01-04,First Class,CP-12085,Cathy Prescott,Corporate,United States,Norwich,Connecticut,6360,East,OFF-PA-10004156,Office Supplies,Paper,Xerox 188,11.34,1,0.0,5.5566,-86
1338,CA-2017-100524,2017-03-31,2017-02-04,Second Class,CM-12115,Chad McGuire,Consumer,United States,New York City,New York,10011,East,FUR-FU-10004018,Furniture,Furnishings,Tensor Computer Mounted Lamp,29.78,2,0.0,8.0406,-55
1339,CA-2017-100524,2017-03-31,2017-02-04,Second Class,CM-12115,Chad McGuire,Consumer,United States,New York City,New York,10011,East,TEC-PH-10002549,Technology,Phones,Polycom SoundPoint IP 450 VoIP phone,677.58,3,0.0,176.1708,-55
1340,CA-2017-100524,2017-03-31,2017-02-04,Second Class,CM-12115,Chad McGuire,Consumer,United States,New York City,New York,10011,East,OFF-PA-10004911,Office Supplies,Paper,"Rediform S.O.S. 1-Up Phone Message Bk, 4-1/4x3-1/16 Bk, 1 Form/Pg, 40 Messages/Bk, 3/Pk",75.04,8,0.0,36.0192,-55
1344,CA-2015-131758,2015-05-28,2015-01-06,Standard Class,KB-16315,Karl Braun,Consumer,United States,Freeport,New York,11520,East,OFF-AR-10000411,Office Supplies,Art,Boston 16701 Slimline Battery Pencil Sharpener,47.82,3,0.0,14.346,-142
1345,CA-2015-131758,2015-05-28,2015-01-06,Standard Class,KB-16315,Karl Braun,Consumer,United States,Freeport,New York,11520,East,OFF-LA-10000262,Office Supplies,Labels,Avery 494,13.05,5,0.0,6.003,-142
1360,US-2014-151925,2014-09-26,2014-01-10,Second Class,KT-16465,Kean Takahito,Consumer,United States,Los Angeles,California,90049,West,FUR-CH-10002961,Furniture,Chairs,"Leather Task Chair, Black",145.568,2,0.2,0.0,-259
1412,CA-2016-136329,2016-09-07,2016-07-13,Standard Class,JD-15895,Jonathan Doherty,Corporate,United States,New York City,New York,10035,East,FUR-CH-10002335,Furniture,Chairs,Hon GuestStacker Chair,408.006,2,0.1,72.5344,-56
1413,CA-2016-136329,2016-09-07,2016-07-13,Standard Class,JD-15895,Jonathan Doherty,Corporate,United States,New York City,New York,10035,East,FUR-FU-10000723,Furniture,Furnishings,"Deflect-o EconoMat Studded, No Bevel Mat for Low Pile Carpeting",165.28,4,0.0,14.8752,-56
1414,CA-2014-146640,2014-06-30,2014-05-07,Standard Class,HA-14905,Helen Abelman,Consumer,United States,New York City,New York,10024,East,OFF-BI-10002867,Office Supplies,Binders,GBC Recycled Regency Composition Covers,334.768,7,0.2,108.7996,-54
1427,US-2015-164448,2015-10-31,2015-04-11,Second Class,DK-12835,Damala Kotsonis,Corporate,United States,Salinas,California,93905,West,OFF-BI-10002949,Office Supplies,Binders,Prestige Round Ring Binders,9.728,2,0.2,3.2832,-203
1428,US-2015-164448,2015-10-31,2015-04-11,Second Class,DK-12835,Damala Kotsonis,Corporate,United States,Salinas,California,93905,West,OFF-EN-10002600,Office Supplies,Envelopes,"Redi-Strip #10 Envelopes, 4 1/8 x 9 1/2",14.75,5,0.0,7.08,-203
1429,US-2015-164448,2015-10-31,2015-04-11,Second Class,DK-12835,Damala Kotsonis,Corporate,United States,Salinas,California,93905,West,OFF-BI-10003708,Office Supplies,Binders,"Acco Four Pocket Poly Ring Binder with Label Holder, Smoke, 1""",29.8,5,0.2,9.3125,-203
1430,US-2015-164448,2015-10-31,2015-04-11,Second Class,DK-12835,Damala Kotsonis,Corporate,United States,Salinas,California,93905,West,OFF-LA-10003510,Office Supplies,Labels,"Avery 4027 File Folder Labels for Dot Matrix Printers, 5000 Labels per Box, White",427.42,14,0.0,196.6132,-203
1440,CA-2017-122735,2017-12-04,2017-04-15,Second Class,BD-11320,Bill Donatelli,Consumer,United States,Providence,Rhode Island,2908,East,OFF-BI-10004364,Office Supplies,Binders,Storex Dura Pro Binders,29.7,5,0.0,13.365,-233
1441,CA-2017-122735,2017-12-04,2017-04-15,Second Class,BD-11320,Bill Donatelli,Consumer,United States,Providence,Rhode Island,2908,East,OFF-PA-10001712,Office Supplies,Paper,Xerox 1948,39.96,4,0.0,17.982,-233
1456,CA-2017-148474,2017-12-06,2017-06-19,Standard Class,ME-17320,Maria Etezadi,Home Office,United States,Columbus,Georgia,31907,South,OFF-BI-10000977,Office Supplies,Binders,Ibico Plastic Spiral Binding Combs,91.2,3,0.0,41.952,-170
1457,CA-2017-148474,2017-12-06,2017-06-19,Standard Class,ME-17320,Maria Etezadi,Home Office,United States,Columbus,Georgia,31907,South,FUR-TA-10002530,Furniture,Tables,"Iceberg OfficeWorks 42"" Round Tables",452.94,3,0.0,67.941,-170
1459,CA-2016-123722,2016-09-25,2016-01-10,Standard Class,NH-18610,Nicole Hansen,Corporate,United States,Irving,Texas,75061,Central,OFF-LA-10001569,Office Supplies,Labels,Avery 499,15.936,4,0.2,5.1792,-259
1462,US-2016-128902,2016-11-03,2016-03-15,Standard Class,MB-18085,Mick Brown,Consumer,United States,Vineland,New Jersey,8360,East,FUR-TA-10001095,Furniture,Tables,Chromcraft Round Conference Tables,244.006,2,0.3,-31.3722,-233
1473,CA-2017-164959,2017-11-07,2017-07-15,Standard Class,KN-16390,Katherine Nockton,Corporate,United States,Los Angeles,California,90004,West,OFF-LA-10004272,Office Supplies,Labels,Avery 482,8.67,3,0.0,4.0749,-115
1486,CA-2014-119032,2014-11-27,2014-03-12,Standard Class,MS-17770,Maxwell Schwartz,Consumer,United States,New York City,New York,10035,East,OFF-FA-10003021,Office Supplies,Fasteners,Staples,3.76,2,0.0,1.316,-260
1490,CA-2014-136280,2014-11-29,2014-06-12,Standard Class,Co-12640,Corey-Lock,Consumer,United States,Philadelphia,Pennsylvania,19143,East,OFF-LA-10000452,Office Supplies,Labels,Avery 488,5.04,2,0.2,1.764,-170
1494,CA-2017-139661,2017-10-30,2017-03-11,Standard Class,JW-15220,Jane Waco,Corporate,United States,Vancouver,Washington,98661,West,FUR-FU-10002885,Furniture,Furnishings,Magna Visual Magnetic Picture Hangers,9.64,2,0.0,3.6632,-233
1500,CA-2017-130386,2017-12-11,2017-11-18,Standard Class,NG-18430,Nathan Gelder,Consumer,United States,Austin,Texas,78745,Central,OFF-PA-10002749,Office Supplies,Paper,"Wirebound Message Books, 5-1/2 x 4 Forms, 2 or 4 Forms per Page",16.056,3,0.2,5.8203,-23
1501,CA-2017-130386,2017-12-11,2017-11-18,Standard Class,NG-18430,Nathan Gelder,Consumer,United States,Austin,Texas,78745,Central,OFF-PA-10003823,Office Supplies,Paper,Xerox 197,223.056,9,0.2,69.705,-23
1502,CA-2017-130386,2017-12-11,2017-11-18,Standard Class,NG-18430,Nathan Gelder,Consumer,United States,Austin,Texas,78745,Central,OFF-ST-10003716,Office Supplies,Storage,Tennsco Double-Tier Lockers,540.048,3,0.2,-47.2542,-23
1503,CA-2016-100468,2016-11-24,2016-01-12,Standard Class,AT-10435,Alyssa Tate,Home Office,United States,Los Angeles,California,90045,West,TEC-PH-10001300,Technology,Phones,"iKross Bluetooth Portable Keyboard + Cell Phone Stand Holder + Brush for Apple iPhone 5S 5C 5, 4S 4",33.52,2,0.2,3.352,-317
1504,CA-2016-100468,2016-11-24,2016-01-12,Standard Class,AT-10435,Alyssa Tate,Home Office,United States,Los Angeles,California,90045,West,FUR-FU-10000010,Furniture,Furnishings,"DAX Value U-Channel Document Frames, Easel Back",9.94,2,0.0,3.0814,-317
1510,CA-2017-103611,2017-12-09,2017-09-15,First Class,JM-15535,Jessica Myrick,Consumer,United States,Los Angeles,California,90036,West,FUR-FU-10004270,Furniture,Furnishings,"Eldon Image Series Desk Accessories, Burgundy",8.36,2,0.0,3.0096,-85
1511,CA-2017-100384,2017-06-24,2017-01-07,Standard Class,NH-18610,Nicole Hansen,Corporate,United States,Pomona,California,91767,West,OFF-AR-10002135,Office Supplies,Art,Boston Heavy-Duty Trimline Electric Pencil Sharpeners,385.6,8,0.0,111.824,-168
1512,CA-2017-100384,2017-06-24,2017-01-07,Standard Class,NH-18610,Nicole Hansen,Corporate,United States,Pomona,California,91767,West,OFF-AR-10003514,Office Supplies,Art,4009 Highlighters by Sanford,35.82,9,0.0,11.8206,-168
1520,CA-2017-116204,2017-11-02,2017-02-14,Second Class,VW-21775,Victoria Wilson,Corporate,United States,San Francisco,California,94110,West,OFF-BI-10001759,Office Supplies,Binders,"Acco Pressboard Covers with Storage Hooks, 14 7/8"" x 11"", Dark Blue",21.336,7,0.2,7.7343,-261
1532,CA-2017-159884,2017-08-31,2017-05-09,Standard Class,JF-15490,Jeremy Farry,Consumer,United States,Tempe,Arizona,85281,West,OFF-ST-10000344,Office Supplies,Storage,"Neat Ideas Personal Hanging Folder Files, Black",10.744,1,0.2,0.8058,-114
1533,CA-2017-159884,2017-08-31,2017-05-09,Standard Class,JF-15490,Jeremy Farry,Consumer,United States,Tempe,Arizona,85281,West,OFF-FA-10000585,Office Supplies,Fasteners,OIC Bulk Pack Metal Binder Clips,8.376,3,0.2,2.7222,-114
1535,CA-2017-124086,2017-10-02,2017-02-14,Standard Class,MP-18175,Mike Pelletier,Home Office,United States,Laguna Niguel,California,92677,West,FUR-BO-10004015,Furniture,Bookcases,"Bush Andora Bookcase, Maple/Graphite Gray Finish",203.983,2,0.15,16.7986,-230
1536,CA-2016-112389,2016-10-29,2016-02-11,Standard Class,JM-15655,Jim Mitchum,Corporate,United States,Bridgeton,New Jersey,8302,East,OFF-ST-10000419,Office Supplies,Storage,"Rogers Jumbo File, Granite",40.74,3,0.0,0.4074,-261
1537,CA-2016-112389,2016-10-29,2016-02-11,Standard Class,JM-15655,Jim Mitchum,Corporate,United States,Bridgeton,New Jersey,8302,East,OFF-AP-10001626,Office Supplies,Appliances,"Commercial WindTunnel Clean Air Upright Vacuum, Replacement Belts, Filtration Bags",11.67,3,0.0,3.0342,-261
1542,CA-2014-166884,2014-11-03,2014-03-16,Second Class,CK-12205,Chloris Kastensmidt,Consumer,United States,Columbus,Ohio,43229,East,FUR-FU-10003981,Furniture,Furnishings,Eldon Wave Desk Accessories,8.32,5,0.2,2.288,-232
1543,CA-2014-166884,2014-11-03,2014-03-16,Second Class,CK-12205,Chloris Kastensmidt,Consumer,United States,Columbus,Ohio,43229,East,OFF-FA-10001561,Office Supplies,Fasteners,Stockwell Push Pins,10.464,6,0.2,1.7004,-232
1555,CA-2015-111507,2015-06-02,2015-02-13,Standard Class,VW-21775,Victoria Wilson,Corporate,United States,Bellevue,Washington,98006,West,OFF-AR-10001315,Office Supplies,Art,Newell 310,5.28,3,0.0,1.5312,-109
1557,CA-2016-109176,2016-09-05,2016-05-15,Standard Class,JW-16075,Julia West,Consumer,United States,Philadelphia,Pennsylvania,19140,East,OFF-EN-10003134,Office Supplies,Envelopes,Staple envelope,9.344,1,0.2,3.504,-113
1558,CA-2016-109176,2016-09-05,2016-05-15,Standard Class,JW-16075,Julia West,Consumer,United States,Philadelphia,Pennsylvania,19140,East,OFF-AR-10001955,Office Supplies,Art,Newell 319,79.36,5,0.2,9.92,-113
1560,CA-2016-126809,2016-09-04,2016-04-13,Standard Class,EB-13750,Edward Becker,Corporate,United States,Seattle,Washington,98103,West,OFF-BI-10003712,Office Supplies,Binders,"Acco Pressboard Covers with Storage Hooks, 14 7/8"" x 11"", Light Blue",35.352,9,0.2,12.8151,-144
1579,CA-2016-102456,2016-02-27,2016-01-03,First Class,DL-12865,Dan Lawera,Consumer,United States,New York City,New York,10011,East,OFF-AP-10004336,Office Supplies,Appliances,"Conquest 14 Commercial Heavy-Duty Upright Vacuum, Collection System, Accessory Kit",170.88,3,0.0,49.5552,-55
1590,CA-2016-109911,2016-12-05,2016-05-16,Standard Class,VG-21805,Vivek Grady,Corporate,United States,Virginia Beach,Virginia,23464,South,OFF-AR-10001662,Office Supplies,Art,Rogers Handheld Barrel Pencil Sharpener,10.96,4,0.0,2.9592,-203
1602,CA-2016-164672,2016-08-05,2016-05-13,Second Class,GB-14530,George Bell,Corporate,United States,Dover,Delaware,19901,East,FUR-FU-10001488,Furniture,Furnishings,"Tenex 46"" x 60"" Computer Anti-Static Chairmat, Rectangular Shaped",211.96,2,0.0,42.392,-84
1604,CA-2017-116645,2017-11-30,2017-04-12,Standard Class,ME-17725,Max Engle,Consumer,United States,Newark,Delaware,19711,East,OFF-AR-10001044,Office Supplies,Art,"BOSTON Ranger #55 Pencil Sharpener, Black",155.94,6,0.0,45.2226,-232
1616,CA-2015-130022,2015-10-08,2015-08-16,Standard Class,JK-16120,Julie Kriz,Home Office,United States,Eagan,Minnesota,55122,Central,OFF-LA-10002787,Office Supplies,Labels,Avery 480,3.75,1,0.0,1.8,-53
1617,CA-2015-130022,2015-10-08,2015-08-16,Standard Class,JK-16120,Julie Kriz,Home Office,United States,Eagan,Minnesota,55122,Central,OFF-LA-10002043,Office Supplies,Labels,Avery 489,41.4,4,0.0,19.872,-53
1618,CA-2015-130022,2015-10-08,2015-08-16,Standard Class,JK-16120,Julie Kriz,Home Office,United States,Eagan,Minnesota,55122,Central,OFF-AR-10001915,Office Supplies,Art,Peel-Off China Markers,29.79,3,0.0,12.5118,-53
1619,US-2016-118780,2016-10-09,2016-09-14,Second Class,PN-18775,Parhena Norris,Home Office,United States,New York City,New York,10011,East,OFF-ST-10000352,Office Supplies,Storage,Acco Perma 2700 Stacking Storage Drawers,59.48,2,0.0,8.922,-25
1620,US-2016-118780,2016-10-09,2016-09-14,Second Class,PN-18775,Parhena Norris,Home Office,United States,New York City,New York,10011,East,OFF-PA-10000575,Office Supplies,Paper,"Wirebound Message Books, Four 2 3/4 x 5 White Forms per Page",6.69,1,0.0,3.0774,-25
1621,CA-2017-108560,2017-08-07,2017-07-15,Standard Class,JC-15385,Jenna Caffey,Consumer,United States,Kent,Washington,98031,West,FUR-FU-10002937,Furniture,Furnishings,"GE 48"" Fluorescent Tube, Cool White Energy Saver, 34 Watts, 30/Box",198.46,2,0.0,99.23,-23
1622,CA-2017-108560,2017-08-07,2017-07-15,Standard Class,JC-15385,Jenna Caffey,Consumer,United States,Kent,Washington,98031,West,OFF-LA-10003930,Office Supplies,Labels,"Dot Matrix Printer Tape Reel Labels, White, 5000/Box",786.48,8,0.0,385.3752,-23
1623,CA-2017-108560,2017-08-07,2017-07-15,Standard Class,JC-15385,Jenna Caffey,Consumer,United States,Kent,Washington,98031,West,OFF-BI-10001107,Office Supplies,Binders,"GBC White Gloss Covers, Plain Front",23.168,2,0.2,7.8192,-23
1624,CA-2017-108560,2017-08-07,2017-07-15,Standard Class,JC-15385,Jenna Caffey,Consumer,United States,Kent,Washington,98031,West,TEC-AC-10003063,Technology,Accessories,Micro Innovations USB RF Wireless Keyboard with Mouse,50.0,2,0.0,10.5,-23
1636,CA-2014-168984,2014-11-26,2014-02-12,Standard Class,NW-18400,Natalie Webber,Consumer,United States,Tigard,Oregon,97224,West,OFF-PA-10001166,Office Supplies,Paper,Xerox 2,15.552,3,0.2,5.4432,-287
1637,CA-2014-168984,2014-11-26,2014-02-12,Standard Class,NW-18400,Natalie Webber,Consumer,United States,Tigard,Oregon,97224,West,OFF-ST-10001097,Office Supplies,Storage,Office Impressions Heavy Duty Welded Shelving & Multimedia Storage Drawers,669.08,5,0.2,-167.27,-287
1638,CA-2014-168984,2014-11-26,2014-02-12,Standard Class,NW-18400,Natalie Webber,Consumer,United States,Tigard,Oregon,97224,West,TEC-PH-10000038,Technology,Phones,Jawbone MINI JAMBOX Wireless Bluetooth Speaker,438.336,4,0.2,-87.6672,-287
1639,CA-2016-157266,2016-05-26,2016-01-06,Standard Class,TB-21280,Toby Braunhardt,Consumer,United States,Washington,District of Columbia,20016,East,OFF-PA-10002689,Office Supplies,Paper,Weyerhaeuser First Choice Laser/Copy Paper (20Lb. and 88 Bright),19.44,3,0.0,9.3312,-141
1640,CA-2016-157266,2016-05-26,2016-01-06,Standard Class,TB-21280,Toby Braunhardt,Consumer,United States,Washington,District of Columbia,20016,East,OFF-BI-10004728,Office Supplies,Binders,Wilson Jones Turn Tabs Binder Tool for Ring Binders,9.64,2,0.0,4.4344,-141
1641,CA-2016-157266,2016-05-26,2016-01-06,Standard Class,TB-21280,Toby Braunhardt,Consumer,United States,Washington,District of Columbia,20016,East,OFF-PA-10004675,Office Supplies,Paper,"Telephone Message Books with Fax/Mobile Section, 5 1/2"" x 3 3/16""",12.7,2,0.0,5.842,-141
1642,CA-2016-157266,2016-05-26,2016-01-06,Standard Class,TB-21280,Toby Braunhardt,Consumer,United States,Washington,District of Columbia,20016,East,FUR-FU-10000629,Furniture,Furnishings,9-3/4 Diameter Round Wall Clock,41.37,3,0.0,17.3754,-141
1643,US-2014-134712,2014-11-29,2014-04-12,Standard Class,BS-11380,Bill Stewart,Corporate,United States,Skokie,Illinois,60076,Central,OFF-FA-10003112,Office Supplies,Fasteners,Staples,12.624,2,0.2,3.945,-231
1658,CA-2014-127159,2014-12-05,2014-05-15,First Class,HL-15040,Hunter Lopez,Consumer,United States,Milwaukee,Wisconsin,53209,Central,FUR-FU-10000010,Furniture,Furnishings,"DAX Value U-Channel Document Frames, Easel Back",34.79,7,0.0,10.7849,-204
1660,CA-2017-127285,2017-10-30,2017-06-11,Standard Class,MM-18055,Michelle Moray,Consumer,United States,Seattle,Washington,98115,West,OFF-BI-10004330,Office Supplies,Binders,"GBC Velobind Prepunched Cover Sets, Regency Series",88.752,3,0.2,27.735,-141
1661,CA-2017-127285,2017-10-30,2017-06-11,Standard Class,MM-18055,Michelle Moray,Consumer,United States,Seattle,Washington,98115,West,OFF-BI-10002072,Office Supplies,Binders,Cardinal Slant-D Ring Binders,13.904,2,0.2,5.214,-141
1670,US-2015-157154,2015-10-01,2015-01-15,Standard Class,MM-17920,Michael Moore,Consumer,United States,New York City,New York,10011,East,FUR-TA-10001889,Furniture,Tables,Bush Advantage Collection Racetrack Conference Table,1018.104,4,0.4,-373.3048,-259
1683,US-2016-101497,2016-09-29,2016-01-10,Second Class,PS-18760,Pamela Stobb,Consumer,United States,Los Angeles,California,90008,West,OFF-PA-10000176,Office Supplies,Paper,Xerox 1887,18.97,1,0.0,9.1056,-263
1707,CA-2017-123491,2017-10-30,2017-05-11,Standard Class,JK-15205,Jamie Kunitz,Consumer,United States,San Francisco,California,94122,West,OFF-LA-10003077,Office Supplies,Labels,Avery 500,43.86,6,0.0,20.6142,-172
1708,CA-2017-123491,2017-10-30,2017-05-11,Standard Class,JK-15205,Jamie Kunitz,Consumer,United States,San Francisco,California,94122,West,TEC-PH-10003505,Technology,Phones,Geemarc AmpliPOWER60,148.48,2,0.2,16.704,-172
1709,CA-2017-123491,2017-10-30,2017-05-11,Standard Class,JK-15205,Jamie Kunitz,Consumer,United States,San Francisco,California,94122,West,OFF-PA-10003424,Office Supplies,Paper,"""While you Were Out"" Message Book, One Form per Page",7.42,2,0.0,3.71,-172
1710,CA-2017-123491,2017-10-30,2017-05-11,Standard Class,JK-15205,Jamie Kunitz,Consumer,United States,San Francisco,California,94122,West,FUR-CH-10003061,Furniture,Chairs,"Global Leather Task Chair, Black",71.992,1,0.2,-0.8999,-172
1711,CA-2017-123491,2017-10-30,2017-05-11,Standard Class,JK-15205,Jamie Kunitz,Consumer,United States,San Francisco,California,94122,West,OFF-AR-10003514,Office Supplies,Art,4009 Highlighters by Sanford,19.9,5,0.0,6.567,-172
1712,CA-2017-123491,2017-10-30,2017-05-11,Standard Class,JK-15205,Jamie Kunitz,Consumer,United States,San Francisco,California,94122,West,OFF-AP-10002684,Office Supplies,Appliances,"Acco 7-Outlet Masterpiece Power Center, Wihtout Fax/Phone Line Protection",1702.12,14,0.0,510.636,-172
1716,CA-2016-154788,2016-04-30,2016-04-05,Standard Class,JL-15835,John Lee,Consumer,United States,New York City,New York,10011,East,OFF-BI-10003314,Office Supplies,Binders,Tuff Stuff Recycled Round Ring Binders,7.712,2,0.2,2.7956,-25
1728,US-2017-164056,2017-04-29,2017-04-05,Second Class,FM-14215,Filia McAdams,Corporate,United States,Dublin,Ohio,43017,East,FUR-TA-10001307,Furniture,Tables,"SAFCO PlanMaster Heigh-Adjustable Drafting Table Base, 43w x 30d x 30-37h, Black",1048.35,5,0.4,-69.89,-24
1731,CA-2014-125136,2014-09-28,2014-03-10,Standard Class,KD-16495,Keith Dawkins,Corporate,United States,Fayetteville,North Carolina,28314,South,OFF-PA-10001457,Office Supplies,Paper,White GlueTop Scratch Pads,96.256,8,0.2,31.2832,-202
1732,CA-2014-125136,2014-09-28,2014-03-10,Standard Class,KD-16495,Keith Dawkins,Corporate,United States,Fayetteville,North Carolina,28314,South,OFF-PA-10001804,Office Supplies,Paper,Xerox 195,10.688,2,0.2,3.7408,-202
1733,US-2016-131149,2016-10-07,2016-07-14,Standard Class,LH-17155,Logan Haushalter,Consumer,United States,Dallas,Texas,75081,Central,OFF-ST-10000689,Office Supplies,Storage,"Fellowes Strictly Business Drawer File, Letter/Legal Size",338.04,3,0.2,-33.804,-85
1734,US-2016-131149,2016-10-07,2016-07-14,Standard Class,LH-17155,Logan Haushalter,Consumer,United States,Dallas,Texas,75081,Central,OFF-AR-10002135,Office Supplies,Art,Boston Heavy-Duty Trimline Electric Pencil Sharpeners,154.24,4,0.2,17.352,-85
1735,CA-2017-101483,2017-07-29,2017-01-08,Second Class,AG-10675,Anna Gayman,Consumer,United States,Jacksonville,North Carolina,28540,South,OFF-AP-10002082,Office Supplies,Appliances,Holmes HEPA Air Purifier,34.848,2,0.2,6.534,-202
1736,CA-2017-101483,2017-07-29,2017-01-08,Second Class,AG-10675,Anna Gayman,Consumer,United States,Jacksonville,North Carolina,28540,South,TEC-PH-10003442,Technology,Phones,Samsung Replacement EH64AVFWE Premium Headset,22.0,5,0.2,1.375,-202
1737,CA-2017-101483,2017-07-29,2017-01-08,Second Class,AG-10675,Anna Gayman,Consumer,United States,Jacksonville,North Carolina,28540,South,OFF-AR-10002833,Office Supplies,Art,Newell 322,4.368,3,0.2,0.3822,-202
1741,CA-2014-110527,2014-09-08,2014-08-16,Standard Class,ED-13885,Emily Ducich,Home Office,United States,San Diego,California,92037,West,OFF-LA-10000262,Office Supplies,Labels,Avery 494,20.88,8,0.0,9.6048,-23
1742,CA-2017-152807,2017-10-30,2017-03-11,Standard Class,MC-18100,Mick Crebagga,Consumer,United States,Philadelphia,Pennsylvania,19140,East,OFF-PA-10004355,Office Supplies,Paper,Xerox 231,20.736,4,0.2,7.2576,-233
1743,CA-2017-152807,2017-10-30,2017-03-11,Standard Class,MC-18100,Mick Crebagga,Consumer,United States,Philadelphia,Pennsylvania,19140,East,FUR-FU-10004415,Furniture,Furnishings,"Stacking Tray, Side-Loading, Legal, Smoke",7.168,2,0.2,0.9856,-233
1744,CA-2017-152807,2017-10-30,2017-03-11,Standard Class,MC-18100,Mick Crebagga,Consumer,United States,Philadelphia,Pennsylvania,19140,East,OFF-ST-10002486,Office Supplies,Storage,Eldon Shelf Savers Cubes and Bins,11.168,2,0.2,-2.5128,-233
1745,CA-2017-152807,2017-10-30,2017-03-11,Standard Class,MC-18100,Mick Crebagga,Consumer,United States,Philadelphia,Pennsylvania,19140,East,TEC-AC-10001142,Technology,Accessories,First Data FD10 PIN Pad,442.4,7,0.2,-55.3,-233
1759,CA-2014-139017,2014-11-05,2014-05-17,Standard Class,RM-19375,Raymond Messe,Consumer,United States,Houston,Texas,77095,Central,TEC-AC-10001013,Technology,Accessories,Logitech ClearChat Comfort/USB Headset H390,46.864,2,0.2,7.6154,-172
1774,CA-2014-118976,2014-04-28,2014-03-05,Standard Class,MY-18295,Muhammed Yedwab,Corporate,United States,Baltimore,Maryland,21215,East,OFF-BI-10001628,Office Supplies,Binders,"Acco Data Flex Cable Posts For Top & Bottom Load Binders, 6"" Capacity",20.86,2,0.0,9.387,-54
1775,CA-2014-118976,2014-04-28,2014-03-05,Standard Class,MY-18295,Muhammed Yedwab,Corporate,United States,Baltimore,Maryland,21215,East,OFF-ST-10000877,Office Supplies,Storage,Recycled Steel Personal File for Standard File Folders,497.61,9,0.0,129.3786,-54
1776,CA-2014-118976,2014-04-28,2014-03-05,Standard Class,MY-18295,Muhammed Yedwab,Corporate,United States,Baltimore,Maryland,21215,East,OFF-AR-10004752,Office Supplies,Art,Blackstonian Pencils,5.34,2,0.0,1.4952,-54
1777,CA-2014-118976,2014-04-28,2014-03-05,Standard Class,MY-18295,Muhammed Yedwab,Corporate,United States,Baltimore,Maryland,21215,East,OFF-LA-10000452,Office Supplies,Labels,Avery 488,3.15,1,0.0,1.512,-54
1782,CA-2015-111094,2015-09-07,2015-07-13,Standard Class,CB-12535,Claudia Bergmann,Corporate,United States,Franklin,Massachusetts,2038,East,OFF-PA-10001609,Office Supplies,Paper,Tops Wirebound Message Log Books,6.58,2,0.0,3.0268,-56
1783,CA-2015-111094,2015-09-07,2015-07-13,Standard Class,CB-12535,Claudia Bergmann,Corporate,United States,Franklin,Massachusetts,2038,East,OFF-BI-10001597,Office Supplies,Binders,"Wilson Jones Ledger-Size, Piano-Hinge Binder, 2"", Blue",122.94,3,0.0,59.0112,-56
1791,CA-2014-102008,2014-09-30,2014-04-10,Standard Class,RA-19915,Russell Applegate,Consumer,United States,New York City,New York,10011,East,OFF-PA-10004092,Office Supplies,Paper,Tops Green Bar Computer Printout Paper,48.94,1,0.0,24.47,-173
1809,CA-2016-164938,2016-11-02,2016-02-13,First Class,PB-19210,Phillip Breyer,Corporate,United States,Tulsa,Oklahoma,74133,Central,TEC-PH-10004897,Technology,Phones,Mediabridge Sport Armband iPhone 5s,69.93,7,0.0,0.6993,-263
1845,US-2017-113852,2017-07-29,2017-02-08,Standard Class,GW-14605,Giulietta Weimer,Consumer,United States,Seattle,Washington,98115,West,TEC-AC-10003027,Technology,Accessories,Imation 8GB Mini TravelDrive USB 2.0 Flash Drive,90.57,3,0.0,11.7741,-171
1846,US-2017-158512,2017-12-01,2017-01-17,Second Class,DA-13450,Dianna Arnett,Home Office,United States,Washington,District of Columbia,20016,East,OFF-PA-10001804,Office Supplies,Paper,Xerox 195,40.08,6,0.0,19.2384,-318
1847,US-2017-158512,2017-12-01,2017-01-17,Second Class,DA-13450,Dianna Arnett,Home Office,United States,Washington,District of Columbia,20016,East,FUR-FU-10004973,Furniture,Furnishings,Flat Face Poster Frame,37.68,2,0.0,15.8256,-318
1857,US-2017-158218,2017-12-05,2017-05-15,Second Class,AC-10420,Alyssa Crouse,Corporate,United States,Houston,Texas,77041,Central,OFF-ST-10000563,Office Supplies,Storage,Fellowes Bankers Box Stor/Drawer Steel Plus,127.92,5,0.2,-15.99,-204
1858,US-2017-158218,2017-12-05,2017-05-15,Second Class,AC-10420,Alyssa Crouse,Corporate,United States,Houston,Texas,77041,Central,OFF-BI-10002133,Office Supplies,Binders,"Wilson Jones Elliptical Ring 3 1/2"" Capacity Binders, 800 sheets",34.24,4,0.8,-53.072,-204
1868,CA-2015-127110,2015-06-25,2015-01-07,Standard Class,CH-12070,Cathy Hwang,Home Office,United States,Philadelphia,Pennsylvania,19143,East,OFF-PA-10003309,Office Supplies,Paper,Xerox 211,31.104,6,0.2,10.8864,-169
1869,CA-2015-127110,2015-06-25,2015-01-07,Standard Class,CH-12070,Cathy Hwang,Home Office,United States,Philadelphia,Pennsylvania,19143,East,OFF-ST-10002554,Office Supplies,Storage,Tennsco Industrial Shelving,78.256,2,0.2,-17.6076,-169
1876,US-2016-112977,2016-10-03,2016-03-16,Standard Class,CJ-12010,Caroline Jumper,Consumer,United States,Long Beach,New York,11561,East,FUR-BO-10003272,Furniture,Bookcases,O'Sullivan Living Dimensions 5-Shelf Bookcases,176.784,1,0.2,-22.098,-201
1880,US-2017-166611,2017-03-28,2017-02-04,Standard Class,CK-12760,Cyma Kinney,Corporate,United States,Jacksonville,Florida,32216,South,OFF-BI-10001191,Office Supplies,Binders,Canvas Sectional Post Binders,68.742,9,0.7,-48.1194,-52
1898,CA-2014-169775,2014-08-29,2014-02-09,Second Class,RA-19945,Ryan Akin,Consumer,United States,Miami,Florida,33178,South,OFF-EN-10001749,Office Supplies,Envelopes,Jiffy Padded Mailers with Self-Seal Closure,29.808,2,0.2,10.8054,-201
1899,CA-2014-169775,2014-08-29,2014-02-09,Second Class,RA-19945,Ryan Akin,Consumer,United States,Miami,Florida,33178,South,OFF-BI-10004390,Office Supplies,Binders,GBC DocuBind 200 Manual Binding Machine,505.176,4,0.7,-336.784,-201
1900,CA-2014-169775,2014-08-29,2014-02-09,Second Class,RA-19945,Ryan Akin,Consumer,United States,Miami,Florida,33178,South,FUR-TA-10001857,Furniture,Tables,Balt Solid Wood Rectangular Table,174.0585,3,0.45,-110.7645,-201
1901,CA-2016-140543,2016-06-29,2016-03-07,Second Class,Co-12640,Corey-Lock,Consumer,United States,Florence,South Carolina,29501,South,OFF-ST-10000563,Office Supplies,Storage,Fellowes Bankers Box Stor/Drawer Steel Plus,191.88,6,0.0,19.188,-114
1919,CA-2015-123673,2015-10-30,2015-01-11,Second Class,CH-12070,Cathy Hwang,Home Office,United States,Detroit,Michigan,48227,Central,TEC-PH-10001809,Technology,Phones,Panasonic KX T7736-B Digital phone,299.9,2,0.0,74.975,-292
1926,CA-2017-102834,2017-09-03,2017-03-13,Standard Class,LW-16990,Lindsay Williams,Corporate,United States,San Francisco,California,94110,West,TEC-AC-10001908,Technology,Accessories,Logitech Wireless Headset h800,199.98,2,0.0,69.993,-174
1927,US-2016-139710,2016-09-06,2016-06-15,Standard Class,GM-14680,Greg Matthias,Consumer,United States,Los Angeles,California,90045,West,TEC-PH-10001198,Technology,Phones,Avaya 4621SW VoIP phone,177.48,3,0.2,19.9665,-83
1928,CA-2017-121538,2017-11-28,2017-01-12,First Class,RH-19495,Rick Hansen,Consumer,United States,Denver,Colorado,80219,West,OFF-PA-10004071,Office Supplies,Paper,"Eaton Premium Continuous-Feed Paper, 25% Cotton, Letter Size, White, 1000 Shts/Box",88.768,2,0.2,31.0688,-320
1935,CA-2017-101245,2017-11-27,2017-03-12,Standard Class,LW-16990,Lindsay Williams,Corporate,United States,San Francisco,California,94109,West,OFF-PA-10003129,Office Supplies,Paper,Tops White Computer Printout Paper,244.55,5,0.0,114.9385,-260
1936,CA-2017-101245,2017-11-27,2017-03-12,Standard Class,LW-16990,Lindsay Williams,Corporate,United States,San Francisco,California,94109,West,TEC-AC-10001284,Technology,Accessories,Enermax Briskie RF Wireless Keyboard and Mouse Combo,166.16,8,0.0,59.8176,-260
1942,CA-2017-144064,2017-08-29,2017-01-09,First Class,CP-12085,Cathy Prescott,Corporate,United States,Quincy,Illinois,62301,Central,OFF-LA-10004544,Office Supplies,Labels,Avery 505,47.36,4,0.2,17.76,-232
1943,CA-2017-144064,2017-08-29,2017-01-09,First Class,CP-12085,Cathy Prescott,Corporate,United States,Quincy,Illinois,62301,Central,OFF-ST-10004507,Office Supplies,Storage,Advantus Rolling Storage Box,27.44,2,0.2,2.401,-232
1944,CA-2017-144064,2017-08-29,2017-01-09,First Class,CP-12085,Cathy Prescott,Corporate,United States,Quincy,Illinois,62301,Central,OFF-BI-10002012,Office Supplies,Binders,Wilson Jones Easy Flow II Sheet Lifters,3.24,9,0.8,-5.184,-232
1959,CA-2017-110905,2017-10-09,2017-09-15,Second Class,RW-19690,Robert Waldorf,Consumer,United States,Springfield,Missouri,65807,Central,OFF-BI-10003669,Office Supplies,Binders,3M Organizer Strips,16.2,3,0.0,7.776,-24
1960,CA-2017-110905,2017-10-09,2017-09-15,Second Class,RW-19690,Robert Waldorf,Consumer,United States,Springfield,Missouri,65807,Central,OFF-AP-10004785,Office Supplies,Appliances,"Holmes Replacement Filter for HEPA Air Cleaner, Medium Room",33.99,3,0.0,14.6157,-24
1961,CA-2017-110905,2017-10-09,2017-09-15,Second Class,RW-19690,Robert Waldorf,Consumer,United States,Springfield,Missouri,65807,Central,TEC-AC-10003023,Technology,Accessories,Logitech G105 Gaming Keyboard,296.85,5,0.0,53.433,-24
1962,CA-2017-110905,2017-10-09,2017-09-15,Second Class,RW-19690,Robert Waldorf,Consumer,United States,Springfield,Missouri,65807,Central,TEC-AC-10002217,Technology,Accessories,Imation Clip USB flash drive - 8 GB,112.8,6,0.0,6.768,-24
1963,CA-2017-110905,2017-10-09,2017-09-15,Second Class,RW-19690,Robert Waldorf,Consumer,United States,Springfield,Missouri,65807,Central,OFF-BI-10002954,Office Supplies,Binders,Newell 3-Hole Punched Plastic Slotted Magazine Holders for Binders,13.71,3,0.0,6.5808,-24
1964,CA-2017-110905,2017-10-09,2017-09-15,Second Class,RW-19690,Robert Waldorf,Consumer,United States,Springfield,Missouri,65807,Central,OFF-PA-10002586,Office Supplies,Paper,Xerox 1970,24.9,5,0.0,11.703,-24
1965,CA-2017-110905,2017-10-09,2017-09-15,Second Class,RW-19690,Robert Waldorf,Consumer,United States,Springfield,Missouri,65807,Central,OFF-ST-10000025,Office Supplies,Storage,Fellowes Stor/Drawer Steel Plus Storage Drawers,286.29,3,0.0,17.1774,-24
1966,CA-2017-110905,2017-10-09,2017-09-15,Second Class,RW-19690,Robert Waldorf,Consumer,United States,Springfield,Missouri,65807,Central,OFF-AP-10003281,Office Supplies,Appliances,Acco 6 Outlet Guardian Standard Surge Suppressor,24.18,2,0.0,7.254,-24
1993,CA-2017-133648,2017-06-25,2017-02-07,Standard Class,ML-17755,Max Ludwig,Home Office,United States,Springfield,Oregon,97477,West,OFF-LA-10003923,Office Supplies,Labels,Alphabetical Labels for Top Tab Filing,71.04,6,0.2,26.64,-138
1994,CA-2017-133648,2017-06-25,2017-02-07,Standard Class,ML-17755,Max Ludwig,Home Office,United States,Springfield,Oregon,97477,West,OFF-AR-10002257,Office Supplies,Art,"Eldon Spacemaker Box, Quick-Snap Lid, Clear",5.344,2,0.2,0.7348,-138
1995,CA-2017-133648,2017-06-25,2017-02-07,Standard Class,ML-17755,Max Ludwig,Home Office,United States,Springfield,Oregon,97477,West,OFF-FA-10004395,Office Supplies,Fasteners,Plymouth Boxed Rubber Bands by Plymouth,11.304,3,0.2,-2.1195,-138
2001,CA-2017-166128,2017-11-04,2017-04-18,Standard Class,LW-17215,Luke Weiss,Consumer,United States,Pasadena,California,91104,West,TEC-AC-10001767,Technology,Accessories,SanDisk Ultra 64 GB MicroSDHC Class 10 Memory Card,199.95,5,0.0,21.9945,-200
2002,CA-2017-166128,2017-11-04,2017-04-18,Standard Class,LW-17215,Luke Weiss,Consumer,United States,Pasadena,California,91104,West,OFF-AR-10001221,Office Supplies,Art,"Dixon Ticonderoga Erasable Colored Pencil Set, 12-Color",41.86,7,0.0,14.2324,-200
2005,US-2017-143028,2017-11-04,2017-04-18,Standard Class,SC-20050,Sample Company A,Home Office,United States,Lubbock,Texas,79424,Central,OFF-BI-10004738,Office Supplies,Binders,Flexible Leather- Look Classic Collection Ring Binder,11.364,3,0.8,-17.046,-200
2049,CA-2015-142237,2015-11-07,2015-07-13,First Class,CK-12595,Clytie Kelty,Consumer,United States,Philadelphia,Pennsylvania,19134,East,FUR-FU-10004848,Furniture,Furnishings,"Howard Miller 13-3/4"" Diameter Brushed Chrome Round Wall Clock",289.8,7,0.2,36.225,-117
2050,CA-2015-142237,2015-11-07,2015-07-13,First Class,CK-12595,Clytie Kelty,Consumer,United States,Philadelphia,Pennsylvania,19134,East,OFF-BI-10004022,Office Supplies,Binders,Acco Suede Grain Vinyl Round Ring Binder,2.502,3,0.7,-2.0016,-117
2051,CA-2015-142237,2015-11-07,2015-07-13,First Class,CK-12595,Clytie Kelty,Consumer,United States,Philadelphia,Pennsylvania,19134,East,OFF-BI-10003669,Office Supplies,Binders,3M Organizer Strips,6.48,4,0.7,-4.752,-117
2052,CA-2015-142237,2015-11-07,2015-07-13,First Class,CK-12595,Clytie Kelty,Consumer,United States,Philadelphia,Pennsylvania,19134,East,FUR-CH-10003833,Furniture,Chairs,Novimex Fabric Task Chair,341.488,8,0.3,-73.176,-117
2053,CA-2015-142237,2015-11-07,2015-07-13,First Class,CK-12595,Clytie Kelty,Consumer,United States,Philadelphia,Pennsylvania,19134,East,OFF-AR-10003732,Office Supplies,Art,Newell 333,11.12,5,0.2,0.834,-117
2054,CA-2015-142237,2015-11-07,2015-07-13,First Class,CK-12595,Clytie Kelty,Consumer,United States,Philadelphia,Pennsylvania,19134,East,FUR-FU-10003142,Furniture,Furnishings,"Master Big Foot Doorstop, Beige",25.344,6,0.2,3.4848,-117
2060,CA-2014-106439,2014-10-31,2014-04-11,Standard Class,GG-14650,Greg Guthrie,Corporate,United States,Los Angeles,California,90049,West,OFF-FA-10002975,Office Supplies,Fasteners,Staples,11.34,3,0.0,5.2164,-203
2061,CA-2014-106439,2014-10-31,2014-04-11,Standard Class,GG-14650,Greg Guthrie,Corporate,United States,Los Angeles,California,90049,West,OFF-ST-10003996,Office Supplies,Storage,"Letter/Legal File Tote with Clear Snap-On Lid, Black Granite",80.3,5,0.0,20.878,-203
2062,CA-2014-106439,2014-10-31,2014-04-11,Standard Class,GG-14650,Greg Guthrie,Corporate,United States,Los Angeles,California,90049,West,OFF-BI-10002571,Office Supplies,Binders,"Avery Framed View Binder, EZD Ring (Locking), Navy, 1 1/2""",15.968,2,0.2,5.3892,-203
2063,CA-2014-106439,2014-10-31,2014-04-11,Standard Class,GG-14650,Greg Guthrie,Corporate,United States,Los Angeles,California,90049,West,OFF-PA-10000477,Office Supplies,Paper,Xerox 1952,64.74,13,0.0,30.4278,-203
2064,CA-2014-106439,2014-10-31,2014-04-11,Standard Class,GG-14650,Greg Guthrie,Corporate,United States,Los Angeles,California,90049,West,OFF-BI-10004209,Office Supplies,Binders,"Fellowes Twister Kit, Gray/Clear, 3/pkg",19.296,3,0.2,6.03,-203
2065,CA-2014-106439,2014-10-31,2014-04-11,Standard Class,GG-14650,Greg Guthrie,Corporate,United States,Los Angeles,California,90049,West,OFF-ST-10001963,Office Supplies,Storage,Tennsco Regal Shelving Units,405.64,4,0.0,12.1692,-203
2066,CA-2014-106439,2014-10-31,2014-04-11,Standard Class,GG-14650,Greg Guthrie,Corporate,United States,Los Angeles,California,90049,West,FUR-CH-10003833,Furniture,Chairs,Novimex Fabric Task Chair,146.352,3,0.2,-9.147,-203
2067,CA-2014-106439,2014-10-31,2014-04-11,Standard Class,GG-14650,Greg Guthrie,Corporate,United States,Los Angeles,California,90049,West,TEC-AC-10004568,Technology,Accessories,Maxell LTO Ultrium - 800 GB,251.91,9,0.0,47.8629,-203
2068,CA-2014-106439,2014-10-31,2014-04-11,Standard Class,GG-14650,Greg Guthrie,Corporate,United States,Los Angeles,California,90049,West,OFF-AR-10001419,Office Supplies,Art,Newell 325,12.39,3,0.0,3.717,-203
2073,CA-2016-129693,2016-11-26,2016-02-12,Standard Class,TC-20980,Tamara Chand,Corporate,United States,Seattle,Washington,98105,West,OFF-BI-10002954,Office Supplies,Binders,Newell 3-Hole Punched Plastic Slotted Magazine Holders for Binders,7.312,2,0.2,2.5592,-288
2077,CA-2017-140676,2017-12-09,2017-09-15,First Class,BF-11080,Bart Folk,Consumer,United States,Baltimore,Maryland,21215,East,OFF-PA-10004082,Office Supplies,Paper,"Adams Telephone Message Book w/Frequently-Called Numbers Space, 400 Messages per Book",39.9,5,0.0,19.95,-85
2078,CA-2017-140676,2017-12-09,2017-09-15,First Class,BF-11080,Bart Folk,Consumer,United States,Baltimore,Maryland,21215,East,OFF-AP-10000358,Office Supplies,Appliances,Fellowes Basic Home/Office Series Surge Protectors,90.86,7,0.0,26.3494,-85
2079,CA-2017-140676,2017-12-09,2017-09-15,First Class,BF-11080,Bart Folk,Consumer,United States,Baltimore,Maryland,21215,East,OFF-PA-10004243,Office Supplies,Paper,Xerox 1939,94.85,5,0.0,45.528,-85
2083,CA-2017-104647,2017-02-23,2017-01-03,Standard Class,CK-12595,Clytie Kelty,Consumer,United States,Los Angeles,California,90008,West,OFF-PA-10002870,Office Supplies,Paper,"Ampad Phone Message Book, Recycled, 400 Message Capacity, 5 ¾” x 11”",37.44,6,0.0,16.848,-51
2101,US-2014-140116,2014-10-03,2014-03-17,Standard Class,KT-16480,Kean Thornton,Consumer,United States,Denver,Colorado,80219,West,OFF-ST-10000078,Office Supplies,Storage,Tennsco 6- and 18-Compartment Lockers,636.408,3,0.2,-15.9102,-200
2102,US-2014-140116,2014-10-03,2014-03-17,Standard Class,KT-16480,Kean Thornton,Consumer,United States,Denver,Colorado,80219,West,OFF-AR-10001044,Office Supplies,Art,"BOSTON Ranger #55 Pencil Sharpener, Black",83.168,4,0.2,9.3564,-200
2106,US-2014-167633,2014-09-30,2014-05-10,Standard Class,BW-11200,Ben Wallace,Consumer,United States,Boynton Beach,Florida,33437,South,OFF-PA-10004888,Office Supplies,Paper,Xerox 217,15.552,3,0.2,5.4432,-143
2117,CA-2015-159786,2015-12-10,2015-10-17,Second Class,RK-19300,Ralph Kennedy,Consumer,United States,Rochester,New York,14609,East,FUR-TA-10001307,Furniture,Tables,"SAFCO PlanMaster Heigh-Adjustable Drafting Table Base, 43w x 30d x 30-37h, Black",209.67,1,0.4,-13.978,-54
2121,US-2017-168690,2017-07-01,2017-01-13,Standard Class,TS-21085,Thais Sissman,Consumer,United States,Ormond Beach,Florida,32174,South,OFF-BI-10000145,Office Supplies,Binders,Zipper Ring Binder Pockets,2.808,3,0.7,-1.9656,-169
2134,CA-2015-122210,2015-11-30,2015-04-12,Standard Class,WB-21850,William Brown,Consumer,United States,Philadelphia,Pennsylvania,19134,East,OFF-BI-10003656,Office Supplies,Binders,Fellowes PB200 Plastic Comb Binding Machine,152.991,3,0.7,-122.3928,-232
2135,CA-2015-122210,2015-11-30,2015-04-12,Standard Class,WB-21850,William Brown,Consumer,United States,Philadelphia,Pennsylvania,19134,East,OFF-FA-10000053,Office Supplies,Fasteners,Revere Boxed Rubber Bands by Revere,10.584,7,0.2,-2.3814,-232
2136,CA-2015-122210,2015-11-30,2015-04-12,Standard Class,WB-21850,William Brown,Consumer,United States,Philadelphia,Pennsylvania,19134,East,TEC-PH-10002807,Technology,Phones,Motorla HX550 Universal Bluetooth Headset,94.92,4,0.4,15.82,-232
2174,CA-2016-112025,2016-07-30,2016-04-08,Standard Class,LS-16975,Lindsay Shagiari,Home Office,United States,Houston,Texas,77070,Central,OFF-BI-10002353,Office Supplies,Binders,GBC VeloBind Cover Sets,9.264,3,0.8,-13.896,-113
2175,CA-2015-132507,2015-07-30,2015-03-08,Second Class,CC-12610,Corey Catlett,Corporate,United States,Houston,Texas,77041,Central,OFF-ST-10000943,Office Supplies,Storage,Eldon ProFile File 'N Store Portable File Tub Letter/Legal Size Black,61.792,4,0.2,6.1792,-144
2188,CA-2017-143063,2017-10-08,2017-08-15,Standard Class,IL-15100,Ivan Liston,Consumer,United States,Columbus,Indiana,47201,Central,OFF-EN-10003134,Office Supplies,Envelopes,Staple envelope,70.08,6,0.0,35.04,-54
2189,CA-2017-143063,2017-10-08,2017-08-15,Standard Class,IL-15100,Ivan Liston,Consumer,United States,Columbus,Indiana,47201,Central,FUR-FU-10003708,Furniture,Furnishings,"Tenex Traditional Chairmats for Medium Pile Carpet, Standard Lip, 36"" x 48""",121.3,2,0.0,25.473,-54
2190,CA-2017-143063,2017-10-08,2017-08-15,Standard Class,IL-15100,Ivan Liston,Consumer,United States,Columbus,Indiana,47201,Central,TEC-PH-10003645,Technology,Phones,Aastra 57i VoIP phone,1454.49,9,0.0,378.1674,-54
2198,CA-2014-163013,2014-11-28,2014-04-12,Standard Class,BF-11080,Bart Folk,Consumer,United States,Montgomery,Alabama,36116,South,OFF-AR-10001954,Office Supplies,Art,Newell 331,14.67,3,0.0,3.9609,-230
2199,CA-2015-135363,2015-03-28,2015-02-04,Standard Class,CK-12205,Chloris Kastensmidt,Consumer,United States,Philadelphia,Pennsylvania,19120,East,OFF-PA-10003177,Office Supplies,Paper,Xerox 1999,15.552,3,0.2,5.4432,-52
2200,CA-2015-135363,2015-03-28,2015-02-04,Standard Class,CK-12205,Chloris Kastensmidt,Consumer,United States,Philadelphia,Pennsylvania,19120,East,OFF-PA-10000533,Office Supplies,Paper,Southworth Parchment Paper & Envelopes,5.232,1,0.2,1.7004,-52
2205,CA-2015-128860,2015-06-29,2015-05-07,Standard Class,SC-20725,Steven Cartwright,Consumer,United States,Lancaster,Pennsylvania,17602,East,FUR-FU-10001473,Furniture,Furnishings,"Eldon Executive Woodline II Desk Accessories, Mahogany",20.104,1,0.2,1.7591,-53
2219,CA-2017-130841,2017-07-28,2017-01-08,Standard Class,MH-17620,Matt Hagelstein,Corporate,United States,San Francisco,California,94110,West,OFF-BI-10000145,Office Supplies,Binders,Zipper Ring Binder Pockets,9.984,4,0.2,3.6192,-201
2220,CA-2017-130841,2017-07-28,2017-01-08,Standard Class,MH-17620,Matt Hagelstein,Corporate,United States,San Francisco,California,94110,West,OFF-ST-10001580,Office Supplies,Storage,Super Decoflex Portable Personal File,14.98,1,0.0,4.1944,-201
2221,CA-2017-130841,2017-07-28,2017-01-08,Standard Class,MH-17620,Matt Hagelstein,Corporate,United States,San Francisco,California,94110,West,TEC-PH-10001817,Technology,Phones,Wilson Electronics DB Pro Signal Booster,1145.6,4,0.2,100.24,-201
2225,CA-2017-121909,2017-07-31,2017-05-08,Standard Class,EA-14035,Erin Ashbrook,Corporate,United States,Philadelphia,Pennsylvania,19134,East,OFF-PA-10003790,Office Supplies,Paper,Xerox 1991,54.816,3,0.2,17.8152,-84
2227,CA-2017-130771,2017-07-29,2017-03-08,Standard Class,LA-16780,Laura Armstrong,Corporate,United States,Austin,Texas,78745,Central,OFF-FA-10003059,Office Supplies,Fasteners,Assorted Color Push Pins,2.896,2,0.2,0.4706,-143
2228,CA-2017-130771,2017-07-29,2017-03-08,Standard Class,LA-16780,Laura Armstrong,Corporate,United States,Austin,Texas,78745,Central,TEC-PH-10002496,Technology,Phones,Cisco SPA301,124.792,1,0.2,15.599,-143
2232,CA-2017-157091,2017-06-26,2017-01-07,Standard Class,DB-13405,Denny Blanton,Consumer,United States,La Porte,Indiana,46350,Central,FUR-FU-10000293,Furniture,Furnishings,Eldon Antistatic Chair Mats for Low to Medium Pile Carpets,526.45,5,0.0,31.587,-170
2233,CA-2017-132122,2017-09-07,2017-07-14,Standard Class,JH-15820,John Huston,Consumer,United States,Chicago,Illinois,60610,Central,OFF-ST-10003692,Office Supplies,Storage,Recycled Steel Personal File for Hanging File Folders,228.92,5,0.2,14.3075,-55
2242,US-2016-126893,2016-11-26,2016-01-12,Standard Class,CT-11995,Carol Triggs,Consumer,United States,Philadelphia,Pennsylvania,19134,East,TEC-PH-10004165,Technology,Phones,Mitel MiVoice 5330e IP Phone,494.982,3,0.4,-115.4958,-319
2254,CA-2015-169201,2015-09-28,2015-01-10,First Class,HG-14965,Henry Goldwyn,Corporate,United States,San Francisco,California,94110,West,OFF-AP-10000696,Office Supplies,Appliances,Holmes Odor Grabber,43.26,3,0.0,14.2758,-261
2255,CA-2015-169201,2015-09-28,2015-01-10,First Class,HG-14965,Henry Goldwyn,Corporate,United States,San Francisco,California,94110,West,OFF-AP-10002082,Office Supplies,Appliances,Holmes HEPA Air Purifier,43.56,2,0.0,15.246,-261
2277,CA-2014-104283,2014-06-27,2014-01-07,Standard Class,LM-17065,Liz MacKendrick,Consumer,United States,Southaven,Mississippi,38671,South,OFF-ST-10004337,Office Supplies,Storage,"SAFCO Commercial Wire Shelving, 72h",306.2,5,0.0,0.0,-171
2278,CA-2014-104283,2014-06-27,2014-01-07,Standard Class,LM-17065,Liz MacKendrick,Consumer,United States,Southaven,Mississippi,38671,South,FUR-TA-10001039,Furniture,Tables,KI Adjustable-Height Table,85.98,1,0.0,22.3548,-171
2279,CA-2014-104283,2014-06-27,2014-01-07,Standard Class,LM-17065,Liz MacKendrick,Consumer,United States,Southaven,Mississippi,38671,South,TEC-AC-10000109,Technology,Accessories,Sony Micro Vault Click 16 GB USB 2.0 Flash Drive,223.96,4,0.0,53.7504,-171
2280,CA-2017-142622,2017-10-30,2017-02-11,First Class,JK-15625,Jim Karlsson,Consumer,United States,Seattle,Washington,98115,West,FUR-CH-10003833,Furniture,Chairs,Novimex Fabric Task Chair,97.568,2,0.2,-6.098,-261
2281,CA-2017-142622,2017-10-30,2017-02-11,First Class,JK-15625,Jim Karlsson,Consumer,United States,Seattle,Washington,98115,West,FUR-CH-10004289,Furniture,Chairs,Global Super Steno Chair,614.272,8,0.2,-23.0352,-261
2282,CA-2017-142622,2017-10-30,2017-02-11,First Class,JK-15625,Jim Karlsson,Consumer,United States,Seattle,Washington,98115,West,FUR-BO-10004467,Furniture,Bookcases,Bestar Classic Bookcase,199.98,2,0.0,37.9962,-261
2289,CA-2017-143343,2017-10-06,2017-06-13,First Class,BW-11200,Ben Wallace,Consumer,United States,Los Angeles,California,90032,West,OFF-AR-10002375,Office Supplies,Art,Newell 351,16.4,5,0.0,4.756,-115
2335,CA-2014-140886,2014-09-30,2014-04-10,Standard Class,KW-16570,Kelly Williams,Consumer,United States,Clarksville,Tennessee,37042,South,OFF-AP-10000696,Office Supplies,Appliances,Holmes Odor Grabber,69.216,6,0.2,11.2476,-173
2354,CA-2015-111514,2015-08-31,2015-02-09,First Class,SC-20260,Scott Cohen,Corporate,United States,San Francisco,California,94122,West,FUR-BO-10002545,Furniture,Bookcases,"Atlantic Metals Mobile 3-Shelf Bookcases, Custom Colors",1552.831,7,0.15,200.9546,-203
2355,CA-2015-111514,2015-08-31,2015-02-09,First Class,SC-20260,Scott Cohen,Corporate,United States,San Francisco,California,94122,West,OFF-BI-10002735,Office Supplies,Binders,GBC Prestige Therm-A-Bind Covers,137.24,5,0.2,46.3185,-203
2356,CA-2015-111514,2015-08-31,2015-02-09,First Class,SC-20260,Scott Cohen,Corporate,United States,San Francisco,California,94122,West,TEC-AC-10004864,Technology,Accessories,Memorex Micro Travel Drive 32 GB,36.51,1,0.0,15.6993,-203
2357,CA-2015-111514,2015-08-31,2015-02-09,First Class,SC-20260,Scott Cohen,Corporate,United States,San Francisco,California,94122,West,TEC-MA-10000597,Technology,Machines,Lexmark S315 Color Inkjet Printer,239.976,3,0.2,80.9919,-203
2368,CA-2017-123659,2017-10-02,2017-02-13,First Class,MN-17935,Michael Nguyen,Consumer,United States,Clinton,Maryland,20735,East,OFF-PA-10002464,Office Supplies,Paper,HP Office Recycled Paper (20Lb. and 87 Bright),23.12,4,0.0,11.3288,-231
2404,US-2016-110170,2016-09-27,2016-03-10,Standard Class,HM-14860,Harry Marie,Corporate,United States,Huntsville,Texas,77340,Central,FUR-BO-10000780,Furniture,Bookcases,O'Sullivan Plantations 2-Door Library in Landvery Oak,956.6648,7,0.32,-225.0976,-201
2413,CA-2014-151295,2014-12-11,2014-11-16,Standard Class,JA-15970,Joseph Airdo,Consumer,United States,Los Angeles,California,90045,West,OFF-PA-10001947,Office Supplies,Paper,Xerox 1974,11.96,2,0.0,5.8604,-25
2414,CA-2014-151295,2014-12-11,2014-11-16,Standard Class,JA-15970,Joseph Airdo,Consumer,United States,Los Angeles,California,90045,West,FUR-TA-10002356,Furniture,Tables,Bevis Boat-Shaped Conference Table,629.064,3,0.2,31.4532,-25
2417,CA-2017-168655,2017-12-10,2017-10-18,Standard Class,ML-18040,Michelle Lonsdale,Corporate,United States,Albuquerque,New Mexico,87105,West,TEC-AC-10002842,Technology,Accessories,WD My Passport Ultra 2TB Portable External Hard Drive,595.0,5,0.0,95.2,-53
2418,CA-2017-168655,2017-12-10,2017-10-18,Standard Class,ML-18040,Michelle Lonsdale,Corporate,United States,Albuquerque,New Mexico,87105,West,OFF-BI-10002082,Office Supplies,Binders,GBC Twin Loop Wire Binding Elements,79.872,3,0.2,29.952,-53
2428,CA-2016-169922,2016-11-06,2016-06-17,Standard Class,MZ-17515,Mary Zewe,Corporate,United States,Arlington,Texas,76017,Central,OFF-BI-10003784,Office Supplies,Binders,Computer Printout Index Tabs,1.344,4,0.8,-2.1504,-142
2429,CA-2016-169922,2016-11-06,2016-06-17,Standard Class,MZ-17515,Mary Zewe,Corporate,United States,Arlington,Texas,76017,Central,OFF-BI-10001617,Office Supplies,Binders,GBC Wire Binding Combs,8.272,4,0.8,-13.6488,-142
2430,CA-2016-169922,2016-11-06,2016-06-17,Standard Class,MZ-17515,Mary Zewe,Corporate,United States,Arlington,Texas,76017,Central,FUR-FU-10004415,Furniture,Furnishings,"Stacking Tray, Side-Loading, Legal, Smoke",12.544,7,0.6,-9.0944,-142
2433,CA-2014-148586,2014-03-25,2014-01-04,Standard Class,AZ-10750,Annie Zypern,Consumer,United States,New York City,New York,10009,East,FUR-CH-10002439,Furniture,Chairs,"Iceberg Nesting Folding Chair, 19w x 6d x 43h",366.786,7,0.1,65.2064,-80
2434,US-2017-112613,2017-05-28,2017-01-06,Standard Class,JH-15910,Jonathan Howell,Consumer,United States,Houston,Texas,77070,Central,TEC-PH-10001536,Technology,Phones,Spigen Samsung Galaxy S5 Case Wallet,54.368,4,0.2,4.0776,-142
2447,CA-2015-100573,2015-09-25,2015-01-10,Standard Class,AM-10705,Anne McFarland,Consumer,United States,Los Angeles,California,90004,West,OFF-EN-10000461,Office Supplies,Envelopes,"#10- 4 1/8"" x 9 1/2"" Recycled Envelopes",17.48,2,0.0,8.2156,-258
2448,CA-2016-119165,2016-10-31,2016-06-11,Standard Class,BD-11320,Bill Donatelli,Consumer,United States,Philadelphia,Pennsylvania,19143,East,FUR-CH-10000988,Furniture,Chairs,Hon Olson Stacker Stools,492.835,5,0.3,-14.081,-142
2461,CA-2015-142419,2015-11-07,2015-07-13,Second Class,SC-20380,Shahid Collister,Consumer,United States,Seattle,Washington,98115,West,OFF-PA-10001763,Office Supplies,Paper,Xerox 1896,29.97,3,0.0,13.4865,-117
2462,CA-2015-142419,2015-11-07,2015-07-13,Second Class,SC-20380,Shahid Collister,Consumer,United States,Seattle,Washington,98115,West,OFF-BI-10001597,Office Supplies,Binders,"Wilson Jones Ledger-Size, Piano-Hinge Binder, 2"", Blue",98.352,3,0.2,34.4232,-117
2483,CA-2017-126067,2017-08-28,2017-03-09,Standard Class,KN-16705,Kristina Nunn,Home Office,United States,Seattle,Washington,98105,West,TEC-PH-10000912,Technology,Phones,Anker 24W Portable Micro USB Car Charger,35.168,4,0.2,11.4296,-172
2484,CA-2017-126067,2017-08-28,2017-03-09,Standard Class,KN-16705,Kristina Nunn,Home Office,United States,Seattle,Washington,98105,West,FUR-TA-10000617,Furniture,Tables,"Hon Practical Foundations 30 x 60 Training Table, Light Gray/Charcoal",1137.75,5,0.0,250.305,-172
2485,CA-2017-126067,2017-08-28,2017-03-09,Standard Class,KN-16705,Kristina Nunn,Home Office,United States,Seattle,Washington,98105,West,OFF-BI-10001658,Office Supplies,Binders,GBC Standard Therm-A-Bind Covers,99.68,5,0.2,32.396,-172
2486,CA-2017-126067,2017-08-28,2017-03-09,Standard Class,KN-16705,Kristina Nunn,Home Office,United States,Seattle,Washington,98105,West,OFF-AR-10003856,Office Supplies,Art,Newell 344,5.56,2,0.0,1.4456,-172
2494,CA-2016-146206,2016-10-09,2016-09-14,Second Class,KT-16480,Kean Thornton,Consumer,United States,Houston,Texas,77095,Central,FUR-TA-10004086,Furniture,Tables,KI Adjustable-Height Table,300.93,5,0.3,-34.392,-25
2495,CA-2016-146206,2016-10-09,2016-09-14,Second Class,KT-16480,Kean Thornton,Consumer,United States,Houston,Texas,77095,Central,TEC-PH-10000895,Technology,Phones,Polycom VVX 310 VoIP phone,719.96,5,0.2,53.997,-25
2497,CA-2015-122371,2015-09-26,2015-01-10,Standard Class,BS-11800,Bryan Spruell,Home Office,United States,San Diego,California,92037,West,OFF-ST-10002370,Office Supplies,Storage,"Sortfiler Multipurpose Personal File Organizer, Black",64.17,3,0.0,18.6093,-259
2498,CA-2015-122371,2015-09-26,2015-01-10,Standard Class,BS-11800,Bryan Spruell,Home Office,United States,San Diego,California,92037,West,OFF-EN-10000056,Office Supplies,Envelopes,Cameo Buff Policy Envelopes,124.46,2,0.0,58.4962,-259
2542,CA-2016-144792,2016-04-30,2016-04-05,Standard Class,KD-16615,Ken Dana,Corporate,United States,Scottsdale,Arizona,85254,West,FUR-FU-10002759,Furniture,Furnishings,12-1/2 Diameter Round Wall Clock,111.888,7,0.2,22.3776,-25
2543,CA-2014-164385,2014-09-26,2014-01-10,Second Class,NB-18580,Nicole Brennan,Corporate,United States,Philadelphia,Pennsylvania,19134,East,OFF-AP-10002191,Office Supplies,Appliances,Belkin 8 Outlet SurgeMaster II Gold Surge Protector,143.952,3,0.2,14.3952,-259
2559,CA-2015-147788,2015-05-31,2015-04-06,Standard Class,TM-21010,Tamara Manning,Consumer,United States,Orem,Utah,84057,West,FUR-BO-10004357,Furniture,Bookcases,O'Sullivan Living Dimensions 3-Shelf Bookcases,1406.86,7,0.0,140.686,-55
2560,CA-2015-147788,2015-05-31,2015-04-06,Standard Class,TM-21010,Tamara Manning,Consumer,United States,Orem,Utah,84057,West,OFF-LA-10003766,Office Supplies,Labels,Self-Adhesive Removable Labels,15.75,5,0.0,7.56,-55
2561,CA-2015-147788,2015-05-31,2015-04-06,Standard Class,TM-21010,Tamara Manning,Consumer,United States,Orem,Utah,84057,West,OFF-ST-10000046,Office Supplies,Storage,Fellowes Super Stor/Drawer Files,323.1,2,0.0,61.389,-55
2573,CA-2016-155845,2016-12-08,2016-08-15,Second Class,CM-12235,Chris McAfee,Consumer,United States,Carrollton,Texas,75007,Central,TEC-AC-10004145,Technology,Accessories,Logitech diNovo Edge Keyboard,1399.944,7,0.2,52.4979,-115
2574,CA-2017-145128,2017-09-07,2017-07-14,Standard Class,SM-20320,Sean Miller,Home Office,United States,Lafayette,Indiana,47905,Central,FUR-FU-10000293,Furniture,Furnishings,Eldon Antistatic Chair Mats for Low to Medium Pile Carpets,526.45,5,0.0,31.587,-55
2587,CA-2017-131695,2017-06-30,2017-06-07,Standard Class,RA-19285,Ralph Arnett,Consumer,United States,New York City,New York,10024,East,OFF-ST-10001476,Office Supplies,Storage,Steel Personal Filing/Posting Tote,248.57,7,0.0,67.1139,-23
2588,CA-2017-131695,2017-06-30,2017-06-07,Standard Class,RA-19285,Ralph Arnett,Consumer,United States,New York City,New York,10024,East,FUR-FU-10002045,Furniture,Furnishings,"Executive Impressions 14""",22.23,1,0.0,9.7812,-23
2615,CA-2014-147298,2014-04-26,2014-03-05,Standard Class,AG-10300,Aleksandra Gannaway,Corporate,United States,Los Angeles,California,90049,West,FUR-CH-10004886,Furniture,Chairs,Bevis Steel Folding Chairs,230.28,3,0.2,23.028,-52
2616,CA-2014-147298,2014-04-26,2014-03-05,Standard Class,AG-10300,Aleksandra Gannaway,Corporate,United States,Los Angeles,California,90049,West,OFF-BI-10001525,Office Supplies,Binders,"Acco Pressboard Covers with Storage Hooks, 14 7/8"" x 11"", Executive Red",18.288,6,0.2,5.715,-52
2631,CA-2015-168186,2015-10-09,2015-09-15,Standard Class,AB-10150,Aimee Bixby,Consumer,United States,Tulsa,Oklahoma,74133,Central,OFF-PA-10000477,Office Supplies,Paper,Xerox 1952,14.94,3,0.0,7.0218,-24
2638,CA-2017-108441,2017-12-06,2017-06-18,Standard Class,SB-20170,Sarah Bern,Consumer,United States,New York City,New York,10035,East,OFF-PA-10000697,Office Supplies,Paper,"TOPS Voice Message Log Book, Flash Format",19.04,4,0.0,9.3296,-171
2639,CA-2017-108441,2017-12-06,2017-06-18,Standard Class,SB-20170,Sarah Bern,Consumer,United States,New York City,New York,10035,East,OFF-BI-10000848,Office Supplies,Binders,Angle-D Ring Binders,13.128,3,0.2,4.2666,-171
2640,CA-2017-108441,2017-12-06,2017-06-18,Standard Class,SB-20170,Sarah Bern,Consumer,United States,New York City,New York,10035,East,OFF-AR-10004691,Office Supplies,Art,Boston 1730 StandUp Electric Pencil Sharpener,64.14,3,0.0,16.6764,-171
2641,CA-2017-108441,2017-12-06,2017-06-18,Standard Class,SB-20170,Sarah Bern,Consumer,United States,New York City,New York,10035,East,FUR-CH-10000595,Furniture,Chairs,Safco Contoured Stacking Chairs,858.24,4,0.1,143.04,-171
2651,US-2016-146794,2016-09-26,2016-01-10,Standard Class,SH-19975,Sally Hughsby,Corporate,United States,Hesperia,California,92345,West,FUR-BO-10004467,Furniture,Bookcases,Bestar Classic Bookcase,424.9575,5,0.15,19.998,-260
2661,CA-2017-123372,2017-11-28,2017-02-12,Standard Class,DG-13300,Deirdre Greer,Corporate,United States,New York City,New York,10035,East,TEC-PH-10002834,Technology,Phones,Google Nexus 5,1979.89,11,0.0,494.9725,-289
2662,CA-2017-123372,2017-11-28,2017-02-12,Standard Class,DG-13300,Deirdre Greer,Corporate,United States,New York City,New York,10035,East,OFF-EN-10003055,Office Supplies,Envelopes,"Blue String-Tie & Button Interoffice Envelopes, 10 x 13",79.96,2,0.0,35.982,-289
2676,CA-2017-132185,2017-11-27,2017-02-12,Standard Class,DB-13615,Doug Bickford,Consumer,United States,Asheville,North Carolina,28806,South,OFF-AR-10000422,Office Supplies,Art,Pencil and Crayon Sharpener,8.76,5,0.2,0.7665,-288
2677,CA-2017-132185,2017-11-27,2017-02-12,Standard Class,DB-13615,Doug Bickford,Consumer,United States,Asheville,North Carolina,28806,South,OFF-AP-10001205,Office Supplies,Appliances,Belkin 5 Outlet SurgeMaster Power Centers,43.584,1,0.2,4.3584,-288
2685,CA-2017-137085,2017-06-29,2017-06-07,Standard Class,CT-11995,Carol Triggs,Consumer,United States,Los Angeles,California,90004,West,OFF-BI-10000632,Office Supplies,Binders,Satellite Sectional Post Binders,312.552,9,0.2,101.5794,-22
2689,CA-2015-153220,2015-12-11,2015-11-14,First Class,YC-21895,Yoseph Carroll,Corporate,United States,Los Angeles,California,90032,West,OFF-PA-10003016,Office Supplies,Paper,"Adams ""While You Were Out"" Message Pads",15.7,5,0.0,7.065,-27
2690,CA-2014-123064,2014-06-30,2014-02-07,First Class,RA-19915,Russell Applegate,Consumer,United States,Chicago,Illinois,60653,Central,OFF-AR-10004582,Office Supplies,Art,BIC Brite Liner Grip Highlighters,5.248,4,0.2,1.64,-143
2692,US-2016-144211,2016-08-28,2016-02-09,Standard Class,CS-12130,Chad Sievert,Consumer,United States,Englewood,Colorado,80112,West,OFF-PA-10002246,Office Supplies,Paper,"Wirebound Four 2-3/4 x 5 Forms per Page, 400 Sets per Book",15.48,3,0.2,5.6115,-201
2693,US-2016-144211,2016-08-28,2016-02-09,Standard Class,CS-12130,Chad Sievert,Consumer,United States,Englewood,Colorado,80112,West,TEC-PH-10002890,Technology,Phones,AT&T 17929 Lendline Telephone,108.576,3,0.2,8.1432,-201
2705,CA-2017-156818,2017-11-07,2017-07-13,Second Class,JD-16015,Joy Daniels,Consumer,United States,New York City,New York,10009,East,TEC-AC-10002323,Technology,Accessories,SanDisk Ultra 32 GB MicroSDHC Class 10 Memory Card,132.6,6,0.0,17.238,-117
2713,CA-2017-146031,2017-07-29,2017-01-08,Second Class,GM-14440,Gary McGarr,Consumer,United States,Troy,New York,12180,East,OFF-AR-10002656,Office Supplies,Art,Sanford Liquid Accent Highlighters,60.12,9,0.0,22.2444,-202
2717,CA-2017-128475,2017-08-26,2017-01-09,Standard Class,SC-20680,Steve Carroll,Home Office,United States,Columbus,Georgia,31907,South,TEC-AC-10000158,Technology,Accessories,Sony 64GB Class 10 Micro SDHC R40 Memory Card,71.98,2,0.0,15.1158,-229
2747,CA-2014-155887,2014-12-05,2014-05-17,Standard Class,KT-16480,Kean Thornton,Consumer,United States,Franklin,Massachusetts,2038,East,FUR-TA-10002228,Furniture,Tables,"Bevis Traditional Conference Table Top, Plinth Base",700.056,3,0.3,-130.0104,-202
2750,US-2014-141257,2014-08-06,2014-06-14,Standard Class,CS-11950,Carlos Soltero,Consumer,United States,Seattle,Washington,98115,West,FUR-CH-10002758,Furniture,Chairs,"Hon Deluxe Fabric Upholstered Stacking Chairs, Squared Back",585.552,3,0.2,73.194,-53
2758,CA-2016-127775,2016-11-06,2016-06-13,Second Class,ES-14020,Erica Smith,Consumer,United States,New York City,New York,10035,East,TEC-AC-10002402,Technology,Accessories,Razer Kraken PRO Over Ear PC and Music Headset,239.97,3,0.0,71.991,-146
2759,CA-2016-146171,2016-11-03,2016-03-15,Standard Class,JP-16135,Julie Prescott,Home Office,United States,Columbus,Georgia,31907,South,FUR-FU-10004270,Furniture,Furnishings,"Executive Impressions 13"" Clairmont Wall Clock",76.92,4,0.0,31.5372,-233
2760,CA-2016-146171,2016-11-03,2016-03-15,Standard Class,JP-16135,Julie Prescott,Home Office,United States,Columbus,Georgia,31907,South,OFF-ST-10001526,Office Supplies,Storage,Iceberg Mobile Mega Data/Printer Cart,481.32,4,0.0,125.1432,-233
2762,CA-2017-126536,2017-12-10,2017-10-14,First Class,NK-18490,Neil Knudson,Home Office,United States,San Francisco,California,94110,West,TEC-AC-10003709,Technology,Accessories,Maxell 4.7GB DVD-R 5/Pack,0.99,1,0.0,0.4356,-57
2763,CA-2017-126536,2017-12-10,2017-10-14,First Class,NK-18490,Neil Knudson,Home Office,United States,San Francisco,California,94110,West,OFF-BI-10001191,Office Supplies,Binders,Canvas Sectional Post Binders,101.84,5,0.2,36.917,-57
2794,CA-2014-154599,2014-12-04,2014-04-17,Standard Class,KN-16450,Kean Nguyen,Corporate,United States,Redondo Beach,California,90278,West,TEC-PH-10001557,Technology,Phones,Pyle PMP37LED,1075.088,14,0.2,94.0702,-231
2795,CA-2014-154599,2014-12-04,2014-04-17,Standard Class,KN-16450,Kean Nguyen,Corporate,United States,Redondo Beach,California,90278,West,TEC-PH-10000576,Technology,Phones,AT&T 1080 Corded phone,438.368,4,0.2,38.3572,-231
2796,CA-2014-154599,2014-12-04,2014-04-17,Standard Class,KN-16450,Kean Nguyen,Corporate,United States,Redondo Beach,California,90278,West,OFF-BI-10002764,Office Supplies,Binders,Recycled Pressboard Report Cover with Reinforced Top Hinge,18.088,7,0.2,6.5569,-231
2797,CA-2014-154599,2014-12-04,2014-04-17,Standard Class,KN-16450,Kean Nguyen,Corporate,United States,Redondo Beach,California,90278,West,FUR-BO-10001337,Furniture,Bookcases,O'Sullivan Living Dimensions 2-Shelf Bookcases,308.499,3,0.15,-18.147,-231
2804,CA-2015-159380,2015-12-05,2015-05-16,Standard Class,CS-12505,Cindy Stewart,Consumer,United States,San Francisco,California,94122,West,OFF-PA-10003893,Office Supplies,Paper,Xerox 1962,12.84,3,0.0,5.778,-203
2805,CA-2015-159380,2015-12-05,2015-05-16,Standard Class,CS-12505,Cindy Stewart,Consumer,United States,San Francisco,California,94122,West,OFF-PA-10004239,Office Supplies,Paper,Xerox 1953,25.68,6,0.0,11.556,-203
2842,US-2017-135062,2017-08-31,2017-04-09,Second Class,RL-19615,Rob Lucas,Consumer,United States,Fayetteville,North Carolina,28314,South,OFF-PA-10000100,Office Supplies,Paper,Xerox 1945,229.544,7,0.2,83.2097,-144
2847,CA-2017-152093,2017-10-09,2017-09-15,Standard Class,SN-20560,Skye Norling,Home Office,United States,Chicago,Illinois,60653,Central,OFF-BI-10003527,Office Supplies,Binders,Fellowes PB500 Electric Punch Plastic Comb Binding Machine with Manual Bind,762.594,3,0.8,-1143.891,-24
2848,CA-2017-157854,2017-08-04,2017-04-15,Standard Class,DM-13345,Denise Monton,Corporate,United States,Roswell,Georgia,30076,South,FUR-FU-10003832,Furniture,Furnishings,"Eldon Expressions Punched Metal & Wood Desk Accessories, Black & Cherry",56.28,6,0.0,15.7584,-111
2849,CA-2017-157854,2017-08-04,2017-04-15,Standard Class,DM-13345,Denise Monton,Corporate,United States,Roswell,Georgia,30076,South,OFF-BI-10001359,Office Supplies,Binders,GBC DocuBind TL300 Electric Binding System,2690.97,3,0.0,1264.7559,-111
2850,CA-2016-123617,2016-11-28,2016-03-12,Standard Class,AJ-10780,Anthony Jacobs,Corporate,United States,Palm Coast,Florida,32137,South,OFF-BI-10002976,Office Supplies,Binders,ACCOHIDE Binder by Acco,7.434,6,0.7,-5.6994,-261
2863,CA-2017-106537,2017-12-08,2017-08-17,Standard Class,RH-19495,Rick Hansen,Consumer,United States,Orlando,Florida,32839,South,OFF-PA-10000223,Office Supplies,Paper,Xerox 2000,20.736,4,0.2,7.2576,-113
2870,CA-2017-143861,2017-12-06,2017-06-19,Standard Class,LC-16885,Lena Creighton,Consumer,United States,Saint Petersburg,Florida,33710,South,FUR-FU-10001546,Furniture,Furnishings,Dana Swing-Arm Lamps,17.088,2,0.2,1.068,-170
2891,CA-2014-142727,2014-04-29,2014-01-05,Second Class,HG-14845,Harry Greene,Consumer,United States,Lake Charles,Louisiana,70601,South,FUR-CH-10002304,Furniture,Chairs,"Global Stack Chair without Arms, Black",51.96,2,0.0,12.99,-114
2892,CA-2014-142727,2014-04-29,2014-01-05,Second Class,HG-14845,Harry Greene,Consumer,United States,Lake Charles,Louisiana,70601,South,OFF-BI-10000136,Office Supplies,Binders,Avery Non-Stick Heavy Duty View Round Locking Ring Binders,17.94,3,0.0,8.6112,-114
2897,CA-2014-169033,2014-03-30,2014-03-04,Standard Class,KM-16720,Kunst Miller,Consumer,United States,Long Beach,New York,11561,East,OFF-AR-10001915,Office Supplies,Art,Peel-Off China Markers,49.65,5,0.0,20.853,-26
2900,CA-2015-166464,2015-12-09,2015-09-17,Standard Class,PG-18895,Paul Gonzalez,Consumer,United States,New York City,New York,10035,East,TEC-CO-10000971,Technology,Copiers,Hewlett Packard 310 Color Digital Copier,479.984,2,0.2,59.998,-83
2901,CA-2015-166464,2015-12-09,2015-09-17,Standard Class,PG-18895,Paul Gonzalez,Consumer,United States,New York City,New York,10035,East,OFF-LA-10001317,Office Supplies,Labels,Avery 520,12.6,4,0.0,6.048,-83
2902,CA-2017-124898,2017-11-09,2017-09-15,Standard Class,DB-12910,Daniel Byrd,Home Office,United States,Columbus,Georgia,31907,South,OFF-PA-10003656,Office Supplies,Paper,Xerox 1935,184.66,7,0.0,84.9436,-55
2903,CA-2016-164035,2016-12-06,2016-06-17,Standard Class,CR-12730,Craig Reiter,Consumer,United States,Chicago,Illinois,60610,Central,OFF-PA-10002160,Office Supplies,Paper,Xerox 1978,23.12,5,0.2,8.381,-172
2904,CA-2016-153577,2016-06-27,2016-01-07,Standard Class,KH-16330,Katharine Harms,Corporate,United States,Highland Park,Illinois,60035,Central,OFF-PA-10000575,Office Supplies,Paper,"Wirebound Message Books, Four 2 3/4 x 5 White Forms per Page",37.464,7,0.2,12.1758,-172
2905,CA-2016-153577,2016-06-27,2016-01-07,Standard Class,KH-16330,Katharine Harms,Corporate,United States,Highland Park,Illinois,60035,Central,FUR-CH-10003981,Furniture,Chairs,Global Commerce Series Low-Back Swivel/Tilt Chairs,539.658,3,0.3,-7.7094,-172
2915,CA-2015-134747,2015-12-10,2015-10-17,Second Class,DL-12925,Daniel Lacy,Consumer,United States,Noblesville,Indiana,46060,Central,TEC-PH-10002890,Technology,Phones,AT&T 17929 Lendline Telephone,135.72,3,0.0,35.2872,-54
2916,CA-2015-134747,2015-12-10,2015-10-17,Second Class,DL-12925,Daniel Lacy,Consumer,United States,Noblesville,Indiana,46060,Central,OFF-BI-10001308,Office Supplies,Binders,GBC Standard Plastic Binding Systems' Combs,12.56,2,0.0,5.652,-54
2917,CA-2015-134747,2015-12-10,2015-10-17,Second Class,DL-12925,Daniel Lacy,Consumer,United States,Noblesville,Indiana,46060,Central,TEC-PH-10001750,Technology,Phones,Samsung Rugby III,263.96,4,0.0,71.2692,-54
2923,US-2015-141453,2015-11-30,2015-03-12,Second Class,DB-13270,Deborah Brumfield,Home Office,United States,Austin,Texas,78745,Central,OFF-BI-10000301,Office Supplies,Binders,GBC Instant Report Kit,3.882,3,0.8,-5.823,-263
2924,CA-2014-156993,2014-06-28,2014-04-07,Standard Class,RW-19630,Rob Williams,Corporate,United States,Detroit,Michigan,48234,Central,OFF-FA-10003495,Office Supplies,Fasteners,Staples,6.08,1,0.0,3.04,-82
2927,CA-2017-128629,2017-10-07,2017-07-14,Second Class,BP-11155,Becky Pak,Consumer,United States,Columbus,Georgia,31907,South,FUR-FU-10000771,Furniture,Furnishings,"Eldon 200 Class Desk Accessories, Smoke",18.84,3,0.0,7.9128,-85
2957,CA-2017-123638,2017-06-27,2017-04-07,Standard Class,MA-17995,Michelle Arnett,Home Office,United States,Watertown,New York,13601,East,FUR-CH-10002647,Furniture,Chairs,"Situations Contoured Folding Chairs, 4/Set",191.646,3,0.1,31.941,-81
2961,CA-2017-143665,2017-04-26,2017-01-05,Standard Class,PO-19180,Philisse Overcash,Home Office,United States,Seattle,Washington,98115,West,OFF-PA-10003673,Office Supplies,Paper,Strathmore Photo Mount Cards,20.34,3,0.0,9.3564,-111
2962,CA-2017-143665,2017-04-26,2017-01-05,Standard Class,PO-19180,Philisse Overcash,Home Office,United States,Seattle,Washington,98115,West,OFF-LA-10002034,Office Supplies,Labels,Avery 478,39.28,8,0.0,19.2472,-111
2980,CA-2015-139850,2015-12-06,2015-06-17,Standard Class,GB-14575,Giulietta Baptist,Consumer,United States,Philadelphia,Pennsylvania,19134,East,OFF-PA-10003848,Office Supplies,Paper,Xerox 1997,20.736,4,0.2,7.2576,-172
2981,CA-2015-139850,2015-12-06,2015-06-17,Standard Class,GB-14575,Giulietta Baptist,Consumer,United States,Philadelphia,Pennsylvania,19134,East,FUR-FU-10003623,Furniture,Furnishings,"DataProducts Ampli Magnifier Task Lamp, Black,",43.296,2,0.2,4.3296,-172
2982,CA-2014-131310,2014-12-07,2014-07-18,Standard Class,CL-12565,Clay Ludtke,Consumer,United States,Seattle,Washington,98115,West,FUR-CH-10001797,Furniture,Chairs,"Safco Chair Connectors, 6/Carton",123.136,4,0.2,13.8528,-142
2983,CA-2014-131310,2014-12-07,2014-07-18,Standard Class,CL-12565,Clay Ludtke,Consumer,United States,Seattle,Washington,98115,West,OFF-BI-10003094,Office Supplies,Binders,Self-Adhesive Ring Binder Labels,11.264,4,0.2,3.8016,-142
2994,CA-2017-147291,2017-11-03,2017-03-17,Standard Class,MJ-17740,Max Jones,Consumer,United States,Detroit,Michigan,48227,Central,OFF-BI-10003091,Office Supplies,Binders,GBC DocuBind TL200 Manual Binding Machine,895.92,4,0.0,421.0824,-231
3035,US-2015-123960,2015-11-06,2015-06-16,Standard Class,BD-11605,Brian Dahlen,Consumer,United States,Monroe,Louisiana,71203,South,TEC-AC-10003038,Technology,Accessories,Kingston Digital DataTraveler 16GB USB 2.0,53.7,6,0.0,10.203,-143
3036,US-2015-123960,2015-11-06,2015-06-16,Standard Class,BD-11605,Brian Dahlen,Consumer,United States,Monroe,Louisiana,71203,South,OFF-BI-10002799,Office Supplies,Binders,"SlimView Poly Binder, 3/8""",36.26,7,0.0,16.6796,-143
3037,US-2015-123960,2015-11-06,2015-06-16,Standard Class,BD-11605,Brian Dahlen,Consumer,United States,Monroe,Louisiana,71203,South,OFF-AR-10003582,Office Supplies,Art,"Boston Electric Pencil Sharpener, Model 1818, Charcoal Black",56.3,2,0.0,15.764,-143
3038,US-2015-123960,2015-11-06,2015-06-16,Standard Class,BD-11605,Brian Dahlen,Consumer,United States,Monroe,Louisiana,71203,South,OFF-PA-10004451,Office Supplies,Paper,Xerox 222,32.4,5,0.0,15.552,-143
3039,US-2015-123960,2015-11-06,2015-06-16,Standard Class,BD-11605,Brian Dahlen,Consumer,United States,Monroe,Louisiana,71203,South,FUR-FU-10004666,Furniture,Furnishings,DAX Clear Channel Poster Frame,29.16,2,0.0,10.7892,-143
3045,CA-2015-135174,2015-04-30,2015-02-05,Second Class,BP-11230,Benjamin Patterson,Consumer,United States,Troy,Ohio,45373,East,TEC-PH-10001530,Technology,Phones,Cisco Unified IP Phone 7945G VoIP phone,1022.97,5,0.4,-255.7425,-84
3048,CA-2014-137351,2014-09-30,2014-04-10,Standard Class,DB-13615,Doug Bickford,Consumer,United States,Seattle,Washington,98105,West,OFF-BI-10003910,Office Supplies,Binders,DXL Angle-View Binders with Locking Rings by Samsill,43.176,7,0.2,13.4925,-173
3054,CA-2016-128517,2016-09-04,2016-04-14,Second Class,SW-20350,Sean Wendt,Home Office,United States,Detroit,Michigan,48227,Central,TEC-PH-10002555,Technology,Phones,Nortel Meridian M5316 Digital phone,517.9,2,0.0,134.654,-143
3055,CA-2016-128517,2016-09-04,2016-04-14,Second Class,SW-20350,Sean Wendt,Home Office,United States,Detroit,Michigan,48227,Central,OFF-BI-10000831,Office Supplies,Binders,Storex Flexible Poly Binders with Double Pockets,5.28,2,0.0,2.4288,-143
3056,US-2015-100377,2015-08-28,2015-01-09,Standard Class,TS-21370,Todd Sumrall,Corporate,United States,Chicago,Illinois,60623,Central,TEC-CO-10001046,Technology,Copiers,Canon Imageclass D680 Copier / Fax,2799.96,5,0.2,874.9875,-231
3082,US-2017-132297,2017-05-27,2017-02-06,Standard Class,DW-13480,Dianna Wilson,Home Office,United States,Louisville,Kentucky,40214,South,OFF-BI-10003364,Office Supplies,Binders,Binding Machine Supplies,58.34,2,0.0,28.0032,-110
3083,US-2017-132297,2017-05-27,2017-02-06,Standard Class,DW-13480,Dianna Wilson,Home Office,United States,Louisville,Kentucky,40214,South,TEC-PH-10002834,Technology,Phones,Google Nexus 5,539.97,3,0.0,134.9925,-110
3085,CA-2017-118773,2017-09-02,2017-02-14,Standard Class,TP-21415,Tom Prescott,Consumer,United States,Houston,Texas,77070,Central,OFF-BI-10004584,Office Supplies,Binders,GBC ProClick 150 Presentation Binding System,252.784,4,0.8,-417.0936,-200
3086,CA-2017-118773,2017-09-02,2017-02-14,Standard Class,TP-21415,Tom Prescott,Consumer,United States,Houston,Texas,77070,Central,TEC-AC-10002402,Technology,Accessories,Razer Kraken PRO Over Ear PC and Music Headset,127.984,2,0.2,15.998,-200
3087,CA-2017-118773,2017-09-02,2017-02-14,Standard Class,TP-21415,Tom Prescott,Consumer,United States,Houston,Texas,77070,Central,FUR-FU-10000550,Furniture,Furnishings,Stacking Trays by OIC,3.984,2,0.6,-2.6892,-200
3088,CA-2017-118773,2017-09-02,2017-02-14,Standard Class,TP-21415,Tom Prescott,Consumer,United States,Houston,Texas,77070,Central,OFF-AP-10000055,Office Supplies,Appliances,Belkin F9S820V06 8 Outlet Surge,12.992,2,0.8,-32.48,-200
3089,US-2017-159205,2017-03-31,2017-02-04,Second Class,DB-12910,Daniel Byrd,Home Office,United States,Henderson,Kentucky,42420,South,FUR-FU-10001591,Furniture,Furnishings,Advantus Panel Wall Certificate Holder - 8.5x11,61.0,5,0.0,25.62,-55
3090,US-2017-159205,2017-03-31,2017-02-04,Second Class,DB-12910,Daniel Byrd,Home Office,United States,Henderson,Kentucky,42420,South,TEC-PH-10000526,Technology,Phones,Vtech CS6719,671.93,7,0.0,188.1404,-55
3098,CA-2017-135692,2017-04-27,2017-01-05,Standard Class,CV-12805,Cynthia Voltz,Corporate,United States,Fort Worth,Texas,76106,Central,OFF-LA-10001158,Office Supplies,Labels,"Avery Address/Shipping Labels for Typewriters, 4"" x 2""",33.12,4,0.2,11.592,-112
3099,CA-2017-135692,2017-04-27,2017-01-05,Standard Class,CV-12805,Cynthia Voltz,Corporate,United States,Fort Worth,Texas,76106,Central,FUR-BO-10002268,Furniture,Bookcases,Sauder Barrister Bookcases,220.2656,4,0.32,-42.1096,-112
3107,CA-2017-127460,2017-10-07,2017-07-14,Standard Class,FG-14260,Frank Gastineau,Home Office,United States,Aurora,Illinois,60505,Central,OFF-ST-10004340,Office Supplies,Storage,"Fellowes Mobile File Cart, Black",298.464,6,0.2,26.1156,-85
3135,CA-2017-164168,2017-12-11,2017-11-18,Standard Class,LS-16975,Lindsay Shagiari,Home Office,United States,Dallas,Texas,75081,Central,OFF-BI-10000666,Office Supplies,Binders,Surelock Post Binders,30.56,5,0.8,-45.84,-23
3136,CA-2017-164168,2017-12-11,2017-11-18,Standard Class,LS-16975,Lindsay Shagiari,Home Office,United States,Dallas,Texas,75081,Central,OFF-ST-10002583,Office Supplies,Storage,Fellowes Neat Ideas Storage Cubes,77.952,3,0.2,-15.5904,-23
3137,CA-2017-164168,2017-12-11,2017-11-18,Standard Class,LS-16975,Lindsay Shagiari,Home Office,United States,Dallas,Texas,75081,Central,TEC-PH-10004908,Technology,Phones,Panasonic KX TS3282W Corded phone,67.992,1,0.2,8.499,-23
3138,CA-2017-164168,2017-12-11,2017-11-18,Standard Class,LS-16975,Lindsay Shagiari,Home Office,United States,Dallas,Texas,75081,Central,OFF-EN-10001219,Office Supplies,Envelopes,"#10- 4 1/8"" x 9 1/2"" Security-Tint Envelopes",12.224,2,0.2,4.4312,-23
3139,CA-2017-164168,2017-12-11,2017-11-18,Standard Class,LS-16975,Lindsay Shagiari,Home Office,United States,Dallas,Texas,75081,Central,TEC-AC-10004568,Technology,Accessories,Maxell LTO Ultrium - 800 GB,44.784,2,0.2,-0.5598,-23
3140,CA-2017-164168,2017-12-11,2017-11-18,Standard Class,LS-16975,Lindsay Shagiari,Home Office,United States,Dallas,Texas,75081,Central,FUR-FU-10001756,Furniture,Furnishings,"Eldon Expressions Desk Accessory, Wood Photo Frame, Mahogany",22.848,3,0.6,-17.7072,-23
3146,CA-2017-131828,2017-11-02,2017-02-13,Second Class,CS-11845,Cari Sayre,Corporate,United States,Seattle,Washington,98105,West,FUR-CH-10004495,Furniture,Chairs,"Global Leather and Oak Executive Chair, Black",963.136,4,0.2,108.3528,-262
3147,CA-2017-131828,2017-11-02,2017-02-13,Second Class,CS-11845,Cari Sayre,Corporate,United States,Seattle,Washington,98105,West,TEC-PH-10002923,Technology,Phones,"Logitech B530 USB Headset - headset - Full size, Binaural",88.776,3,0.2,7.7679,-262
3148,CA-2014-109218,2014-06-30,2014-03-07,Second Class,AR-10825,Anthony Rawles,Corporate,United States,Los Angeles,California,90004,West,OFF-AR-10001374,Office Supplies,Art,"BIC Brite Liner Highlighters, Chisel Tip",32.4,5,0.0,10.368,-115
3161,US-2014-150924,2014-12-09,2014-09-16,Second Class,PT-19090,Pete Takahito,Consumer,United States,Houston,Texas,77070,Central,OFF-BI-10004040,Office Supplies,Binders,Wilson Jones Impact Binders,5.18,5,0.8,-8.029,-84
3169,CA-2016-138695,2016-05-28,2016-03-06,Standard Class,KC-16675,Kimberly Carter,Corporate,United States,Tallahassee,Florida,32303,South,FUR-CH-10003833,Furniture,Chairs,Novimex Fabric Task Chair,390.272,8,0.2,-24.392,-83
3170,CA-2016-138695,2016-05-28,2016-03-06,Standard Class,KC-16675,Kimberly Carter,Corporate,United States,Tallahassee,Florida,32303,South,OFF-PA-10001667,Office Supplies,Paper,Great White Multi-Use Recycled Paper (20Lb. and 84 Bright),62.192,13,0.2,19.435,-83
3188,CA-2017-159352,2017-12-03,2017-03-17,Standard Class,KB-16585,Ken Black,Corporate,United States,Lowell,Massachusetts,1852,East,TEC-PH-10004700,Technology,Phones,PowerGen Dual USB Car Charger,69.93,7,0.0,32.1678,-261
3209,CA-2016-108882,2016-09-01,2016-01-15,Standard Class,LA-16780,Laura Armstrong,Corporate,United States,Fresno,California,93727,West,TEC-AC-10000420,Technology,Accessories,Logitech G500s Laser Gaming Mouse with Adjustable Weight Tuning,349.95,5,0.0,118.983,-230
3210,CA-2016-108882,2016-09-01,2016-01-15,Standard Class,LA-16780,Laura Armstrong,Corporate,United States,Fresno,California,93727,West,TEC-PH-10002726,Technology,Phones,netTALK DUO VoIP Telephone Service,377.928,9,0.2,141.723,-230
3214,CA-2016-132409,2016-05-26,2016-01-06,Standard Class,TH-21235,Tiffany House,Corporate,United States,Philadelphia,Pennsylvania,19134,East,OFF-AR-10001919,Office Supplies,Art,"OIC #2 Pencils, Medium Soft",1.504,1,0.2,0.1692,-141
3215,CA-2016-132409,2016-05-26,2016-01-06,Standard Class,TH-21235,Tiffany House,Corporate,United States,Philadelphia,Pennsylvania,19134,East,OFF-AP-10002082,Office Supplies,Appliances,Holmes HEPA Air Purifier,34.848,2,0.2,6.534,-141
3230,CA-2014-154641,2014-11-08,2014-08-16,Standard Class,KL-16645,Ken Lonsdale,Consumer,United States,New York City,New York,10035,East,OFF-ST-10004459,Office Supplies,Storage,Tennsco Single-Tier Lockers,375.34,1,0.0,18.767,-84
3255,CA-2016-155474,2016-08-07,2016-07-14,Standard Class,CC-12220,Chris Cortes,Consumer,United States,Seattle,Washington,98105,West,TEC-PH-10001580,Technology,Phones,Logitech Mobile Speakerphone P710e - speaker phone,107.984,1,0.2,9.4486,-24
3256,CA-2016-155474,2016-08-07,2016-07-14,Standard Class,CC-12220,Chris Cortes,Consumer,United States,Seattle,Washington,98105,West,OFF-BI-10004209,Office Supplies,Binders,"Fellowes Twister Kit, Gray/Clear, 3/pkg",19.296,3,0.2,6.03,-24
3257,CA-2015-155453,2015-09-08,2015-08-14,Standard Class,RA-19885,Ruben Ausman,Corporate,United States,Jacksonville,Florida,32216,South,OFF-LA-10001613,Office Supplies,Labels,Avery File Folder Labels,4.608,2,0.2,1.6704,-25
3266,US-2014-126571,2014-11-10,2014-10-15,Standard Class,JF-15565,Jill Fjeld,Consumer,United States,Philadelphia,Pennsylvania,19120,East,OFF-ST-10003816,Office Supplies,Storage,Fellowes High-Stak Drawer Files,281.904,2,0.2,10.5714,-26
3267,US-2014-126571,2014-11-10,2014-10-15,Standard Class,JF-15565,Jill Fjeld,Consumer,United States,Philadelphia,Pennsylvania,19120,East,OFF-EN-10002230,Office Supplies,Envelopes,Airmail Envelopes,201.432,3,0.2,67.9833,-26
3273,CA-2015-146038,2015-09-02,2015-02-16,Standard Class,SJ-20215,Sarah Jordon,Consumer,United States,Los Angeles,California,90049,West,FUR-CH-10002774,Furniture,Chairs,"Global Deluxe Stacking Chair, Gray",203.92,5,0.2,22.941,-198
3284,CA-2014-159478,2014-09-30,2014-06-10,Standard Class,MH-17785,Maya Herman,Corporate,United States,New York City,New York,10035,East,FUR-FU-10000221,Furniture,Furnishings,"Master Caster Door Stop, Brown",15.24,3,0.0,5.1816,-112
3285,CA-2014-103702,2014-12-09,2014-09-17,Standard Class,AF-10885,Art Foster,Consumer,United States,Fairfield,Ohio,45014,East,OFF-BI-10002429,Office Supplies,Binders,"Premier Elliptical Ring Binder, Black",63.924,7,0.7,-46.8776,-83
3292,CA-2016-167290,2016-10-30,2016-04-11,Standard Class,JF-15295,Jason Fortune-,Consumer,United States,Sterling Heights,Michigan,48310,Central,OFF-AR-10004078,Office Supplies,Art,Newell 312,11.68,2,0.0,3.504,-202
3313,US-2014-133130,2014-09-27,2014-01-10,Standard Class,TH-21100,Thea Hendricks,Consumer,United States,San Diego,California,92037,West,FUR-CH-10002602,Furniture,Chairs,DMI Arturo Collection Mission-style Design Wood Chair,603.92,5,0.2,45.294,-260
3314,US-2014-133130,2014-09-27,2014-01-10,Standard Class,TH-21100,Thea Hendricks,Consumer,United States,San Diego,California,92037,West,OFF-PA-10000675,Office Supplies,Paper,Xerox 1919,81.98,2,0.0,40.1702,-260
3318,CA-2015-165057,2015-11-09,2015-09-15,Standard Class,SC-20725,Steven Cartwright,Consumer,United States,Redlands,California,92374,West,OFF-AR-10004648,Office Supplies,Art,Boston 19500 Mighty Mite Electric Pencil Sharpener,181.35,9,0.0,48.9645,-55
3319,CA-2015-165057,2015-11-09,2015-09-15,Standard Class,SC-20725,Steven Cartwright,Consumer,United States,Redlands,California,92374,West,OFF-LA-10003190,Office Supplies,Labels,Avery 474,8.64,3,0.0,4.2336,-55
3342,CA-2016-145982,2016-08-27,2016-01-09,Second Class,TB-21055,Ted Butterfield,Consumer,United States,Quincy,Massachusetts,2169,East,OFF-PA-10000675,Office Supplies,Paper,Xerox 1919,122.97,3,0.0,60.2553,-231
3343,CA-2016-145982,2016-08-27,2016-01-09,Second Class,TB-21055,Ted Butterfield,Consumer,United States,Quincy,Massachusetts,2169,East,FUR-TA-10001307,Furniture,Tables,"SAFCO PlanMaster Heigh-Adjustable Drafting Table Base, 43w x 30d x 30-37h, Black",244.615,1,0.3,20.967,-231
3344,CA-2016-145982,2016-08-27,2016-01-09,Second Class,TB-21055,Ted Butterfield,Consumer,United States,Quincy,Massachusetts,2169,East,TEC-PH-10000011,Technology,Phones,PureGear Roll-On Screen Protector,59.97,3,0.0,28.7856,-231
3345,CA-2016-145982,2016-08-27,2016-01-09,Second Class,TB-21055,Ted Butterfield,Consumer,United States,Quincy,Massachusetts,2169,East,OFF-PA-10002666,Office Supplies,Paper,Southworth 25% Cotton Linen-Finish Paper & Envelopes,81.54,9,0.0,36.693,-231
3346,CA-2016-145982,2016-08-27,2016-01-09,Second Class,TB-21055,Ted Butterfield,Consumer,United States,Quincy,Massachusetts,2169,East,OFF-FA-10000735,Office Supplies,Fasteners,Staples,11.68,4,0.0,5.256,-231
3347,CA-2016-145982,2016-08-27,2016-01-09,Second Class,TB-21055,Ted Butterfield,Consumer,United States,Quincy,Massachusetts,2169,East,OFF-BI-10000174,Office Supplies,Binders,"Wilson Jones Clip & Carry Folder Binder Tool for Ring Binders, Clear",29.0,5,0.0,13.92,-231
3367,CA-2014-165379,2014-09-07,2014-07-15,Standard Class,BM-11650,Brian Moss,Corporate,United States,Dallas,Texas,75217,Central,OFF-PA-10003072,Office Supplies,Paper,"Eureka Recycled Copy Paper 8 1/2"" x 11"", Ream",10.368,2,0.2,3.6288,-54
3368,CA-2014-165379,2014-09-07,2014-07-15,Standard Class,BM-11650,Brian Moss,Corporate,United States,Dallas,Texas,75217,Central,OFF-PA-10002245,Office Supplies,Paper,Xerox 1895,14.352,3,0.2,4.485,-54
3392,CA-2014-166471,2014-09-08,2014-08-13,Standard Class,MG-17650,Matthew Grinstein,Home Office,United States,Seattle,Washington,98103,West,TEC-PH-10001530,Technology,Phones,Cisco Unified IP Phone 7945G VoIP phone,1091.168,4,0.2,68.198,-26
3393,CA-2014-166471,2014-09-08,2014-08-13,Standard Class,MG-17650,Matthew Grinstein,Home Office,United States,Seattle,Washington,98103,West,TEC-PH-10000038,Technology,Phones,Jawbone MINI JAMBOX Wireless Bluetooth Speaker,219.168,2,0.2,-43.8336,-26
3404,CA-2017-168739,2017-05-29,2017-05-06,Standard Class,HZ-14950,Henia Zydlo,Consumer,United States,Houston,Texas,77095,Central,FUR-FU-10003919,Furniture,Furnishings,Eldon Executive Woodline II Cherry Finish Desk Accessories,65.424,4,0.6,-52.3392,-23
3418,CA-2015-151841,2015-04-27,2015-02-05,Standard Class,TC-21475,Tony Chapman,Home Office,United States,Aurora,Colorado,80013,West,OFF-AP-10003971,Office Supplies,Appliances,Belkin 6 Outlet Metallic Surge Strip,43.56,5,0.2,3.267,-81
3419,CA-2015-151841,2015-04-27,2015-02-05,Standard Class,TC-21475,Tony Chapman,Home Office,United States,Aurora,Colorado,80013,West,OFF-SU-10001574,Office Supplies,Supplies,Acme Value Line Scissors,5.84,2,0.2,0.73,-81
3421,CA-2016-134803,2016-05-28,2016-03-06,Standard Class,CL-12565,Clay Ludtke,Consumer,United States,Los Angeles,California,90004,West,OFF-AP-10000891,Office Supplies,Appliances,Kensington 7 Outlet MasterPiece HOMEOFFICE Power Control Center,262.24,2,0.0,78.672,-83
3422,CA-2016-134803,2016-05-28,2016-03-06,Standard Class,CL-12565,Clay Ludtke,Consumer,United States,Los Angeles,California,90004,West,OFF-PA-10003790,Office Supplies,Paper,Xerox 1991,182.72,8,0.0,84.0512,-83
3423,CA-2016-134803,2016-05-28,2016-03-06,Standard Class,CL-12565,Clay Ludtke,Consumer,United States,Los Angeles,California,90004,West,TEC-AC-10002217,Technology,Accessories,Imation Clip USB flash drive - 8 GB,131.6,7,0.0,7.896,-83
3424,CA-2016-134803,2016-05-28,2016-03-06,Standard Class,CL-12565,Clay Ludtke,Consumer,United States,Los Angeles,California,90004,West,OFF-BI-10002215,Office Supplies,Binders,"Wilson Jones Hanging View Binder, White, 1""",22.72,4,0.2,7.384,-83
3425,CA-2016-134803,2016-05-28,2016-03-06,Standard Class,CL-12565,Clay Ludtke,Consumer,United States,Los Angeles,California,90004,West,TEC-MA-10001972,Technology,Machines,Okidata C331dn Printer,558.4,2,0.2,41.88,-83
3442,CA-2014-158337,2014-11-03,2014-03-14,Second Class,KA-16525,Kelly Andreada,Consumer,United States,New York City,New York,10024,East,OFF-PA-10002137,Office Supplies,Paper,"Southworth 100% Résumé Paper, 24lb.",108.92,14,0.0,49.014,-234
3445,CA-2016-116344,2016-07-29,2016-02-08,Standard Class,JO-15145,Jack O'Briant,Corporate,United States,Philadelphia,Pennsylvania,19140,East,OFF-ST-10001713,Office Supplies,Storage,"Gould Plastics 9-Pocket Panel Bin, 18-3/8w x 5-1/4d x 20-1/2h, Black",84.784,2,0.2,-16.9568,-172
3446,CA-2015-131779,2015-12-06,2015-06-17,Standard Class,LE-16810,Laurel Elliston,Consumer,United States,Newark,Delaware,19711,East,OFF-ST-10001505,Office Supplies,Storage,"Perma STOR-ALL Hanging File Box, 13 1/8""W x 12 1/4""D x 10 1/2""H",29.9,5,0.0,5.083,-172
3448,CA-2017-102554,2017-11-06,2017-06-15,Standard Class,KN-16705,Kristina Nunn,Home Office,United States,Auburn,Alabama,36830,South,OFF-AR-10001919,Office Supplies,Art,"OIC #2 Pencils, Medium Soft",3.76,2,0.0,1.0904,-144
3455,CA-2015-153626,2015-09-07,2015-07-14,Standard Class,EB-13870,Emily Burns,Consumer,United States,Nashville,Tennessee,37211,South,OFF-AR-10000657,Office Supplies,Art,"Binney & Smith inkTank Desk Highlighter, Chisel Tip, Yellow, 12/Box",5.16,3,0.2,0.8385,-55
3466,US-2015-147242,2015-10-09,2015-09-14,Standard Class,EH-13765,Edward Hooks,Corporate,United States,Revere,Massachusetts,2151,East,OFF-AP-10003842,Office Supplies,Appliances,Euro-Pro Shark Turbo Vacuum,61.96,2,0.0,16.1096,-25
3467,US-2015-147242,2015-10-09,2015-09-14,Standard Class,EH-13765,Edward Hooks,Corporate,United States,Revere,Massachusetts,2151,East,FUR-BO-10004695,Furniture,Bookcases,O'Sullivan 2-Door Barrister Bookcase in Odessa Pine,361.96,2,0.0,83.2508,-25
3468,US-2015-147242,2015-10-09,2015-09-14,Standard Class,EH-13765,Edward Hooks,Corporate,United States,Revere,Massachusetts,2151,East,OFF-PA-10003039,Office Supplies,Paper,Xerox 1960,278.82,9,0.0,125.469,-25
3472,CA-2017-122644,2017-12-11,2017-11-17,Standard Class,SF-20965,Sylvia Foulston,Corporate,United States,Columbus,Ohio,43229,East,OFF-PA-10003673,Office Supplies,Paper,Strathmore Photo Mount Cards,10.848,2,0.2,3.5256,-24
3473,CA-2017-122644,2017-12-11,2017-11-17,Standard Class,SF-20965,Sylvia Foulston,Corporate,United States,Columbus,Ohio,43229,East,TEC-AC-10003614,Technology,Accessories,"Verbatim 25 GB 6x Blu-ray Single Layer Recordable Disc, 10/Pack",18.544,2,0.2,3.0134,-24
3478,CA-2014-143385,2014-08-31,2014-05-09,Standard Class,SJ-20500,Shirley Jackson,Consumer,United States,Santa Fe,New Mexico,87505,West,TEC-AC-10001635,Technology,Accessories,KeyTronic KT400U2 - Keyboard - Black,92.52,9,0.0,18.504,-114
3500,CA-2016-108616,2016-09-29,2016-03-10,Standard Class,JK-15730,Joe Kamberova,Consumer,United States,Mobile,Alabama,36608,South,TEC-AC-10000420,Technology,Accessories,Logitech G500s Laser Gaming Mouse with Adjustable Weight Tuning,209.97,3,0.0,71.3898,-203
3501,CA-2016-108616,2016-09-29,2016-03-10,Standard Class,JK-15730,Joe Kamberova,Consumer,United States,Mobile,Alabama,36608,South,OFF-BI-10001989,Office Supplies,Binders,Premium Transparent Presentation Covers by GBC,62.94,3,0.0,30.2112,-203
3502,CA-2016-108616,2016-09-29,2016-03-10,Standard Class,JK-15730,Joe Kamberova,Consumer,United States,Mobile,Alabama,36608,South,OFF-AR-10001149,Office Supplies,Art,"Sanford Colorific Colored Pencils, 12/Box",25.92,9,0.0,7.776,-203
3521,CA-2015-168767,2015-10-04,2015-04-15,Standard Class,DM-12955,Dario Medina,Corporate,United States,Sacramento,California,95823,West,OFF-BI-10000773,Office Supplies,Binders,Insertable Tab Post Binder Dividers,12.832,2,0.2,4.3308,-172
3547,CA-2017-155292,2017-10-30,2017-01-11,First Class,RD-19810,Ross DeVincentis,Home Office,United States,Richmond,Kentucky,40475,South,OFF-ST-10004963,Office Supplies,Storage,Eldon Gobal File Keepers,105.98,7,0.0,4.2392,-292
3548,CA-2017-155292,2017-10-30,2017-01-11,First Class,RD-19810,Ross DeVincentis,Home Office,United States,Richmond,Kentucky,40475,South,OFF-SU-10002573,Office Supplies,Supplies,"Acme 10"" Easy Grip Assistive Scissors",35.06,2,0.0,10.518,-292
3549,CA-2017-155292,2017-10-30,2017-01-11,First Class,RD-19810,Ross DeVincentis,Home Office,United States,Richmond,Kentucky,40475,South,FUR-CH-10000553,Furniture,Chairs,"Metal Folding Chairs, Beige, 4/Carton",33.94,1,0.0,9.1638,-292
3550,CA-2017-155292,2017-10-30,2017-01-11,First Class,RD-19810,Ross DeVincentis,Home Office,United States,Richmond,Kentucky,40475,South,OFF-LA-10001982,Office Supplies,Labels,Smead Alpha-Z Color-Coded Name Labels First Letter Starter Set,30.0,8,0.0,14.4,-292
3551,CA-2016-152555,2016-03-29,2016-02-04,Second Class,ME-17320,Maria Etezadi,Home Office,United States,Chicago,Illinois,60653,Central,OFF-PA-10001295,Office Supplies,Paper,Computer Printout Paper with Letter-Trim Perforations,45.528,3,0.2,15.9348,-54
3552,CA-2016-152555,2016-03-29,2016-02-04,Second Class,ME-17320,Maria Etezadi,Home Office,United States,Chicago,Illinois,60653,Central,FUR-CH-10002965,Furniture,Chairs,"Global Leather Highback Executive Chair with Pneumatic Height Adjustment, Black",844.116,6,0.3,-36.1764,-54
3553,CA-2016-152555,2016-03-29,2016-02-04,Second Class,ME-17320,Maria Etezadi,Home Office,United States,Chicago,Illinois,60653,Central,TEC-PH-10001254,Technology,Phones,Jabra BIZ 2300 Duo QD Duo Corded Headset,812.736,8,0.2,60.9552,-54
3573,US-2017-126081,2017-06-29,2017-04-07,Standard Class,FC-14335,Fred Chung,Corporate,United States,Mesquite,Texas,75150,Central,OFF-PA-10003953,Office Supplies,Paper,Xerox 218,5.184,1,0.2,1.8144,-83
3594,CA-2016-164154,2016-11-09,2016-09-17,Standard Class,NZ-18565,Nick Zandusky,Home Office,United States,Toledo,Ohio,43615,East,OFF-BI-10001658,Office Supplies,Binders,GBC Standard Therm-A-Bind Covers,22.428,3,0.7,-17.9424,-53
3595,CA-2016-164154,2016-11-09,2016-09-17,Standard Class,NZ-18565,Nick Zandusky,Home Office,United States,Toledo,Ohio,43615,East,OFF-ST-10002562,Office Supplies,Storage,Staple magnet,37.52,5,0.2,3.752,-53
3607,CA-2016-119683,2016-12-03,2016-03-16,Second Class,CK-12595,Clytie Kelty,Consumer,United States,New York City,New York,10024,East,OFF-EN-10001099,Office Supplies,Envelopes,Staple envelope,29.34,3,0.0,13.4964,-262
3609,CA-2014-140228,2014-04-28,2014-03-05,Standard Class,GB-14530,George Bell,Corporate,United States,Newark,Ohio,43055,East,OFF-LA-10001613,Office Supplies,Labels,Avery File Folder Labels,6.912,3,0.2,2.5056,-54
3610,CA-2014-140228,2014-04-28,2014-03-05,Standard Class,GB-14530,George Bell,Corporate,United States,Newark,Ohio,43055,East,OFF-ST-10002214,Office Supplies,Storage,X-Rack File for Hanging Folders,27.096,3,0.2,2.0322,-54
3611,CA-2014-140228,2014-04-28,2014-03-05,Standard Class,GB-14530,George Bell,Corporate,United States,Newark,Ohio,43055,East,OFF-ST-10001128,Office Supplies,Storage,"Carina Mini System Audio Rack, Model AR050B",177.568,2,0.2,-37.7332,-54
3612,US-2016-131674,2016-11-29,2016-01-12,Second Class,NC-18535,Nick Crebassa,Corporate,United States,Dallas,Texas,75217,Central,TEC-AC-10004864,Technology,Accessories,Memorex Micro Travel Drive 32 GB,58.416,2,0.2,16.7946,-322
3629,CA-2014-169726,2014-09-08,2014-08-13,Standard Class,JH-15985,Joseph Holt,Consumer,United States,Seattle,Washington,98103,West,OFF-BI-10004600,Office Supplies,Binders,Ibico Ibimaster 300 Manual Binding System,2060.744,7,0.2,643.9825,-26
3655,CA-2017-133004,2017-08-31,2017-05-09,Standard Class,AJ-10945,Ashley Jarboe,Consumer,United States,Lawrence,Indiana,46226,Central,OFF-AP-10002439,Office Supplies,Appliances,Tripp Lite Isotel 8 Ultra 8 Outlet Metal Surge,638.73,9,0.0,166.0698,-114
3658,CA-2015-128083,2015-12-03,2015-03-17,Standard Class,EB-13750,Edward Becker,Corporate,United States,Plantation,Florida,33317,South,OFF-EN-10004030,Office Supplies,Envelopes,Convenience Packs of Business Envelopes,8.688,3,0.2,2.9322,-261
3659,CA-2015-128083,2015-12-03,2015-03-17,Standard Class,EB-13750,Edward Becker,Corporate,United States,Plantation,Florida,33317,South,FUR-FU-10003194,Furniture,Furnishings,"Eldon Expressions Desk Accessory, Wood Pencil Holder, Oak",30.88,4,0.2,3.86,-261
3660,CA-2015-128083,2015-12-03,2015-03-17,Standard Class,EB-13750,Edward Becker,Corporate,United States,Plantation,Florida,33317,South,FUR-FU-10001731,Furniture,Furnishings,Acrylic Self-Standing Desk Frames,6.408,3,0.2,1.4418,-261
3673,CA-2016-104969,2016-08-04,2016-04-14,Standard Class,EH-14125,Eugene Hildebrand,Home Office,United States,Troy,Ohio,45373,East,OFF-EN-10002312,Office Supplies,Envelopes,#10 Self-Seal White Envelopes,8.872,1,0.2,3.2161,-112
3674,CA-2016-104969,2016-08-04,2016-04-14,Standard Class,EH-14125,Eugene Hildebrand,Home Office,United States,Troy,Ohio,45373,East,OFF-BI-10004224,Office Supplies,Binders,Catalog Binders with Expanding Posts,121.104,6,0.7,-100.92,-112
3678,CA-2015-132626,2015-09-07,2015-07-14,Standard Class,BT-11680,Brian Thompson,Consumer,United States,Clinton,Maryland,20735,East,OFF-FA-10002763,Office Supplies,Fasteners,Advantus Map Pennant Flags and Round Head Tacks,15.8,4,0.0,5.056,-55
3679,CA-2015-132626,2015-09-07,2015-07-14,Standard Class,BT-11680,Brian Thompson,Consumer,United States,Clinton,Maryland,20735,East,TEC-MA-10002428,Technology,Machines,Fellowes Powershred HS-440 4-Sheet High Security Shredder,464.97,3,0.0,209.2365,-55
3680,CA-2015-132626,2015-09-07,2015-07-14,Standard Class,BT-11680,Brian Thompson,Consumer,United States,Clinton,Maryland,20735,East,FUR-FU-10002918,Furniture,Furnishings,Eldon ClusterMat Chair Mat with Cordless Antistatic Protection,181.96,2,0.0,20.0156,-55
3681,CA-2015-132626,2015-09-07,2015-07-14,Standard Class,BT-11680,Brian Thompson,Consumer,United States,Clinton,Maryland,20735,East,OFF-LA-10000476,Office Supplies,Labels,"Avery 05222 Permanent Self-Adhesive File Folder Labels for Typewriters, on Rolls, White, 250/Roll",12.39,3,0.0,5.6994,-55
3682,CA-2015-132626,2015-09-07,2015-07-14,Standard Class,BT-11680,Brian Thompson,Consumer,United States,Clinton,Maryland,20735,East,OFF-BI-10002854,Office Supplies,Binders,"Performers Binder/Pad Holder, Black",84.09,3,0.0,42.045,-55
3683,CA-2015-132626,2015-09-07,2015-07-14,Standard Class,BT-11680,Brian Thompson,Consumer,United States,Clinton,Maryland,20735,East,OFF-AR-10002987,Office Supplies,Art,Prismacolor Color Pencil Set,79.36,4,0.0,32.5376,-55
3684,CA-2015-132626,2015-09-07,2015-07-14,Standard Class,BT-11680,Brian Thompson,Consumer,United States,Clinton,Maryland,20735,East,OFF-BI-10004001,Office Supplies,Binders,GBC Recycled VeloBinder Covers,153.36,9,0.0,70.5456,-55
3685,CA-2015-132626,2015-09-07,2015-07-14,Standard Class,BT-11680,Brian Thompson,Consumer,United States,Clinton,Maryland,20735,East,OFF-BI-10001634,Office Supplies,Binders,Wilson Jones Active Use Binders,43.68,6,0.0,21.4032,-55
3686,CA-2015-132626,2015-09-07,2015-07-14,Standard Class,BT-11680,Brian Thompson,Consumer,United States,Clinton,Maryland,20735,East,OFF-ST-10003722,Office Supplies,Storage,Project Tote Personal File,98.21,7,0.0,28.4809,-55
3691,US-2015-131359,2015-10-30,2015-02-11,Second Class,FA-14230,Frank Atkinson,Corporate,United States,Denver,Colorado,80219,West,TEC-MA-10000597,Technology,Machines,Lexmark S315 Color Inkjet Printer,59.994,2,0.7,-45.9954,-261
3692,US-2015-131359,2015-10-30,2015-02-11,Second Class,FA-14230,Frank Atkinson,Corporate,United States,Denver,Colorado,80219,West,TEC-CO-10001571,Technology,Copiers,Sharp 1540cs Digital Laser Copier,439.992,1,0.2,164.997,-261
3693,US-2015-131359,2015-10-30,2015-02-11,Second Class,FA-14230,Frank Atkinson,Corporate,United States,Denver,Colorado,80219,West,TEC-PH-10004531,Technology,Phones,OtterBox Commuter Series Case - iPhone 5 & 5s,87.96,5,0.2,30.786,-261
3694,US-2015-131359,2015-10-30,2015-02-11,Second Class,FA-14230,Frank Atkinson,Corporate,United States,Denver,Colorado,80219,West,FUR-FU-10003026,Furniture,Furnishings,"Eldon Regeneration Recycled Desk Accessories, Black",15.488,4,0.2,3.6784,-261
3702,CA-2016-126543,2016-09-01,2016-01-13,Second Class,MF-17665,Maureen Fritzler,Corporate,United States,Toledo,Ohio,43615,East,FUR-FU-10002445,Furniture,Furnishings,"DAX Two-Tone Rosewood/Black Document Frame, Desktop, 5 x 7",15.168,2,0.2,3.792,-232
3717,CA-2017-144568,2017-05-29,2017-02-06,Standard Class,JO-15550,Jesus Ocampo,Home Office,United States,Omaha,Nebraska,68104,Central,OFF-FA-10004395,Office Supplies,Fasteners,Plymouth Boxed Rubber Bands by Plymouth,23.55,5,0.0,1.1775,-112
3762,CA-2017-104577,2017-12-05,2017-05-17,Standard Class,CK-12205,Chloris Kastensmidt,Consumer,United States,Everett,Massachusetts,2149,East,OFF-PA-10000659,Office Supplies,Paper,"TOPS Carbonless Receipt Book, Four 2-3/4 x 7-1/4 Money Receipts per Page",87.6,5,0.0,42.048,-202
3765,CA-2017-125878,2017-02-25,2017-02-03,Standard Class,MH-18025,Michelle Huthwaite,Consumer,United States,Chicago,Illinois,60623,Central,OFF-BI-10002609,Office Supplies,Binders,Avery Hidden Tab Dividers for Binding Systems,1.788,3,0.8,-3.0396,-22
3772,US-2016-101196,2016-12-05,2016-05-17,Standard Class,FM-14215,Filia McAdams,Corporate,United States,Philadelphia,Pennsylvania,19140,East,OFF-ST-10004804,Office Supplies,Storage,"Belkin 19"" Vented Equipment Shelf, Black",82.368,2,0.2,-19.5624,-202
3774,US-2014-102715,2014-11-04,2014-04-13,Second Class,JK-15370,Jay Kimmel,Consumer,United States,Miami,Florida,33180,South,OFF-FA-10001332,Office Supplies,Fasteners,"Acco Banker's Clasps, 5 3/4""-Long",6.912,3,0.2,2.3328,-205
3775,US-2014-102715,2014-11-04,2014-04-13,Second Class,JK-15370,Jay Kimmel,Consumer,United States,Miami,Florida,33180,South,TEC-AC-10002001,Technology,Accessories,Logitech Wireless Gaming Headset G930,383.976,3,0.2,81.5949,-205
3776,US-2014-102715,2014-11-04,2014-04-13,Second Class,JK-15370,Jay Kimmel,Consumer,United States,Miami,Florida,33180,South,OFF-PA-10000029,Office Supplies,Paper,Xerox 224,10.368,2,0.2,3.6288,-205
3777,US-2014-102715,2014-11-04,2014-04-13,Second Class,JK-15370,Jay Kimmel,Consumer,United States,Miami,Florida,33180,South,TEC-AC-10001874,Technology,Accessories,Logitech Wireless Anywhere Mouse MX for PC and Mac,335.944,7,0.2,41.993,-205
3779,US-2017-148768,2017-11-30,2017-02-12,Second Class,PN-18775,Parhena Norris,Home Office,United States,Miami,Florida,33180,South,TEC-PH-10002564,Technology,Phones,OtterBox Defender Series Case - Samsung Galaxy S4,71.976,3,0.2,8.997,-291
3782,CA-2015-135314,2015-09-07,2015-07-14,Second Class,MC-17575,Matt Collins,Consumer,United States,Philadelphia,Pennsylvania,19120,East,TEC-PH-10003072,Technology,Phones,Panasonic KX-TG9541B DECT 6.0 Digital 2-Line Expandable Cordless Phone With Digital Answering System,269.982,3,0.4,40.4973,-55
3785,CA-2017-125752,2017-07-31,2017-04-08,Standard Class,EH-14125,Eugene Hildebrand,Home Office,United States,Fort Lauderdale,Florida,33311,South,TEC-AC-10003590,Technology,Accessories,"TRENDnet 56K USB 2.0 Phone, Internet and Fax Modem",41.424,2,0.2,8.2848,-114
3787,CA-2016-144218,2016-10-31,2016-04-11,Standard Class,JD-15895,Jonathan Doherty,Corporate,United States,Los Angeles,California,90045,West,OFF-ST-10002615,Office Supplies,Storage,"Dual Level, Single-Width Filing Carts",1085.42,7,0.0,282.2092,-203
3794,CA-2015-163762,2015-11-27,2015-01-12,Standard Class,JE-15475,Jeremy Ellison,Consumer,United States,New York City,New York,10024,East,OFF-AR-10001915,Office Supplies,Art,Peel-Off China Markers,29.79,3,0.0,12.5118,-319
3807,CA-2015-113628,2015-12-11,2015-11-19,Standard Class,AH-10690,Anna Häberlin,Corporate,United States,Plantation,Florida,33317,South,OFF-AR-10001246,Office Supplies,Art,Newell 317,11.76,5,0.2,1.323,-22
3808,CA-2015-113628,2015-12-11,2015-11-19,Standard Class,AH-10690,Anna Häberlin,Corporate,United States,Plantation,Florida,33317,South,OFF-BI-10003291,Office Supplies,Binders,Wilson Jones Leather-Like Binders with DublLock Round Rings,5.238,2,0.7,-4.0158,-22
3809,CA-2015-113628,2015-12-11,2015-11-19,Standard Class,AH-10690,Anna Häberlin,Corporate,United States,Plantation,Florida,33317,South,OFF-BI-10002799,Office Supplies,Binders,"SlimView Poly Binder, 3/8""",4.662,3,0.7,-3.7296,-22
3810,CA-2015-113628,2015-12-11,2015-11-19,Standard Class,AH-10690,Anna Häberlin,Corporate,United States,Plantation,Florida,33317,South,FUR-CH-10003298,Furniture,Chairs,"Office Star - Contemporary Task Swivel chair with Loop Arms, Charcoal",523.92,5,0.2,-72.039,-22
3811,CA-2015-113628,2015-12-11,2015-11-19,Standard Class,AH-10690,Anna Häberlin,Corporate,United States,Plantation,Florida,33317,South,TEC-PH-10000441,Technology,Phones,VTech DS6151,100.792,1,0.2,10.0792,-22
3812,CA-2015-113628,2015-12-11,2015-11-19,Standard Class,AH-10690,Anna Häberlin,Corporate,United States,Plantation,Florida,33317,South,FUR-CH-10004477,Furniture,Chairs,"Global Push Button Manager's Chair, Indigo",146.136,3,0.2,16.4403,-22
3836,CA-2014-100363,2014-08-04,2014-04-15,Standard Class,JM-15655,Jim Mitchum,Corporate,United States,Glendale,Arizona,85301,West,OFF-FA-10000611,Office Supplies,Fasteners,Binder Clips by OIC,2.368,2,0.2,0.8288,-111
3837,CA-2014-100363,2014-08-04,2014-04-15,Standard Class,JM-15655,Jim Mitchum,Corporate,United States,Glendale,Arizona,85301,West,OFF-PA-10004733,Office Supplies,Paper,Things To Do Today Spiral Book,19.008,3,0.2,6.8904,-111
3838,CA-2014-126760,2014-07-26,2014-02-08,Standard Class,KM-16720,Kunst Miller,Consumer,United States,North Las Vegas,Nevada,89031,West,TEC-PH-10001363,Technology,Phones,Apple iPhone 5S,911.984,2,0.2,113.998,-168
3839,CA-2014-126760,2014-07-26,2014-02-08,Standard Class,KM-16720,Kunst Miller,Consumer,United States,North Las Vegas,Nevada,89031,West,FUR-CH-10003312,Furniture,Chairs,Hon 2090 “Pillow Soft” Series Mid Back Swivel/Tilt Chairs,674.352,3,0.2,-109.5822,-168
3840,CA-2014-126760,2014-07-26,2014-02-08,Standard Class,KM-16720,Kunst Miller,Consumer,United States,North Las Vegas,Nevada,89031,West,FUR-FU-10004018,Furniture,Furnishings,Tensor Computer Mounted Lamp,134.01,9,0.0,36.1827,-168
3841,CA-2014-126760,2014-07-26,2014-02-08,Standard Class,KM-16720,Kunst Miller,Consumer,United States,North Las Vegas,Nevada,89031,West,TEC-AC-10004814,Technology,Accessories,Logitech Illuminated Ultrathin Keyboard with Backlighting,170.97,3,0.0,70.0977,-168
3865,CA-2015-157133,2015-11-28,2015-03-12,Standard Class,LC-16885,Lena Creighton,Consumer,United States,Champaign,Illinois,61821,Central,FUR-FU-10004904,Furniture,Furnishings,"Eldon ""L"" Workstation Diamond Chairmat",151.96,5,0.6,-182.352,-261
3878,CA-2016-140641,2016-10-28,2016-02-11,Standard Class,EP-13915,Emily Phan,Consumer,United States,Tampa,Florida,33614,South,OFF-BI-10001191,Office Supplies,Binders,Canvas Sectional Post Binders,38.19,5,0.7,-26.733,-260
3899,CA-2017-102267,2017-11-30,2017-04-12,Standard Class,SC-20800,Stuart Calhoun,Consumer,United States,Edinburg,Texas,78539,Central,OFF-FA-10000611,Office Supplies,Fasteners,Binder Clips by OIC,2.368,2,0.2,0.8288,-232
3922,CA-2016-110044,2016-06-28,2016-02-07,Second Class,RF-19735,Roland Fjeld,Consumer,United States,Chicago,Illinois,60610,Central,TEC-PH-10001299,Technology,Phones,Polycom CX300 Desktop Phone USB VoIP phone,359.976,3,0.2,35.9976,-142
3923,CA-2017-146920,2017-08-28,2017-01-09,Standard Class,SC-20305,Sean Christensen,Consumer,United States,Chicago,Illinois,60623,Central,OFF-PA-10002479,Office Supplies,Paper,Xerox 4200 Series MultiUse Premium Copy Paper (20Lb. and 84 Bright),25.344,6,0.2,7.92,-231
3924,CA-2017-146920,2017-08-28,2017-01-09,Standard Class,SC-20305,Sean Christensen,Consumer,United States,Chicago,Illinois,60623,Central,OFF-PA-10001461,Office Supplies,Paper,HP Office Paper (20Lb. and 87 Bright),26.72,5,0.2,9.352,-231
3932,CA-2016-132094,2016-08-26,2016-02-09,Standard Class,VG-21805,Vivek Grady,Corporate,United States,Philadelphia,Pennsylvania,19140,East,OFF-AR-10004165,Office Supplies,Art,"Binney & Smith inkTank Erasable Pocket Highlighter, Chisel Tip, Yellow",5.472,3,0.2,1.6416,-199
3933,CA-2016-132094,2016-08-26,2016-02-09,Standard Class,VG-21805,Vivek Grady,Corporate,United States,Philadelphia,Pennsylvania,19140,East,TEC-AC-10001109,Technology,Accessories,Logitech Trackman Marble Mouse,47.984,2,0.2,13.1956,-199
3957,CA-2016-114951,2016-06-26,2016-03-07,Standard Class,DN-13690,Duane Noonan,Consumer,United States,San Francisco,California,94109,West,FUR-FU-10002364,Furniture,Furnishings,"Eldon Expressions Wood Desk Accessories, Oak",22.14,3,0.0,6.4206,-111
3958,CA-2016-156573,2016-05-29,2016-02-06,Standard Class,RB-19360,Raymond Buch,Consumer,United States,Nashville,Tennessee,37211,South,OFF-BI-10002414,Office Supplies,Binders,GBC ProClick Spines for 32-Hole Punch,11.277,3,0.7,-8.6457,-113
3959,CA-2016-156573,2016-05-29,2016-02-06,Standard Class,RB-19360,Raymond Buch,Consumer,United States,Nashville,Tennessee,37211,South,OFF-AR-10003732,Office Supplies,Art,Newell 333,4.448,2,0.2,0.3336,-113
3960,CA-2016-156573,2016-05-29,2016-02-06,Standard Class,RB-19360,Raymond Buch,Consumer,United States,Nashville,Tennessee,37211,South,FUR-FU-10001085,Furniture,Furnishings,3M Polarizing Light Filter Sleeves,44.76,3,0.2,14.547,-113
3966,CA-2014-164910,2014-12-11,2014-11-17,Second Class,DM-13345,Denise Monton,Corporate,United States,Asheville,North Carolina,28806,South,OFF-AR-10003651,Office Supplies,Art,Newell 350,7.872,3,0.2,0.8856,-24
3973,CA-2016-167556,2016-03-29,2016-02-04,Standard Class,JM-15250,Janet Martin,Consumer,United States,New York City,New York,10009,East,OFF-PA-10000466,Office Supplies,Paper,"Memo Book, 100 Message Capacity, 5 3/8” x 11”",13.48,2,0.0,6.74,-54
3974,CA-2016-167556,2016-03-29,2016-02-04,Standard Class,JM-15250,Janet Martin,Consumer,United States,New York City,New York,10009,East,OFF-BI-10003708,Office Supplies,Binders,"Acco Four Pocket Poly Ring Binder with Label Holder, Smoke, 1""",29.8,5,0.2,9.3125,-54
3975,CA-2016-167556,2016-03-29,2016-02-04,Standard Class,JM-15250,Janet Martin,Consumer,United States,New York City,New York,10009,East,FUR-FU-10004848,Furniture,Furnishings,"Howard Miller 13-3/4"" Diameter Brushed Chrome Round Wall Clock",414.0,8,0.0,124.2,-54
3976,CA-2016-167556,2016-03-29,2016-02-04,Standard Class,JM-15250,Janet Martin,Consumer,United States,New York City,New York,10009,East,OFF-BI-10000320,Office Supplies,Binders,GBC Plastic Binding Combs,41.328,7,0.2,14.9814,-54
3987,CA-2017-112333,2017-08-04,2017-04-14,Standard Class,KF-16285,Karen Ferguson,Home Office,United States,Plainfield,New Jersey,7060,East,OFF-ST-10001780,Office Supplies,Storage,Tennsco 16-Compartment Lockers with Coat Rack,2591.56,4,0.0,621.9744,-112
3988,CA-2017-112333,2017-08-04,2017-04-14,Standard Class,KF-16285,Karen Ferguson,Home Office,United States,Plainfield,New Jersey,7060,East,OFF-AP-10001962,Office Supplies,Appliances,Black & Decker Filter for Double Action Dustbuster Cordless Vac BLDV7210,41.95,5,0.0,10.4875,-112
4001,CA-2014-116834,2014-11-10,2014-10-16,Standard Class,Dp-13240,Dean percer,Home Office,United States,Seattle,Washington,98115,West,FUR-FU-10001196,Furniture,Furnishings,DAX Cubicle Frames - 8x10,63.47,11,0.0,19.041,-25
4002,CA-2014-116834,2014-11-10,2014-10-16,Standard Class,Dp-13240,Dean percer,Home Office,United States,Seattle,Washington,98115,West,TEC-AC-10002942,Technology,Accessories,WD My Passport Ultra 1TB Portable External Hard Drive,345.0,5,0.0,58.65,-25
4026,CA-2017-139311,2017-11-08,2017-08-13,First Class,SF-20965,Sylvia Foulston,Corporate,United States,Bedford,Texas,76021,Central,OFF-PA-10001776,Office Supplies,Paper,"Wirebound Message Books, Four 2 3/4"" x 5"" Forms per Page, 600 Sets per Book",29.664,4,0.2,10.0116,-87
4027,CA-2017-139311,2017-11-08,2017-08-13,First Class,SF-20965,Sylvia Foulston,Corporate,United States,Bedford,Texas,76021,Central,OFF-AR-10004582,Office Supplies,Art,BIC Brite Liner Grip Highlighters,9.184,7,0.2,2.87,-87
4028,CA-2017-139311,2017-11-08,2017-08-13,First Class,SF-20965,Sylvia Foulston,Corporate,United States,Bedford,Texas,76021,Central,TEC-PH-10001557,Technology,Phones,Pyle PMP37LED,153.584,2,0.2,13.4386,-87
4029,CA-2017-139311,2017-11-08,2017-08-13,First Class,SF-20965,Sylvia Foulston,Corporate,United States,Bedford,Texas,76021,Central,OFF-BI-10004209,Office Supplies,Binders,"Fellowes Twister Kit, Gray/Clear, 3/pkg",12.864,8,0.8,-22.512,-87
4052,CA-2014-122931,2014-09-29,2014-03-10,Standard Class,SM-20950,Suzanne McNair,Corporate,United States,Philadelphia,Pennsylvania,19134,East,OFF-AR-10003469,Office Supplies,Art,Nontoxic Chalk,4.224,3,0.2,1.4784,-203
4053,CA-2014-122931,2014-09-29,2014-03-10,Standard Class,SM-20950,Suzanne McNair,Corporate,United States,Philadelphia,Pennsylvania,19134,East,FUR-TA-10004175,Furniture,Tables,"Hon 30"" x 60"" Table with Locking Drawer",409.272,2,0.4,-81.8544,-203
4054,CA-2014-122931,2014-09-29,2014-03-10,Standard Class,SM-20950,Suzanne McNair,Corporate,United States,Philadelphia,Pennsylvania,19134,East,OFF-LA-10002945,Office Supplies,Labels,"Permanent Self-Adhesive File Folder Labels for Typewriters, 1 1/8 x 3 1/2, White",55.44,11,0.2,18.018,-203
4055,CA-2014-122931,2014-09-29,2014-03-10,Standard Class,SM-20950,Suzanne McNair,Corporate,United States,Philadelphia,Pennsylvania,19134,East,OFF-PA-10000533,Office Supplies,Paper,Southworth Parchment Paper & Envelopes,20.928,4,0.2,6.8016,-203
4056,CA-2014-122931,2014-09-29,2014-03-10,Standard Class,SM-20950,Suzanne McNair,Corporate,United States,Philadelphia,Pennsylvania,19134,East,OFF-ST-10004459,Office Supplies,Storage,Tennsco Single-Tier Lockers,1801.632,6,0.2,-337.806,-203
4057,CA-2014-122931,2014-09-29,2014-03-10,Standard Class,SM-20950,Suzanne McNair,Corporate,United States,Philadelphia,Pennsylvania,19134,East,FUR-TA-10004147,Furniture,Tables,Hon 4060 Series Tables,67.176,1,0.4,-20.1528,-203
4063,US-2016-122182,2016-10-03,2016-03-14,Standard Class,BD-11770,Bryan Davis,Consumer,United States,Philadelphia,Pennsylvania,19143,East,TEC-AC-10002800,Technology,Accessories,Plantronics Audio 478 Stereo USB Headset,39.992,1,0.2,7.4985,-203
4125,CA-2014-127523,2014-11-05,2014-05-18,Standard Class,BG-11695,Brooke Gillingham,Corporate,United States,Watertown,New York,13601,East,OFF-AP-10004249,Office Supplies,Appliances,Staple holder,35.91,3,0.0,9.6957,-171
4147,CA-2015-136196,2015-11-28,2015-04-12,Standard Class,TP-21415,Tom Prescott,Consumer,United States,Freeport,New York,11520,East,FUR-FU-10004017,Furniture,Furnishings,"Tenex Contemporary Contur Chairmats for Low and Medium Pile Carpet, Computer, 39"" x 49""",322.59,3,0.0,64.518,-230
4167,CA-2015-160213,2015-08-03,2015-03-13,Standard Class,AR-10825,Anthony Rawles,Corporate,United States,Long Beach,New York,11561,East,OFF-PA-10003848,Office Supplies,Paper,Xerox 1997,19.44,3,0.0,9.3312,-143
4168,CA-2014-157924,2014-11-10,2014-10-13,First Class,HA-14920,Helen Andreada,Consumer,United States,Pasadena,California,91104,West,OFF-ST-10002352,Office Supplies,Storage,Iris Project Case,31.92,4,0.0,8.2992,-28
4169,CA-2014-157924,2014-11-10,2014-10-13,First Class,HA-14920,Helen Andreada,Consumer,United States,Pasadena,California,91104,West,FUR-CH-10000229,Furniture,Chairs,Global Enterprise Series Seating High-Back Swivel/Tilt Chairs,433.568,2,0.2,-65.0352,-28
4190,CA-2016-157714,2016-09-26,2016-01-10,Second Class,CS-12175,Charles Sheldon,Corporate,United States,Iowa City,Iowa,52240,Central,OFF-PA-10004022,Office Supplies,Paper,Hammermill Color Copier Paper (28Lb. and 96 Bright),9.99,1,0.0,4.4955,-260
4196,CA-2016-124233,2016-08-04,2016-04-14,Standard Class,CK-12595,Clytie Kelty,Consumer,United States,Los Angeles,California,90032,West,FUR-FU-10002597,Furniture,Furnishings,"C-Line Magnetic Cubicle Keepers, Clear Polypropylene",24.7,5,0.0,10.374,-112
4204,CA-2014-145387,2014-10-31,2014-02-11,Second Class,AM-10705,Anne McFarland,Consumer,United States,Cranston,Rhode Island,2920,East,OFF-AR-10001683,Office Supplies,Art,Lumber Crayons,49.25,5,0.0,18.715,-262
4205,CA-2014-145387,2014-10-31,2014-02-11,Second Class,AM-10705,Anne McFarland,Consumer,United States,Cranston,Rhode Island,2920,East,OFF-PA-10002195,Office Supplies,Paper,"RSVP Cards & Envelopes, Blank White, 8-1/2"" X 11"", 24 Cards/25 Envelopes/Set",10.16,2,0.0,4.7752,-262
4206,CA-2014-145387,2014-10-31,2014-02-11,Second Class,AM-10705,Anne McFarland,Consumer,United States,Cranston,Rhode Island,2920,East,FUR-FU-10002364,Furniture,Furnishings,"Eldon Expressions Wood Desk Accessories, Oak",14.76,2,0.0,4.2804,-262
4207,CA-2014-145387,2014-10-31,2014-02-11,Second Class,AM-10705,Anne McFarland,Consumer,United States,Cranston,Rhode Island,2920,East,OFF-BI-10004001,Office Supplies,Binders,GBC Recycled VeloBinder Covers,34.08,2,0.0,15.6768,-262
4208,CA-2014-145387,2014-10-31,2014-02-11,Second Class,AM-10705,Anne McFarland,Consumer,United States,Cranston,Rhode Island,2920,East,FUR-FU-10000023,Furniture,Furnishings,Eldon Wave Desk Accessories,17.67,3,0.0,7.7748,-262
4209,CA-2014-145387,2014-10-31,2014-02-11,Second Class,AM-10705,Anne McFarland,Consumer,United States,Cranston,Rhode Island,2920,East,FUR-CH-10002320,Furniture,Chairs,Hon Pagoda Stacking Chairs,1604.9,5,0.0,481.47,-262
4210,CA-2014-145387,2014-10-31,2014-02-11,Second Class,AM-10705,Anne McFarland,Consumer,United States,Cranston,Rhode Island,2920,East,FUR-TA-10003238,Furniture,Tables,"Chromcraft Bull-Nose Wood 48"" x 96"" Rectangular Conference Tables",385.686,1,0.3,-60.6078,-262
4216,CA-2014-103590,2014-11-30,2014-04-12,Standard Class,JL-15505,Jeremy Lonsdale,Consumer,United States,Mount Vernon,New York,10550,East,OFF-EN-10004007,Office Supplies,Envelopes,Park Ridge Embossed Executive Business Envelopes,62.28,4,0.0,29.2716,-232
4220,CA-2017-134565,2017-11-06,2017-06-13,Second Class,TB-21400,Tom Boeckenhauer,Consumer,United States,Seattle,Washington,98103,West,OFF-PA-10004243,Office Supplies,Paper,Xerox 1939,37.94,2,0.0,18.2112,-146
4221,CA-2017-134565,2017-11-06,2017-06-13,Second Class,TB-21400,Tom Boeckenhauer,Consumer,United States,Seattle,Washington,98103,West,OFF-BI-10001759,Office Supplies,Binders,"Acco Pressboard Covers with Storage Hooks, 14 7/8"" x 11"", Dark Blue",18.288,6,0.2,6.6294,-146
4222,CA-2017-134565,2017-11-06,2017-06-13,Second Class,TB-21400,Tom Boeckenhauer,Consumer,United States,Seattle,Washington,98103,West,TEC-MA-10001570,Technology,Machines,Cisco Desktop Collaboration Experience DX650 IP Video Phone,385.8,5,0.2,130.2075,-146
4223,CA-2017-134565,2017-11-06,2017-06-13,Second Class,TB-21400,Tom Boeckenhauer,Consumer,United States,Seattle,Washington,98103,West,OFF-ST-10004804,Office Supplies,Storage,"Belkin 19"" Vented Equipment Shelf, Black",102.96,2,0.0,1.0296,-146
4224,CA-2017-134565,2017-11-06,2017-06-13,Second Class,TB-21400,Tom Boeckenhauer,Consumer,United States,Seattle,Washington,98103,West,FUR-BO-10001519,Furniture,Bookcases,O'Sullivan 3-Shelf Heavy-Duty Bookcases,174.42,3,0.0,41.8608,-146
4225,CA-2016-108644,2016-09-30,2016-03-10,First Class,SJ-20215,Sarah Jordon,Consumer,United States,Quincy,Illinois,62301,Central,OFF-BI-10000343,Office Supplies,Binders,"Pressboard Covers with Storage Hooks, 9 1/2"" x 11"", Light Blue",1.964,2,0.8,-3.2406,-204
4238,CA-2017-104024,2017-08-29,2017-03-09,Second Class,MD-17860,Michael Dominguez,Corporate,United States,Philadelphia,Pennsylvania,19134,East,OFF-AR-10001972,Office Supplies,Art,Newell 323,9.408,7,0.2,0.7056,-173
4246,CA-2017-117702,2017-11-28,2017-04-12,Standard Class,LS-16975,Lindsay Shagiari,Home Office,United States,Baltimore,Maryland,21215,East,OFF-AR-10004582,Office Supplies,Art,BIC Brite Liner Grip Highlighters,1.64,1,0.0,0.738,-230
4247,CA-2017-117702,2017-11-28,2017-04-12,Standard Class,LS-16975,Lindsay Shagiari,Home Office,United States,Baltimore,Maryland,21215,East,FUR-FU-10000576,Furniture,Furnishings,Luxo Professional Fluorescent Magnifier Lamp with Clamp-Mount Base,1049.2,5,0.0,272.792,-230
4248,CA-2017-117702,2017-11-28,2017-04-12,Standard Class,LS-16975,Lindsay Shagiari,Home Office,United States,Baltimore,Maryland,21215,East,FUR-FU-10004270,Furniture,Furnishings,"Eldon Image Series Desk Accessories, Burgundy",20.9,5,0.0,7.524,-230
4260,CA-2017-118367,2017-10-28,2017-02-11,Second Class,LO-17170,Lori Olson,Corporate,United States,New York City,New York,10035,East,OFF-EN-10004386,Office Supplies,Envelopes,"Recycled Interoffice Envelopes with String and Button Closure, 10 x 13",47.98,2,0.0,23.99,-259
4276,CA-2015-123456,2015-09-07,2015-07-13,Standard Class,KN-16450,Kean Nguyen,Corporate,United States,Dallas,Texas,75220,Central,OFF-AP-10002684,Office Supplies,Appliances,"Acco 7-Outlet Masterpiece Power Center, Wihtout Fax/Phone Line Protection",48.632,2,0.8,-121.58,-56
4294,CA-2017-130967,2017-10-03,2017-03-16,Standard Class,EB-13870,Emily Burns,Consumer,United States,Philadelphia,Pennsylvania,19140,East,TEC-PH-10004896,Technology,Phones,Nokia Lumia 521 (T-Mobile),53.982,3,0.4,-10.7964,-201
4315,CA-2015-115945,2015-06-25,2015-01-07,Standard Class,AB-10165,Alan Barnes,Consumer,United States,Los Angeles,California,90045,West,OFF-AR-10004062,Office Supplies,Art,Staples in misc. colors,20.96,2,0.0,5.24,-169
4316,CA-2015-115945,2015-06-25,2015-01-07,Standard Class,AB-10165,Alan Barnes,Consumer,United States,Los Angeles,California,90045,West,OFF-BI-10004330,Office Supplies,Binders,"GBC Velobind Prepunched Cover Sets, Regency Series",88.752,3,0.2,27.735,-169
4317,CA-2015-115945,2015-06-25,2015-01-07,Standard Class,AB-10165,Alan Barnes,Consumer,United States,Los Angeles,California,90045,West,OFF-ST-10001963,Office Supplies,Storage,Tennsco Regal Shelving Units,304.23,3,0.0,9.1269,-169
4318,CA-2015-136735,2015-07-26,2015-02-08,Standard Class,HA-14920,Helen Andreada,Consumer,United States,San Francisco,California,94110,West,OFF-EN-10002230,Office Supplies,Envelopes,Airmail Envelopes,167.86,2,0.0,78.8942,-168
4338,CA-2015-125234,2015-11-27,2015-01-12,Standard Class,SN-20710,Steve Nguyen,Home Office,United States,Los Angeles,California,90049,West,TEC-AC-10000158,Technology,Accessories,Sony 64GB Class 10 Micro SDHC R40 Memory Card,107.97,3,0.0,22.6737,-319
4339,CA-2015-125234,2015-11-27,2015-01-12,Standard Class,SN-20710,Steve Nguyen,Home Office,United States,Los Angeles,California,90049,West,OFF-PA-10000482,Office Supplies,Paper,"Snap-A-Way Black Print Carbonless Ruled Speed Letter, Triplicate",113.82,3,0.0,53.4954,-319
4340,CA-2017-133501,2017-08-27,2017-01-09,Standard Class,DK-12895,Dana Kaydos,Consumer,United States,Franklin,Tennessee,37064,South,OFF-PA-10004888,Office Supplies,Paper,Xerox 217,5.184,1,0.2,1.8144,-230
4351,US-2017-100482,2017-11-04,2017-04-15,Standard Class,JL-15130,Jack Lebron,Consumer,United States,Lancaster,Ohio,43130,East,OFF-ST-10001325,Office Supplies,Storage,Sterilite Officeware Hinged File Box,16.768,2,0.2,1.4672,-203
4352,US-2017-100482,2017-11-04,2017-04-15,Standard Class,JL-15130,Jack Lebron,Consumer,United States,Lancaster,Ohio,43130,East,TEC-AC-10003441,Technology,Accessories,Kingston Digital DataTraveler 32GB USB 2.0,27.12,2,0.2,-4.746,-203
4368,CA-2017-117044,2017-11-09,2017-09-13,Second Class,HA-14920,Helen Andreada,Consumer,United States,Chicago,Illinois,60623,Central,OFF-FA-10000936,Office Supplies,Fasteners,Acco Hot Clips Clips to Go,10.528,4,0.2,3.29,-57
4369,CA-2017-117044,2017-11-09,2017-09-13,Second Class,HA-14920,Helen Andreada,Consumer,United States,Chicago,Illinois,60623,Central,OFF-PA-10003657,Office Supplies,Paper,Xerox 1927,20.544,6,0.2,6.42,-57
4379,CA-2015-140830,2015-11-30,2015-02-12,Second Class,PS-18970,Paul Stevenson,Home Office,United States,Henderson,Kentucky,42420,South,OFF-EN-10000461,Office Supplies,Envelopes,"#10- 4 1/8"" x 9 1/2"" Recycled Envelopes",17.48,2,0.0,8.2156,-291
4380,CA-2015-140830,2015-11-30,2015-02-12,Second Class,PS-18970,Paul Stevenson,Home Office,United States,Henderson,Kentucky,42420,South,OFF-EN-10002831,Office Supplies,Envelopes,"Tyvek  Top-Opening Peel & Seel  Envelopes, Gray",71.88,2,0.0,32.346,-291
4387,CA-2016-156811,2016-10-27,2016-02-11,Standard Class,BP-11095,Bart Pistole,Corporate,United States,San Francisco,California,94122,West,OFF-AP-10001366,Office Supplies,Appliances,Staple holder,43.92,4,0.0,11.8584,-259
4388,CA-2016-156811,2016-10-27,2016-02-11,Standard Class,BP-11095,Bart Pistole,Corporate,United States,San Francisco,California,94122,West,OFF-BI-10001628,Office Supplies,Binders,"Acco Data Flex Cable Posts For Top & Bottom Load Binders, 6"" Capacity",25.032,3,0.2,7.8225,-259
4416,CA-2014-153983,2014-11-29,2014-06-12,Standard Class,AH-10210,Alan Hwang,Consumer,United States,San Francisco,California,94122,West,TEC-PH-10004586,Technology,Phones,Wilson SignalBoost 841262 DB PRO Amplifier Kit,575.92,2,0.2,71.99,-170
4417,CA-2014-153983,2014-11-29,2014-06-12,Standard Class,AH-10210,Alan Hwang,Consumer,United States,San Francisco,California,94122,West,OFF-FA-10003495,Office Supplies,Fasteners,Staples,30.4,5,0.0,15.2,-170
4460,US-2017-125717,2017-09-28,2017-01-10,First Class,DS-13030,Darrin Sayre,Home Office,United States,Aurora,Colorado,80013,West,FUR-FU-10001979,Furniture,Furnishings,Dana Halogen Swing-Arm Architect Lamp,32.776,1,0.2,3.2776,-261
4461,US-2017-125717,2017-09-28,2017-01-10,First Class,DS-13030,Darrin Sayre,Home Office,United States,Aurora,Colorado,80013,West,OFF-ST-10001522,Office Supplies,Storage,"Gould Plastics 18-Pocket Panel Bin, 34w x 5-1/4d x 20-1/2h",147.184,2,0.2,-29.4368,-261
4462,US-2017-125717,2017-09-28,2017-01-10,First Class,DS-13030,Darrin Sayre,Home Office,United States,Aurora,Colorado,80013,West,TEC-AC-10003657,Technology,Accessories,Lenovo 17-Key USB Numeric Keypad,54.384,2,0.2,1.3596,-261
4463,US-2017-125717,2017-09-28,2017-01-10,First Class,DS-13030,Darrin Sayre,Home Office,United States,Aurora,Colorado,80013,West,OFF-BI-10001718,Office Supplies,Binders,GBC DocuBind P50 Personal Binding Machine,76.776,4,0.7,-58.8616,-261
4464,US-2017-125717,2017-09-28,2017-01-10,First Class,DS-13030,Darrin Sayre,Home Office,United States,Aurora,Colorado,80013,West,OFF-PA-10003022,Office Supplies,Paper,Xerox 1992,14.352,3,0.2,5.2026,-261
4465,US-2017-125717,2017-09-28,2017-01-10,First Class,DS-13030,Darrin Sayre,Home Office,United States,Aurora,Colorado,80013,West,OFF-AP-10000891,Office Supplies,Appliances,Kensington 7 Outlet MasterPiece HOMEOFFICE Power Control Center,209.792,2,0.2,26.224,-261
4467,CA-2017-168641,2017-11-24,2017-01-12,Standard Class,KA-16525,Kelly Andreada,Consumer,United States,New York City,New York,10035,East,OFF-AR-10003759,Office Supplies,Art,"Crayola Anti Dust Chalk, 12/Pack",16.38,9,0.0,7.371,-316
4468,CA-2017-168641,2017-11-24,2017-01-12,Standard Class,KA-16525,Kelly Andreada,Consumer,United States,New York City,New York,10035,East,OFF-EN-10003001,Office Supplies,Envelopes,Ames Color-File Green Diamond Border X-ray Mailers,167.96,2,0.0,78.9412,-316
4469,CA-2017-168641,2017-11-24,2017-01-12,Standard Class,KA-16525,Kelly Andreada,Consumer,United States,New York City,New York,10035,East,FUR-BO-10000780,Furniture,Bookcases,O'Sullivan Plantations 2-Door Library in Landvery Oak,321.568,2,0.2,-16.0784,-316
4470,CA-2017-168641,2017-11-24,2017-01-12,Standard Class,KA-16525,Kelly Andreada,Consumer,United States,New York City,New York,10035,East,OFF-PA-10001972,Office Supplies,Paper,Xerox 214,12.96,2,0.0,6.2208,-316
4500,CA-2016-124814,2016-10-04,2016-04-16,Standard Class,FM-14215,Filia McAdams,Corporate,United States,Bakersfield,California,93309,West,OFF-PA-10002787,Office Supplies,Paper,Xerox 227,12.96,2,0.0,6.2208,-171
4501,CA-2016-124814,2016-10-04,2016-04-16,Standard Class,FM-14215,Filia McAdams,Corporate,United States,Bakersfield,California,93309,West,OFF-BI-10000174,Office Supplies,Binders,"Wilson Jones Clip & Carry Folder Binder Tool for Ring Binders, Clear",23.2,5,0.2,8.12,-171
4502,CA-2014-116757,2014-06-30,2014-04-07,Standard Class,MS-17980,Michael Stewart,Corporate,United States,Houston,Texas,77095,Central,OFF-PA-10002005,Office Supplies,Paper,Xerox 225,25.92,5,0.2,9.072,-84
4503,CA-2014-116757,2014-06-30,2014-04-07,Standard Class,MS-17980,Michael Stewart,Corporate,United States,Houston,Texas,77095,Central,OFF-FA-10002815,Office Supplies,Fasteners,Staples,21.312,6,0.2,7.1928,-84
4515,CA-2016-120873,2016-10-27,2016-01-11,Second Class,BW-11200,Ben Wallace,Consumer,United States,Hampton,Virginia,23666,South,FUR-CH-10000847,Furniture,Chairs,Global Executive Mid-Back Manager's Chair,290.98,1,0.0,75.6548,-290
4519,CA-2016-101385,2016-09-25,2016-01-10,Standard Class,JW-16075,Julia West,Consumer,United States,San Francisco,California,94109,West,OFF-AR-10004441,Office Supplies,Art,BIC Brite Liner Highlighters,16.56,4,0.0,6.9552,-259
4520,CA-2017-107167,2017-10-06,2017-06-14,Standard Class,ND-18460,Neil Ducich,Corporate,United States,Jacksonville,Florida,32216,South,OFF-ST-10003805,Office Supplies,Storage,"24 Capacity Maxi Data Binder Racks, Pearl",1347.52,8,0.2,84.22,-114
4540,CA-2015-104129,2015-02-27,2015-02-03,Standard Class,ES-14080,Erin Smith,Corporate,United States,Providence,Rhode Island,2908,East,TEC-PH-10003800,Technology,Phones,i.Sound Portable Power - 8000 mAh,105.98,2,0.0,1.0598,-24
4541,CA-2015-104129,2015-02-27,2015-02-03,Standard Class,ES-14080,Erin Smith,Corporate,United States,Providence,Rhode Island,2908,East,FUR-TA-10004152,Furniture,Tables,"Barricks 18"" x 48"" Non-Folding Utility Table with Bottom Storage Shelf",493.92,7,0.3,-28.224,-24
4544,CA-2015-126557,2015-12-07,2015-07-17,Second Class,RL-19615,Rob Lucas,Consumer,United States,Chicago,Illinois,60610,Central,FUR-CH-10004477,Furniture,Chairs,"Global Push Button Manager's Chair, Indigo",383.607,9,0.3,-5.4801,-143
4545,CA-2015-126557,2015-12-07,2015-07-17,Second Class,RL-19615,Rob Lucas,Consumer,United States,Chicago,Illinois,60610,Central,TEC-PH-10003505,Technology,Phones,Geemarc AmpliPOWER60,148.48,2,0.2,16.704,-143
4546,CA-2015-126557,2015-12-07,2015-07-17,Second Class,RL-19615,Rob Lucas,Consumer,United States,Chicago,Illinois,60610,Central,TEC-PH-10000526,Technology,Phones,Vtech CS6719,537.544,7,0.2,53.7544,-143
4547,CA-2015-126557,2015-12-07,2015-07-17,Second Class,RL-19615,Rob Lucas,Consumer,United States,Chicago,Illinois,60610,Central,OFF-BI-10003314,Office Supplies,Binders,Tuff Stuff Recycled Round Ring Binders,1.928,2,0.8,-2.9884,-143
4548,CA-2015-126557,2015-12-07,2015-07-17,Second Class,RL-19615,Rob Lucas,Consumer,United States,Chicago,Illinois,60610,Central,OFF-AR-10003190,Office Supplies,Art,Newell 32,6.912,3,0.2,0.6912,-143
4549,CA-2015-126557,2015-12-07,2015-07-17,Second Class,RL-19615,Rob Lucas,Consumer,United States,Chicago,Illinois,60610,Central,FUR-FU-10001861,Furniture,Furnishings,"Floodlight Indoor Halogen Bulbs, 1 Bulb per Pack, 60 Watts",7.76,1,0.6,-2.134,-143
4550,CA-2015-126557,2015-12-07,2015-07-17,Second Class,RL-19615,Rob Lucas,Consumer,United States,Chicago,Illinois,60610,Central,TEC-PH-10003963,Technology,Phones,GE 2-Jack Phone Line Splitter,659.168,4,0.2,49.4376,-143
4551,US-2017-107636,2017-04-30,2017-02-05,First Class,NM-18520,Neoma Murray,Consumer,United States,Manchester,Connecticut,6040,East,OFF-LA-10003388,Office Supplies,Labels,Avery 5,5.76,2,0.0,2.8224,-84
4555,CA-2016-101448,2016-02-27,2016-01-03,Second Class,EB-13930,Eric Barreto,Consumer,United States,La Crosse,Wisconsin,54601,Central,OFF-BI-10004738,Office Supplies,Binders,Flexible Leather- Look Classic Collection Ring Binder,56.82,3,0.0,28.41,-55
4578,US-2014-121734,2014-11-04,2014-04-16,Standard Class,SE-20110,Sanjit Engle,Consumer,United States,Lewiston,Idaho,83501,West,OFF-BI-10004817,Office Supplies,Binders,GBC Personal VeloBind Strips,9.584,1,0.2,3.3544,-202
4579,CA-2015-110947,2015-09-06,2015-06-15,Standard Class,AG-10765,Anthony Garverick,Home Office,United States,Hampton,Virginia,23666,South,OFF-BI-10001670,Office Supplies,Binders,Vinyl Sectional Post Binders,113.1,3,0.0,56.55,-83
4580,US-2014-150126,2014-07-27,2014-02-08,Standard Class,AS-10045,Aaron Smayling,Corporate,United States,New York City,New York,10035,East,OFF-PA-10002709,Office Supplies,Paper,Xerox 1956,65.78,11,0.0,32.2322,-169
4581,CA-2015-164427,2015-07-31,2015-06-08,Standard Class,AR-10405,Allen Rosenblatt,Corporate,United States,Hattiesburg,Mississippi,39401,South,TEC-AC-10004469,Technology,Accessories,Microsoft Sculpt Comfort Mouse,239.7,6,0.0,105.468,-53
4598,US-2017-169502,2017-08-28,2017-01-09,Standard Class,MG-17650,Matthew Grinstein,Home Office,United States,Milwaukee,Wisconsin,53209,Central,OFF-SU-10004115,Office Supplies,Supplies,Acme Stainless Steel Office Snips,21.81,3,0.0,5.8887,-231
4599,US-2017-169502,2017-08-28,2017-01-09,Standard Class,MG-17650,Matthew Grinstein,Home Office,United States,Milwaukee,Wisconsin,53209,Central,OFF-AP-10001947,Office Supplies,Appliances,Acco 6 Outlet Guardian Premium Plus Surge Suppressor,91.6,5,0.0,26.564,-231
4607,CA-2015-135020,2015-05-28,2015-02-06,Standard Class,MS-17770,Maxwell Schwartz,Consumer,United States,Rochester,New York,14609,East,TEC-PH-10004093,Technology,Phones,Panasonic Kx-TS550,45.99,1,0.0,13.3371,-111
4608,CA-2015-135020,2015-05-28,2015-02-06,Standard Class,MS-17770,Maxwell Schwartz,Consumer,United States,Rochester,New York,14609,East,OFF-ST-10001490,Office Supplies,Storage,"Hot File 7-Pocket, Floor Stand",535.41,3,0.0,160.623,-111
4609,CA-2015-135020,2015-05-28,2015-02-06,Standard Class,MS-17770,Maxwell Schwartz,Consumer,United States,Rochester,New York,14609,East,OFF-BI-10000605,Office Supplies,Binders,"Acco Pressboard Covers with Storage Hooks, 9 1/2"" x 11"", Executive Red",6.096,2,0.2,2.0574,-111
4610,CA-2015-135020,2015-05-28,2015-02-06,Standard Class,MS-17770,Maxwell Schwartz,Consumer,United States,Rochester,New York,14609,East,OFF-PA-10004255,Office Supplies,Paper,Xerox 219,45.36,7,0.0,21.7728,-111
4636,CA-2017-116288,2017-12-03,2017-03-17,Standard Class,BS-11380,Bill Stewart,Corporate,United States,San Francisco,California,94122,West,OFF-ST-10000736,Office Supplies,Storage,Carina Double Wide Media Storage Towers in Natural & Black,242.94,3,0.0,9.7176,-261
4640,CA-2016-102162,2016-11-09,2016-09-16,Standard Class,JF-15565,Jill Fjeld,Consumer,United States,Newport News,Virginia,23602,South,TEC-CO-10001943,Technology,Copiers,Canon PC-428 Personal Copier,1599.92,8,0.0,751.9624,-54
4641,CA-2016-102162,2016-11-09,2016-09-16,Standard Class,JF-15565,Jill Fjeld,Consumer,United States,Newport News,Virginia,23602,South,OFF-EN-10002312,Office Supplies,Envelopes,#10 Self-Seal White Envelopes,11.09,1,0.0,5.4341,-54
4646,CA-2016-143910,2016-12-08,2016-08-16,Standard Class,BC-11125,Becky Castell,Home Office,United States,New York City,New York,10011,East,FUR-CH-10000225,Furniture,Chairs,"Global Geo Office Task Chair, Gray",145.764,2,0.1,-8.098,-114
4647,CA-2014-146885,2014-05-30,2014-05-06,Standard Class,EB-13840,Ellis Ballard,Corporate,United States,Richmond,Virginia,23223,South,OFF-PA-10001622,Office Supplies,Paper,"Ampad Poly Cover Wirebound Steno Book, 6"" x 9"" Assorted Colors, Gregg Ruled",13.62,3,0.0,6.129,-24
4648,CA-2016-139556,2016-04-26,2016-01-05,Standard Class,DB-13360,Dennis Bolton,Home Office,United States,New York City,New York,10009,East,FUR-CH-10004983,Furniture,Chairs,Office Star - Mid Back Dual function Ergonomic High Back Chair with 2-Way Adjustable Arms,434.646,3,0.1,62.7822,-112
4667,CA-2016-116547,2016-10-01,2016-01-17,Standard Class,KB-16585,Ken Black,Corporate,United States,Seattle,Washington,98115,West,FUR-FU-10000076,Furniture,Furnishings,24-Hour Round Wall Clock,79.92,4,0.0,34.3656,-258
4668,CA-2016-116547,2016-10-01,2016-01-17,Standard Class,KB-16585,Ken Black,Corporate,United States,Seattle,Washington,98115,West,TEC-AC-10002335,Technology,Accessories,Logitech Media Keyboard K200,69.98,2,0.0,13.2962,-258
4672,CA-2016-133550,2016-07-31,2016-06-08,Standard Class,KL-16645,Ken Lonsdale,Consumer,United States,Detroit,Michigan,48205,Central,OFF-AP-10001005,Office Supplies,Appliances,Honeywell Quietcare HEPA Air Cleaner,283.14,4,0.1,72.358,-53
4673,CA-2016-133550,2016-07-31,2016-06-08,Standard Class,KL-16645,Ken Lonsdale,Consumer,United States,Detroit,Michigan,48205,Central,TEC-PH-10004042,Technology,Phones,ClearOne Communications CHAT 70 OC Speaker Phone,635.96,4,0.0,165.3496,-53
4674,CA-2016-133550,2016-07-31,2016-06-08,Standard Class,KL-16645,Ken Lonsdale,Consumer,United States,Detroit,Michigan,48205,Central,TEC-PH-10001079,Technology,Phones,Polycom SoundPoint Pro SE-225 Corded phone,118.99,1,0.0,33.3172,-53
4675,CA-2016-133550,2016-07-31,2016-06-08,Standard Class,KL-16645,Ken Lonsdale,Consumer,United States,Detroit,Michigan,48205,Central,FUR-FU-10002918,Furniture,Furnishings,Eldon ClusterMat Chair Mat with Cordless Antistatic Protection,272.94,3,0.0,30.0234,-53
4684,CA-2016-159912,2016-08-29,2016-03-09,Standard Class,GB-14530,George Bell,Corporate,United States,Philadelphia,Pennsylvania,19120,East,FUR-TA-10004152,Furniture,Tables,"Barricks 18"" x 48"" Non-Folding Utility Table with Bottom Storage Shelf",241.92,4,0.4,-56.448,-173
4685,CA-2016-159912,2016-08-29,2016-03-09,Standard Class,GB-14530,George Bell,Corporate,United States,Philadelphia,Pennsylvania,19120,East,FUR-BO-10002853,Furniture,Bookcases,O'Sullivan 5-Shelf Heavy-Duty Bookcases,163.88,4,0.5,-81.94,-173
4686,CA-2016-159912,2016-08-29,2016-03-09,Standard Class,GB-14530,George Bell,Corporate,United States,Philadelphia,Pennsylvania,19120,East,OFF-BI-10002071,Office Supplies,Binders,Fellowes Black Plastic Comb Bindings,3.486,2,0.7,-2.7888,-173
4687,CA-2016-159912,2016-08-29,2016-03-09,Standard Class,GB-14530,George Bell,Corporate,United States,Philadelphia,Pennsylvania,19120,East,OFF-FA-10000053,Office Supplies,Fasteners,Revere Boxed Rubber Bands by Revere,10.584,7,0.2,-2.3814,-173
4689,US-2017-154851,2017-03-30,2017-03-04,Standard Class,BP-11155,Becky Pak,Consumer,United States,Lancaster,Pennsylvania,17602,East,OFF-BI-10001525,Office Supplies,Binders,"Acco Pressboard Covers with Storage Hooks, 14 7/8"" x 11"", Executive Red",5.715,5,0.7,-4.7625,-26
4700,CA-2017-140298,2017-11-05,2017-05-17,Standard Class,JK-16120,Julie Kriz,Home Office,United States,Austin,Texas,78745,Central,OFF-AR-10003481,Office Supplies,Art,Newell 348,5.248,2,0.2,0.5904,-172
4701,CA-2017-140298,2017-11-05,2017-05-17,Standard Class,JK-16120,Julie Kriz,Home Office,United States,Austin,Texas,78745,Central,OFF-ST-10004180,Office Supplies,Storage,Safco Commercial Shelving,74.416,2,0.2,-14.8832,-172
4702,CA-2017-140298,2017-11-05,2017-05-17,Standard Class,JK-16120,Julie Kriz,Home Office,United States,Austin,Texas,78745,Central,OFF-PA-10003657,Office Supplies,Paper,Xerox 1927,6.848,2,0.2,2.14,-172
4703,CA-2017-140298,2017-11-05,2017-05-17,Standard Class,JK-16120,Julie Kriz,Home Office,United States,Austin,Texas,78745,Central,FUR-FU-10001967,Furniture,Furnishings,Telescoping Adjustable Floor Lamp,7.996,1,0.6,-6.9965,-172
4716,US-2015-122910,2015-12-05,2015-05-16,Standard Class,LT-16765,Larry Tron,Consumer,United States,Louisville,Colorado,80027,West,TEC-PH-10000441,Technology,Phones,VTech DS6151,201.584,2,0.2,20.1584,-203
4741,CA-2017-164364,2017-12-11,2017-11-16,Standard Class,CS-12355,Christine Sundaresam,Consumer,United States,Seattle,Washington,98115,West,OFF-LA-10004853,Office Supplies,Labels,Avery 483,9.96,2,0.0,4.5816,-25
4742,CA-2017-164364,2017-12-11,2017-11-16,Standard Class,CS-12355,Christine Sundaresam,Consumer,United States,Seattle,Washington,98115,West,OFF-AR-10000315,Office Supplies,Art,"Dixon Ticonderoga Maple Cedar Pencil, #2",9.21,3,0.0,2.3025,-25
4743,CA-2017-164364,2017-12-11,2017-11-16,Standard Class,CS-12355,Christine Sundaresam,Consumer,United States,Seattle,Washington,98115,West,OFF-SU-10000381,Office Supplies,Supplies,Acme Forged Steel Scissors with Black Enamel Handles,27.93,3,0.0,8.0997,-25
4772,US-2014-167262,2014-10-31,2014-03-11,Second Class,AC-10450,Amy Cox,Consumer,United States,Avondale,Arizona,85323,West,TEC-PH-10000486,Technology,Phones,Plantronics HL10 Handset Lifter,742.336,8,0.2,83.5128,-234
4784,US-2017-147984,2017-01-28,2017-01-02,Standard Class,GB-14575,Giulietta Baptist,Consumer,United States,Wichita,Kansas,67212,Central,OFF-PA-10000806,Office Supplies,Paper,Xerox 1934,279.9,5,0.0,137.151,-26
4794,US-2015-141684,2015-06-29,2015-04-07,Standard Class,MM-18055,Michelle Moray,Consumer,United States,New York City,New York,10011,East,OFF-PA-10002870,Office Supplies,Paper,"Ampad Phone Message Book, Recycled, 400 Message Capacity, 5 ¾” x 11”",24.96,4,0.0,11.232,-83
4820,CA-2017-117436,2017-08-06,2017-06-14,Standard Class,LW-17125,Liz Willingham,Consumer,United States,Norwich,Connecticut,6360,East,OFF-BI-10004040,Office Supplies,Binders,Wilson Jones Impact Binders,10.36,2,0.0,5.0764,-53
4827,US-2017-136707,2017-12-11,2017-11-15,First Class,JE-15610,Jim Epp,Corporate,United States,Los Angeles,California,90036,West,OFF-BI-10003460,Office Supplies,Binders,Acco 3-Hole Punch,14.016,4,0.2,4.9056,-26
4843,CA-2017-118402,2017-09-29,2017-04-10,Standard Class,JO-15280,Jas O'Carroll,Consumer,United States,Memphis,Tennessee,38109,South,OFF-ST-10001418,Office Supplies,Storage,Carina Media Storage Towers in Natural & Black,243.92,5,0.2,-54.882,-172
4862,CA-2014-138940,2014-11-04,2014-04-16,Second Class,GM-14455,Gary Mitchum,Home Office,United States,Austin,Texas,78745,Central,TEC-PH-10001835,Technology,Phones,Jawbone JAMBOX Wireless Bluetooth Speaker,758.352,6,0.2,265.4232,-202
4884,CA-2017-104080,2017-08-03,2017-03-15,Standard Class,AH-10210,Alan Hwang,Consumer,United States,Anaheim,California,92804,West,OFF-BI-10003876,Office Supplies,Binders,"Green Canvas Binder for 8-1/2"" x 14"" Sheets",171.2,5,0.2,64.2,-141
4885,CA-2017-104080,2017-08-03,2017-03-15,Standard Class,AH-10210,Alan Hwang,Consumer,United States,Anaheim,California,92804,West,OFF-AR-10001972,Office Supplies,Art,Newell 323,3.36,2,0.0,0.8736,-141
4887,CA-2016-163167,2016-11-28,2016-01-12,Second Class,RF-19345,Randy Ferguson,Corporate,United States,Marietta,Georgia,30062,South,FUR-CH-10004477,Furniture,Chairs,"Global Push Button Manager's Chair, Indigo",182.67,3,0.0,52.9743,-321
4888,CA-2016-163167,2016-11-28,2016-01-12,Second Class,RF-19345,Randy Ferguson,Corporate,United States,Marietta,Georgia,30062,South,TEC-AC-10003441,Technology,Accessories,Kingston Digital DataTraveler 32GB USB 2.0,101.7,6,0.0,6.102,-321
4889,CA-2016-163167,2016-11-28,2016-01-12,Second Class,RF-19345,Randy Ferguson,Corporate,United States,Marietta,Georgia,30062,South,OFF-ST-10004459,Office Supplies,Storage,Tennsco Single-Tier Lockers,1126.02,3,0.0,56.301,-321
4890,CA-2016-163167,2016-11-28,2016-01-12,Second Class,RF-19345,Randy Ferguson,Corporate,United States,Marietta,Georgia,30062,South,OFF-ST-10003805,Office Supplies,Storage,"24 Capacity Maxi Data Binder Racks, Pearl",1263.3,6,0.0,315.825,-321
4926,CA-2017-126438,2017-10-09,2017-09-13,First Class,AR-10345,Alex Russell,Corporate,United States,Lawrence,Massachusetts,1841,East,OFF-AR-10003338,Office Supplies,Art,"Eberhard Faber 3 1/2"" Golf Pencils",14.88,2,0.0,3.72,-26
4933,CA-2015-106978,2015-09-28,2015-04-10,Standard Class,ZC-21910,Zuschuss Carroll,Consumer,United States,Aurora,Colorado,80013,West,OFF-EN-10004483,Office Supplies,Envelopes,"#10 White Business Envelopes,4 1/8 x 9 1/2",12.536,1,0.2,4.2309,-171
4934,CA-2015-106978,2015-09-28,2015-04-10,Standard Class,ZC-21910,Zuschuss Carroll,Consumer,United States,Aurora,Colorado,80013,West,OFF-BI-10002012,Office Supplies,Binders,Wilson Jones Easy Flow II Sheet Lifters,1.08,2,0.7,-0.792,-171
4935,CA-2015-106978,2015-09-28,2015-04-10,Standard Class,ZC-21910,Zuschuss Carroll,Consumer,United States,Aurora,Colorado,80013,West,OFF-FA-10003021,Office Supplies,Fasteners,Staples,4.512,3,0.2,0.846,-171
4937,CA-2017-150931,2017-06-01,2017-01-13,Standard Class,DP-13390,Dennis Pardue,Home Office,United States,Tuscaloosa,Alabama,35401,South,OFF-BI-10004728,Office Supplies,Binders,Wilson Jones Turn Tabs Binder Tool for Ring Binders,33.74,7,0.0,15.5204,-139
4941,CA-2015-156482,2015-06-02,2015-02-13,Standard Class,IL-15100,Ivan Liston,Consumer,United States,Wilmington,Delaware,19805,East,FUR-CH-10001708,Furniture,Chairs,Office Star - Contemporary Swivel Chair with Padded Adjustable Arms and Flex Back,1268.82,9,0.0,266.4522,-109
4942,CA-2015-156482,2015-06-02,2015-02-13,Standard Class,IL-15100,Ivan Liston,Consumer,United States,Wilmington,Delaware,19805,East,FUR-BO-10002598,Furniture,Bookcases,"Hon Metal Bookcases, Putty",283.92,4,0.0,82.3368,-109
4943,CA-2015-156482,2015-06-02,2015-02-13,Standard Class,IL-15100,Ivan Liston,Consumer,United States,Wilmington,Delaware,19805,East,OFF-AR-10001022,Office Supplies,Art,SANFORD Liquid Accent Tank-Style Highlighters,5.68,2,0.0,1.7608,-109
4949,CA-2017-107125,2017-11-27,2017-02-12,Standard Class,BD-11320,Bill Donatelli,Consumer,United States,Los Angeles,California,90045,West,OFF-BI-10001989,Office Supplies,Binders,Premium Transparent Presentation Covers by GBC,117.488,7,0.2,41.1208,-288
4950,CA-2017-107125,2017-11-27,2017-02-12,Standard Class,BD-11320,Bill Donatelli,Consumer,United States,Los Angeles,California,90045,West,FUR-FU-10000732,Furniture,Furnishings,Eldon 200 Class Desk Accessories,18.84,3,0.0,6.0288,-288
4951,CA-2016-125815,2016-10-28,2016-01-11,Second Class,DL-13330,Denise Leinenbach,Consumer,United States,New York City,New York,10009,East,OFF-AR-10004441,Office Supplies,Art,BIC Brite Liner Highlighters,12.42,3,0.0,5.2164,-291
4952,CA-2015-144190,2015-09-06,2015-06-13,Standard Class,NC-18415,Nathan Cano,Consumer,United States,Royal Oak,Michigan,48073,Central,OFF-PA-10000304,Office Supplies,Paper,Xerox 1995,12.96,2,0.0,6.2208,-85
4955,CA-2014-160262,2014-09-06,2014-06-13,Second Class,TS-21205,Thomas Seio,Corporate,United States,North Las Vegas,Nevada,89031,West,OFF-AR-10002335,Office Supplies,Art,DIXON Oriole Pencils,18.06,7,0.0,4.6956,-85
4956,CA-2014-160262,2014-09-06,2014-06-13,Second Class,TS-21205,Thomas Seio,Corporate,United States,North Las Vegas,Nevada,89031,West,OFF-PA-10003641,Office Supplies,Paper,Xerox 1909,79.14,3,0.0,36.4044,-85
4957,CA-2014-160262,2014-09-06,2014-06-13,Second Class,TS-21205,Thomas Seio,Corporate,United States,North Las Vegas,Nevada,89031,West,FUR-FU-10002685,Furniture,Furnishings,"Executive Impressions 13-1/2"" Indoor/Outdoor Wall Clock",37.4,2,0.0,14.212,-85
4990,CA-2017-107321,2017-08-31,2017-04-09,Standard Class,AW-10930,Arthur Wiediger,Home Office,United States,San Francisco,California,94110,West,OFF-BI-10004022,Office Supplies,Binders,Acco Suede Grain Vinyl Round Ring Binder,6.672,3,0.2,2.1684,-144
4991,CA-2017-107321,2017-08-31,2017-04-09,Standard Class,AW-10930,Arthur Wiediger,Home Office,United States,San Francisco,California,94110,West,TEC-PH-10002200,Technology,Phones,Aastra 6757i CT Wireless VoIP phone,689.408,4,0.2,77.5584,-144
4997,CA-2017-155824,2017-10-03,2017-03-15,Standard Class,KS-16300,Karen Seio,Corporate,United States,Raleigh,North Carolina,27604,South,OFF-AP-10000390,Office Supplies,Appliances,Euro Pro Shark Stick Mini Vacuum,48.784,1,0.2,3.6588,-202
4998,CA-2017-155824,2017-10-03,2017-03-15,Standard Class,KS-16300,Karen Seio,Corporate,United States,Raleigh,North Carolina,27604,South,OFF-BI-10000014,Office Supplies,Binders,Heavy-Duty E-Z-D Binders,13.092,4,0.7,-10.0372,-202
5005,CA-2014-156006,2014-04-30,2014-02-05,Second Class,TM-21010,Tamara Manning,Consumer,United States,Jackson,Mississippi,39212,South,TEC-AC-10002550,Technology,Accessories,Maxell 4.7GB DVD-RW 3/Pack,47.79,3,0.0,16.2486,-84
5012,US-2017-139647,2017-11-05,2017-05-13,First Class,TS-21370,Todd Sumrall,Corporate,United States,Phoenix,Arizona,85023,West,FUR-BO-10004467,Furniture,Bookcases,Bestar Classic Bookcase,209.979,7,0.7,-356.9643,-176
5025,US-2017-130953,2017-07-29,2017-03-08,Standard Class,RF-19735,Roland Fjeld,Consumer,United States,Oklahoma City,Oklahoma,73120,Central,OFF-BI-10004828,Office Supplies,Binders,GBC Poly Designer Binding Covers,33.48,2,0.0,16.4052,-143
5026,US-2017-130953,2017-07-29,2017-03-08,Standard Class,RF-19735,Roland Fjeld,Consumer,United States,Oklahoma City,Oklahoma,73120,Central,TEC-PH-10003012,Technology,Phones,Nortel Meridian M3904 Professional Digital phone,461.97,3,0.0,133.9713,-143
5027,US-2017-130953,2017-07-29,2017-03-08,Standard Class,RF-19735,Roland Fjeld,Consumer,United States,Oklahoma City,Oklahoma,73120,Central,OFF-AP-10002311,Office Supplies,Appliances,"Holmes Replacement Filter for HEPA Air Cleaner, Very Large Room, HEPA Filter",137.62,2,0.0,60.5528,-143
5028,US-2017-130953,2017-07-29,2017-03-08,Standard Class,RF-19735,Roland Fjeld,Consumer,United States,Oklahoma City,Oklahoma,73120,Central,FUR-CH-10004626,Furniture,Chairs,Office Star Flex Back Scooter Chair with Aluminum Finish Frame,302.67,3,0.0,72.6408,-143
5035,CA-2015-103954,2015-09-08,2015-08-13,Second Class,HR-14770,Hallie Redmond,Home Office,United States,Milwaukee,Wisconsin,53209,Central,FUR-BO-10004690,Furniture,Bookcases,O'Sullivan Cherrywood Estates Traditional Barrister Bookcase,687.4,5,0.0,48.118,-26
5066,CA-2017-142090,2017-11-30,2017-07-12,Standard Class,SC-20380,Shahid Collister,Consumer,United States,Burlington,North Carolina,27217,South,TEC-AC-10002001,Technology,Accessories,Logitech Wireless Gaming Headset G930,383.976,3,0.2,81.5949,-141
5067,CA-2017-142090,2017-11-30,2017-07-12,Standard Class,SC-20380,Shahid Collister,Consumer,United States,Burlington,North Carolina,27217,South,FUR-TA-10001889,Furniture,Tables,Bush Advantage Collection Racetrack Conference Table,1781.682,7,0.4,-653.2834,-141
5118,CA-2015-127173,2015-09-26,2015-03-10,Standard Class,GM-14500,Gene McClure,Consumer,United States,Oceanside,New York,11572,East,OFF-FA-10004854,Office Supplies,Fasteners,"Vinyl Coated Wire Paper Clips in Organizer Box, 800/Box",34.44,3,0.0,16.1868,-200
5119,CA-2015-127173,2015-09-26,2015-03-10,Standard Class,GM-14500,Gene McClure,Consumer,United States,Oceanside,New York,11572,East,TEC-MA-10002859,Technology,Machines,Ativa MDM8000 8-Sheet Micro-Cut Shredder,629.93,7,0.0,296.0671,-200
5120,CA-2015-127173,2015-09-26,2015-03-10,Standard Class,GM-14500,Gene McClure,Consumer,United States,Oceanside,New York,11572,East,OFF-BI-10000088,Office Supplies,Binders,GBC Imprintable Covers,79.056,9,0.2,28.6578,-200
5139,CA-2017-128335,2017-09-29,2017-05-10,Standard Class,JA-15970,Joseph Airdo,Consumer,United States,Mount Vernon,New York,10550,East,OFF-EN-10001539,Office Supplies,Envelopes,Staple envelope,23.34,3,0.0,10.9698,-142
5140,CA-2017-128335,2017-09-29,2017-05-10,Standard Class,JA-15970,Joseph Airdo,Consumer,United States,Mount Vernon,New York,10550,East,OFF-PA-10004996,Office Supplies,Paper,"Speediset Carbonless Redi-Letter 7"" x 8 1/2""",51.55,5,0.0,24.2285,-142
5153,US-2014-121566,2014-06-30,2014-06-07,Standard Class,CS-11860,Cari Schnelling,Consumer,United States,New York City,New York,10011,East,OFF-BI-10004528,Office Supplies,Binders,Cardinal Poly Pocket Divider Pockets for Ring Binders,2.688,1,0.2,0.84,-23
5154,US-2014-121566,2014-06-30,2014-06-07,Standard Class,CS-11860,Cari Schnelling,Consumer,United States,New York City,New York,10011,East,OFF-AR-10001026,Office Supplies,Art,"Sanford Uni-Blazer View Highlighters, Chisel Tip, Yellow",6.6,3,0.0,2.904,-23
5157,CA-2017-163006,2017-06-30,2017-04-07,Second Class,GH-14410,Gary Hansen,Home Office,United States,Chicago,Illinois,60653,Central,TEC-PH-10002584,Technology,Phones,Samsung Galaxy S4,1001.584,2,0.2,125.198,-84
5158,CA-2017-163006,2017-06-30,2017-04-07,Second Class,GH-14410,Gary Hansen,Home Office,United States,Chicago,Illinois,60653,Central,FUR-CH-10000229,Furniture,Chairs,Global Enterprise Series Seating High-Back Swivel/Tilt Chairs,569.058,3,0.3,-178.8468,-84
5159,CA-2017-163006,2017-06-30,2017-04-07,Second Class,GH-14410,Gary Hansen,Home Office,United States,Chicago,Illinois,60653,Central,FUR-FU-10003799,Furniture,Furnishings,"Seth Thomas 13 1/2"" Wall Clock",14.224,2,0.6,-10.3124,-84
5162,CA-2014-111192,2014-07-30,2014-05-08,Standard Class,TS-21430,Tom Stivers,Corporate,United States,Seattle,Washington,98103,West,FUR-BO-10002916,Furniture,Bookcases,"Rush Hierlooms Collection 1"" Thick Stackable Bookcases",1367.84,8,0.0,259.8896,-83
5182,CA-2017-108749,2017-12-09,2017-09-15,First Class,DJ-13510,Don Jones,Corporate,United States,Woonsocket,Rhode Island,2895,East,OFF-PA-10003797,Office Supplies,Paper,Xerox 209,45.36,7,0.0,21.7728,-85
5183,CA-2017-108749,2017-12-09,2017-09-15,First Class,DJ-13510,Don Jones,Corporate,United States,Woonsocket,Rhode Island,2895,East,OFF-BI-10003707,Office Supplies,Binders,Aluminum Screw Posts,45.78,3,0.0,22.89,-85
5187,US-2015-154389,2015-11-27,2015-03-12,Standard Class,EH-14125,Eugene Hildebrand,Home Office,United States,Philadelphia,Pennsylvania,19140,East,TEC-PH-10002789,Technology,Phones,LG Exalt,748.752,8,0.4,-162.2296,-260
5193,CA-2014-101560,2014-11-28,2014-01-12,Second Class,CS-12250,Chris Selesnick,Corporate,United States,Columbia,South Carolina,29203,South,FUR-FU-10003773,Furniture,Furnishings,Eldon Cleatmat Plus Chair Mats for High Pile Carpets,397.6,5,0.0,43.736,-320
5194,CA-2014-101560,2014-11-28,2014-01-12,Second Class,CS-12250,Chris Selesnick,Corporate,United States,Columbia,South Carolina,29203,South,OFF-PA-10001363,Office Supplies,Paper,Xerox 1933,85.96,7,0.0,40.4012,-320
5195,CA-2014-101560,2014-11-28,2014-01-12,Second Class,CS-12250,Chris Selesnick,Corporate,United States,Columbia,South Carolina,29203,South,OFF-AR-10004757,Office Supplies,Art,Crayola Colored Pencils,13.12,4,0.0,4.3296,-320
5196,CA-2014-101560,2014-11-28,2014-01-12,Second Class,CS-12250,Chris Selesnick,Corporate,United States,Columbia,South Carolina,29203,South,OFF-BI-10000309,Office Supplies,Binders,"GBC Twin Loop Wire Binding Elements, 9/16"" Spine, Black",45.66,3,0.0,22.3734,-320
5197,CA-2014-159709,2014-10-05,2014-05-15,Standard Class,AI-10855,Arianne Irving,Consumer,United States,Kent,Washington,98031,West,OFF-EN-10001434,Office Supplies,Envelopes,"Strathmore #10 Envelopes, Ultimate White",158.13,3,0.0,77.4837,-143
5198,CA-2014-159709,2014-10-05,2014-05-15,Standard Class,AI-10855,Arianne Irving,Consumer,United States,Kent,Washington,98031,West,TEC-PH-10003988,Technology,Phones,"LF Elite 3D Dazzle Designer Hard Case Cover, Lf Stylus Pen and Wiper For Apple Iphone 5c Mini Lite",43.6,5,0.2,4.36,-143
5205,CA-2015-102015,2015-12-09,2015-09-18,Standard Class,TM-21010,Tamara Manning,Consumer,United States,Auburn,New York,13021,East,OFF-AR-10004685,Office Supplies,Art,"Binney & Smith Crayola Metallic Colored Pencils, 8-Color Set",9.26,2,0.0,3.0558,-82
5206,CA-2015-102015,2015-12-09,2015-09-18,Standard Class,TM-21010,Tamara Manning,Consumer,United States,Auburn,New York,13021,East,OFF-ST-10001713,Office Supplies,Storage,"Gould Plastics 9-Pocket Panel Bin, 18-3/8w x 5-1/4d x 20-1/2h, Black",105.98,2,0.0,4.2392,-82
5207,CA-2015-102015,2015-12-09,2015-09-18,Standard Class,TM-21010,Tamara Manning,Consumer,United States,Auburn,New York,13021,East,OFF-FA-10000490,Office Supplies,Fasteners,"OIC Binder Clips, Mini, 1/4"" Capacity, Black",1.24,1,0.0,0.5828,-82
5208,CA-2015-102015,2015-12-09,2015-09-18,Standard Class,TM-21010,Tamara Manning,Consumer,United States,Auburn,New York,13021,East,OFF-LA-10002043,Office Supplies,Labels,Avery 489,20.7,2,0.0,9.936,-82
5209,CA-2015-102015,2015-12-09,2015-09-18,Standard Class,TM-21010,Tamara Manning,Consumer,United States,Auburn,New York,13021,East,OFF-PA-10002464,Office Supplies,Paper,HP Office Recycled Paper (20Lb. and 87 Bright),28.9,5,0.0,14.161,-82
5210,CA-2015-102015,2015-12-09,2015-09-18,Standard Class,TM-21010,Tamara Manning,Consumer,United States,Auburn,New York,13021,East,OFF-EN-10002504,Office Supplies,Envelopes,"Tyvek  Top-Opening Peel & Seel Envelopes, Plain White",27.18,1,0.0,12.7746,-82
5211,CA-2015-156755,2015-12-01,2015-01-18,Standard Class,YS-21880,Yana Sorensen,Corporate,United States,Newark,Delaware,19711,East,OFF-ST-10002615,Office Supplies,Storage,"Dual Level, Single-Width Filing Carts",465.18,3,0.0,120.9468,-317
5212,CA-2015-130876,2015-12-05,2015-05-16,Second Class,AZ-10750,Annie Zypern,Consumer,United States,New York City,New York,10024,East,OFF-ST-10004258,Office Supplies,Storage,Portable Personal File Box,36.63,3,0.0,9.8901,-203
5219,CA-2017-167080,2017-10-06,2017-06-14,Standard Class,LC-16930,Linda Cazamias,Corporate,United States,New York City,New York,10011,East,OFF-AR-10001868,Office Supplies,Art,Prang Dustless Chalk Sticks,8.4,5,0.0,4.2,-114
5225,US-2017-109582,2017-12-09,2017-09-17,Second Class,JM-15865,John Murray,Consumer,United States,Los Angeles,California,90036,West,OFF-PA-10004071,Office Supplies,Paper,"Eaton Premium Continuous-Feed Paper, 25% Cotton, Letter Size, White, 1000 Shts/Box",166.44,3,0.0,79.8912,-83
5229,US-2014-147648,2014-11-26,2014-01-12,Standard Class,LS-16975,Lindsay Shagiari,Home Office,United States,San Francisco,California,94109,West,OFF-PA-10001033,Office Supplies,Paper,Xerox 1893,81.98,2,0.0,40.1702,-318
5240,CA-2016-116561,2016-11-09,2016-09-17,Standard Class,EB-14110,Eugene Barchas,Consumer,United States,San Jose,California,95123,West,OFF-ST-10004186,Office Supplies,Storage,"Stur-D-Stor Shelving, Vertical 5-Shelf: 72""H x 36""W x 18 1/2""D",332.94,3,0.0,6.6588,-53
5241,CA-2016-116561,2016-11-09,2016-09-17,Standard Class,EB-14110,Eugene Barchas,Consumer,United States,San Jose,California,95123,West,OFF-BI-10001658,Office Supplies,Binders,GBC Standard Therm-A-Bind Covers,39.872,2,0.2,12.9584,-53
5253,CA-2015-132318,2015-10-30,2015-02-11,First Class,TT-21220,Thomas Thornton,Consumer,United States,Virginia Beach,Virginia,23464,South,OFF-AP-10000026,Office Supplies,Appliances,Tripp Lite Isotel 6 Outlet Surge Protector with Fax/Modem Protection,182.91,3,0.0,53.0439,-261
5266,CA-2017-147452,2017-09-30,2017-03-10,First Class,CS-11845,Cari Sayre,Corporate,United States,Seattle,Washington,98103,West,OFF-PA-10001838,Office Supplies,Paper,"Adams Telephone Message Book W/Dividers/Space For Phone Numbers, 5 1/4""X8 1/2"", 300/Messages",11.76,2,0.0,5.7624,-204
5267,CA-2017-147452,2017-09-30,2017-03-10,First Class,CS-11845,Cari Sayre,Corporate,United States,Seattle,Washington,98103,West,OFF-PA-10004039,Office Supplies,Paper,Xerox 1882,167.94,3,0.0,82.2906,-204
5268,CA-2017-147452,2017-09-30,2017-03-10,First Class,CS-11845,Cari Sayre,Corporate,United States,Seattle,Washington,98103,West,OFF-AP-10001626,Office Supplies,Appliances,"Commercial WindTunnel Clean Air Upright Vacuum, Replacement Belts, Filtration Bags",3.89,1,0.0,1.0114,-204
5301,CA-2016-113831,2016-05-30,2016-03-06,Standard Class,AH-10690,Anna Häberlin,Corporate,United States,Springfield,Virginia,22153,South,FUR-TA-10002645,Furniture,Tables,Hon Rectangular Conference Tables,2275.5,10,0.0,386.835,-85
5302,CA-2016-113831,2016-05-30,2016-03-06,Standard Class,AH-10690,Anna Häberlin,Corporate,United States,Springfield,Virginia,22153,South,TEC-AC-10003033,Technology,Accessories,Plantronics CS510 - Over-the-Head monaural Wireless Headset System,1979.7,6,0.0,653.301,-85
5303,CA-2016-113831,2016-05-30,2016-03-06,Standard Class,AH-10690,Anna Häberlin,Corporate,United States,Springfield,Virginia,22153,South,OFF-LA-10001297,Office Supplies,Labels,Avery 473,62.1,6,0.0,29.808,-85
5334,CA-2014-103331,2014-08-26,2014-01-09,Standard Class,KB-16315,Karl Braun,Consumer,United States,Newark,Delaware,19711,East,FUR-FU-10001731,Furniture,Furnishings,Acrylic Self-Standing Desk Frames,10.68,4,0.0,4.0584,-229
5335,CA-2014-103331,2014-08-26,2014-01-09,Standard Class,KB-16315,Karl Braun,Consumer,United States,Newark,Delaware,19711,East,OFF-PA-10002160,Office Supplies,Paper,Xerox 1978,17.34,3,0.0,8.4966,-229
5336,CA-2014-103331,2014-08-26,2014-01-09,Standard Class,KB-16315,Karl Braun,Consumer,United States,Newark,Delaware,19711,East,OFF-PA-10002659,Office Supplies,Paper,Avoid Verbal Orders Carbonless Minifold Book,3.38,1,0.0,1.5548,-229
5345,CA-2015-112053,2015-11-10,2015-10-13,Second Class,SH-20395,Shahid Hopkins,Consumer,United States,Rochester,New York,14609,East,TEC-AC-10002550,Technology,Accessories,"Memorex 25GB 6X Branded Blu-Ray Recordable Disc, 30/Pack",31.95,1,0.0,2.2365,-28
5357,CA-2016-138037,2016-09-29,2016-03-10,Standard Class,AR-10540,Andy Reiter,Consumer,United States,San Francisco,California,94109,West,OFF-BI-10002982,Office Supplies,Binders,Avery Self-Adhesive Photo Pockets for Polaroid Photos,27.24,5,0.2,9.534,-203
5367,CA-2017-158071,2017-10-06,2017-06-15,Standard Class,BD-11320,Bill Donatelli,Consumer,United States,Seattle,Washington,98103,West,TEC-PH-10002923,Technology,Phones,"Logitech B530 USB Headset - headset - Full size, Binaural",88.776,3,0.2,7.7679,-113
5368,CA-2017-158071,2017-10-06,2017-06-15,Standard Class,BD-11320,Bill Donatelli,Consumer,United States,Seattle,Washington,98103,West,OFF-LA-10004689,Office Supplies,Labels,Avery 512,11.56,4,0.0,5.4332,-113
5369,CA-2017-158071,2017-10-06,2017-06-15,Standard Class,BD-11320,Bill Donatelli,Consumer,United States,Seattle,Washington,98103,West,OFF-ST-10001228,Office Supplies,Storage,Personal File Boxes with Fold-Down Carry Handle,15.58,1,0.0,3.895,-113
5370,CA-2017-147403,2017-10-09,2017-09-13,First Class,KH-16630,Ken Heidel,Corporate,United States,Akron,Ohio,44312,East,OFF-PA-10003302,Office Supplies,Paper,Xerox 1906,85.056,3,0.2,28.7064,-26
5385,CA-2017-161410,2017-06-26,2017-03-07,Standard Class,CC-12220,Chris Cortes,Consumer,United States,Philadelphia,Pennsylvania,19143,East,TEC-PH-10001760,Technology,Phones,Bose SoundLink Bluetooth Speaker,358.2,3,0.4,41.79,-111
5386,CA-2017-161410,2017-06-26,2017-03-07,Standard Class,CC-12220,Chris Cortes,Consumer,United States,Philadelphia,Pennsylvania,19143,East,TEC-PH-10000673,Technology,Phones,Plantronics Voyager Pro HD - Bluetooth Headset,545.916,14,0.4,72.7888,-111
5387,CA-2017-152786,2017-12-03,2017-03-17,Standard Class,GA-14725,Guy Armstrong,Consumer,United States,Rogers,Arkansas,72756,South,OFF-BI-10000829,Office Supplies,Binders,Avery Non-Stick Binders,40.41,9,0.0,18.5886,-261
5399,CA-2016-163202,2016-09-27,2016-02-10,Standard Class,BM-11650,Brian Moss,Corporate,United States,Lancaster,Ohio,43130,East,OFF-BI-10002764,Office Supplies,Binders,Recycled Pressboard Report Cover with Reinforced Top Hinge,2.907,3,0.7,-2.0349,-230
5400,CA-2016-117681,2016-09-04,2016-04-14,Standard Class,HF-14995,Herbert Flentye,Consumer,United States,Los Angeles,California,90004,West,FUR-BO-10001798,Furniture,Bookcases,Bush Somerset Collection Bookcase,556.665,5,0.15,6.549,-143
5414,CA-2016-153157,2016-11-09,2016-09-14,First Class,TB-21625,Trudy Brown,Consumer,United States,Wichita,Kansas,67212,Central,TEC-PH-10003171,Technology,Phones,Plantronics Encore H101 Dual Earpieces Headset,224.75,5,0.0,62.93,-56
5421,US-2016-151827,2016-03-31,2016-02-04,Second Class,CS-11950,Carlos Soltero,Consumer,United States,Philadelphia,Pennsylvania,19134,East,TEC-PH-10002789,Technology,Phones,LG Exalt,280.782,3,0.4,-60.8361,-56
5422,US-2016-151827,2016-03-31,2016-02-04,Second Class,CS-11950,Carlos Soltero,Consumer,United States,Philadelphia,Pennsylvania,19134,East,TEC-AC-10003289,Technology,Accessories,Anker Ultra-Slim Mini Bluetooth 3.0 Wireless Keyboard,31.984,2,0.2,1.1994,-56
5449,US-2014-119081,2014-12-09,2014-09-19,Standard Class,TA-21385,Tom Ashbrook,Home Office,United States,Olathe,Kansas,66062,Central,OFF-SU-10000157,Office Supplies,Supplies,Compact Automatic Electric Letter Opener,357.93,3,0.0,7.1586,-81
5450,US-2014-119081,2014-12-09,2014-09-19,Standard Class,TA-21385,Tom Ashbrook,Home Office,United States,Olathe,Kansas,66062,Central,TEC-AC-10001542,Technology,Accessories,SanDisk Cruzer 16 GB USB Flash Drive,57.4,5,0.0,10.906,-81
5451,US-2014-119081,2014-12-09,2014-09-19,Standard Class,TA-21385,Tom Ashbrook,Home Office,United States,Olathe,Kansas,66062,Central,OFF-BI-10004519,Office Supplies,Binders,GBC DocuBind P100 Manual Binding Machine,331.96,2,0.0,149.382,-81
5452,US-2014-119081,2014-12-09,2014-09-19,Standard Class,TA-21385,Tom Ashbrook,Home Office,United States,Olathe,Kansas,66062,Central,FUR-FU-10003464,Furniture,Furnishings,"Seth Thomas 8 1/2"" Cubicle Clock",40.56,2,0.0,12.9792,-81
5455,CA-2017-160962,2017-04-28,2017-02-05,Standard Class,MC-17605,Matt Connell,Corporate,United States,Philadelphia,Pennsylvania,19143,East,OFF-ST-10001325,Office Supplies,Storage,Sterilite Officeware Hinged File Box,8.384,1,0.2,0.7336,-82
5456,CA-2017-160962,2017-04-28,2017-02-05,Standard Class,MC-17605,Matt Connell,Corporate,United States,Philadelphia,Pennsylvania,19143,East,OFF-AR-10003056,Office Supplies,Art,Newell 341,6.848,2,0.2,0.7704,-82
5462,CA-2017-101574,2017-09-28,2017-04-10,Standard Class,BD-11725,Bruce Degenhardt,Consumer,United States,Los Angeles,California,90032,West,FUR-FU-10001706,Furniture,Furnishings,Longer-Life Soft White Bulbs,9.24,3,0.0,4.4352,-171
5468,CA-2016-122448,2016-09-06,2016-06-14,Standard Class,DB-13210,Dean Braden,Consumer,United States,San Francisco,California,94109,West,FUR-CH-10002774,Furniture,Chairs,"Global Deluxe Stacking Chair, Gray",122.352,3,0.2,13.7646,-84
5471,CA-2016-158547,2016-05-30,2016-04-06,Standard Class,JM-16195,Justin MacKendrick,Consumer,United States,Hamilton,Ohio,45011,East,OFF-AP-10003842,Office Supplies,Appliances,Euro-Pro Shark Turbo Vacuum,123.92,5,0.2,9.294,-54
5497,CA-2017-117821,2017-12-06,2017-06-16,Standard Class,HG-15025,Hunter Glantz,Consumer,United States,Marion,Ohio,43302,East,TEC-AC-10004469,Technology,Accessories,Microsoft Sculpt Comfort Mouse,63.92,2,0.2,19.176,-173
5508,CA-2016-150000,2016-08-04,2016-04-14,Standard Class,PG-18820,Patrick Gardner,Consumer,United States,Smyrna,Georgia,30080,South,OFF-EN-10002973,Office Supplies,Envelopes,Ampad #10 Peel & Seel Holiday Envelopes,17.92,4,0.0,8.6016,-112
5512,US-2014-137680,2014-02-24,2014-02-03,Standard Class,JH-15430,Jennifer Halladay,Consumer,United States,Medford,Oregon,97504,West,OFF-PA-10000174,Office Supplies,Paper,"Message Book, Wirebound, Four 5 1/2"" X 4"" Forms/Pg., 200 Dupl. Sets/Book",32.896,4,0.2,11.1024,-21
5513,US-2014-137680,2014-02-24,2014-02-03,Standard Class,JH-15430,Jennifer Halladay,Consumer,United States,Medford,Oregon,97504,West,OFF-PA-10000069,Office Supplies,Paper,"TOPS 4 x 6 Fluorescent Color Memo Sheets, 500 Sheets per Pack",22.776,3,0.2,7.6869,-21
5514,CA-2015-103177,2015-05-30,2015-01-06,First Class,EN-13780,Edward Nazzal,Consumer,United States,New York City,New York,10009,East,TEC-PH-10001795,Technology,Phones,RCA H5401RE1 DECT 6.0 4-Line Cordless Handset With Caller ID/Call Waiting,239.97,3,0.0,2.3997,-144
5515,CA-2015-103177,2015-05-30,2015-01-06,First Class,EN-13780,Edward Nazzal,Consumer,United States,New York City,New York,10009,East,OFF-AP-10004540,Office Supplies,Appliances,"Eureka The Boss Lite 10-Amp Upright Vacuum, Blue",160.32,2,0.0,44.8896,-144
5516,CA-2015-103177,2015-05-30,2015-01-06,First Class,EN-13780,Edward Nazzal,Consumer,United States,New York City,New York,10009,East,TEC-PH-10001527,Technology,Phones,Plantronics MX500i Earset,128.85,3,0.0,3.8655,-144
5549,CA-2014-159800,2014-11-28,2014-01-12,First Class,SG-20470,Sheri Gordon,Consumer,United States,San Francisco,California,94109,West,OFF-AP-10004859,Office Supplies,Appliances,Acco 6 Outlet Guardian Premium Surge Suppressor,43.68,3,0.0,11.7936,-320
5550,CA-2014-159800,2014-11-28,2014-01-12,First Class,SG-20470,Sheri Gordon,Consumer,United States,San Francisco,California,94109,West,TEC-AC-10003447,Technology,Accessories,Micropad Numeric Keypads,139.93,7,0.0,34.9825,-320
5551,US-2014-159618,2014-12-11,2014-11-16,Standard Class,DB-12970,Darren Budd,Corporate,United States,Houston,Texas,77036,Central,OFF-AR-10003183,Office Supplies,Art,Avery Fluorescent Highlighter Four-Color Set,2.672,1,0.2,0.334,-25
5552,US-2014-159618,2014-12-11,2014-11-16,Standard Class,DB-12970,Darren Budd,Corporate,United States,Houston,Texas,77036,Central,OFF-SU-10000432,Office Supplies,Supplies,Acco Side-Punched Conventional Columnar Pads,16.656,6,0.2,-3.123,-25
5553,US-2014-159618,2014-12-11,2014-11-16,Standard Class,DB-12970,Darren Budd,Corporate,United States,Houston,Texas,77036,Central,TEC-AC-10003832,Technology,Accessories,Imation 16GB Mini TravelDrive USB 2.0 Flash Drive,79.512,3,0.2,20.8719,-25
5554,US-2014-159618,2014-12-11,2014-11-16,Standard Class,DB-12970,Darren Budd,Corporate,United States,Houston,Texas,77036,Central,OFF-PA-10004100,Office Supplies,Paper,Xerox 216,36.288,7,0.2,12.7008,-25
5555,US-2014-159618,2014-12-11,2014-11-16,Standard Class,DB-12970,Darren Budd,Corporate,United States,Houston,Texas,77036,Central,FUR-BO-10004467,Furniture,Bookcases,Bestar Classic Bookcase,67.9932,1,0.32,-12.9987,-25
5562,CA-2017-133263,2017-03-31,2017-02-04,Second Class,JE-15610,Jim Epp,Corporate,United States,Atlanta,Georgia,30318,South,OFF-BI-10001153,Office Supplies,Binders,Ibico Recycled Grain-Textured Covers,34.54,1,0.0,17.27,-55
5563,CA-2017-133263,2017-03-31,2017-02-04,Second Class,JE-15610,Jim Epp,Corporate,United States,Atlanta,Georgia,30318,South,TEC-CO-10001449,Technology,Copiers,Hewlett Packard LaserJet 3310 Copier,2999.95,5,0.0,1439.976,-55
5564,CA-2017-133263,2017-03-31,2017-02-04,Second Class,JE-15610,Jim Epp,Corporate,United States,Atlanta,Georgia,30318,South,OFF-BI-10000474,Office Supplies,Binders,Avery Recycled Flexi-View Covers for Binding Systems,64.12,4,0.0,30.7776,-55
5583,CA-2016-161158,2016-09-05,2016-05-13,Standard Class,PS-18970,Paul Stevenson,Home Office,United States,New York City,New York,10024,East,OFF-AR-10000462,Office Supplies,Art,Sanford Pocket Accent Highlighters,8.0,5,0.0,3.44,-115
5585,CA-2017-105333,2017-11-30,2017-04-12,Standard Class,VP-21730,Victor Preis,Home Office,United States,New York City,New York,10011,East,OFF-ST-10002182,Office Supplies,Storage,"Iris 3-Drawer Stacking Bin, Black",83.56,4,0.0,1.6712,-232
5586,CA-2017-105333,2017-11-30,2017-04-12,Standard Class,VP-21730,Victor Preis,Home Office,United States,New York City,New York,10011,East,TEC-PH-10001468,Technology,Phones,Panasonic Business Telephones KX-T7736,546.06,3,0.0,163.818,-232
5587,CA-2017-105333,2017-11-30,2017-04-12,Standard Class,VP-21730,Victor Preis,Home Office,United States,New York City,New York,10011,East,OFF-ST-10001809,Office Supplies,Storage,Fellowes Officeware Wire Shelving,269.49,3,0.0,5.3898,-232
5610,CA-2017-117198,2017-08-31,2017-05-09,Standard Class,BG-11035,Barry Gonzalez,Consumer,United States,Monroe,Louisiana,71203,South,TEC-AC-10003033,Technology,Accessories,Plantronics CS510 - Over-the-Head monaural Wireless Headset System,659.9,2,0.0,217.767,-114
5618,CA-2017-125745,2017-06-30,2017-04-07,Standard Class,DV-13045,Darrin Van Huff,Corporate,United States,Memphis,Tennessee,38109,South,FUR-FU-10001591,Furniture,Furnishings,Advantus Panel Wall Certificate Holder - 8.5x11,19.52,2,0.2,5.368,-84
5626,CA-2014-126683,2014-09-29,2014-01-10,Second Class,PP-18955,Paul Prost,Home Office,United States,Seattle,Washington,98115,West,FUR-FU-10001706,Furniture,Furnishings,Longer-Life Soft White Bulbs,6.16,2,0.0,2.9568,-262
5627,CA-2014-126683,2014-09-29,2014-01-10,Second Class,PP-18955,Paul Prost,Home Office,United States,Seattle,Washington,98115,West,FUR-TA-10002958,Furniture,Tables,"Bevis Oval Conference Table, Walnut",2348.82,9,0.0,399.2994,-262
5628,CA-2017-148810,2017-06-26,2017-01-07,Standard Class,DR-12880,Dan Reichenbach,Corporate,United States,Miami,Florida,33180,South,OFF-LA-10004689,Office Supplies,Labels,Avery 512,13.872,6,0.2,4.6818,-170
5629,CA-2017-148810,2017-06-26,2017-01-07,Standard Class,DR-12880,Dan Reichenbach,Corporate,United States,Miami,Florida,33180,South,FUR-CH-10001545,Furniture,Chairs,Hon Comfortask Task/Swivel Chairs,273.552,3,0.2,-13.6776,-170
5631,CA-2014-127614,2014-11-02,2014-02-15,Standard Class,NF-18385,Natalie Fritzler,Consumer,United States,Chesapeake,Virginia,23320,South,TEC-AC-10001432,Technology,Accessories,Enermax Aurora Lite Keyboard,234.45,3,0.0,103.158,-260
5632,CA-2014-127614,2014-11-02,2014-02-15,Standard Class,NF-18385,Natalie Fritzler,Consumer,United States,Chesapeake,Virginia,23320,South,FUR-TA-10003715,Furniture,Tables,Hon 2111 Invitation Series Corner Table,1256.22,6,0.0,75.3732,-260
5633,CA-2014-127614,2014-11-02,2014-02-15,Standard Class,NF-18385,Natalie Fritzler,Consumer,United States,Chesapeake,Virginia,23320,South,OFF-BI-10003291,Office Supplies,Binders,Wilson Jones Leather-Like Binders with DublLock Round Rings,17.46,2,0.0,8.2062,-260
5638,CA-2017-113208,2017-03-26,2017-02-04,Standard Class,ML-18040,Michelle Lonsdale,Corporate,United States,Dearborn,Michigan,48126,Central,FUR-FU-10004245,Furniture,Furnishings,"Career Cubicle Clock, 8 1/4"", Black",60.84,3,0.0,23.1192,-50
5662,CA-2016-108875,2016-09-24,2016-01-10,Standard Class,CL-12700,Craig Leslie,Home Office,United States,Aurora,Colorado,80013,West,FUR-FU-10002671,Furniture,Furnishings,Electrix 20W Halogen Replacement Bulb for Zoom-In Desk Lamp,21.44,2,0.2,7.504,-258
5663,CA-2016-108875,2016-09-24,2016-01-10,Standard Class,CL-12700,Craig Leslie,Home Office,United States,Aurora,Colorado,80013,West,OFF-ST-10001370,Office Supplies,Storage,Sensible Storage WireTech Storage Systems,511.056,9,0.2,-95.823,-258
5668,CA-2016-142405,2016-11-06,2016-06-15,Standard Class,SE-20110,Sanjit Engle,Consumer,United States,Seattle,Washington,98103,West,OFF-LA-10004093,Office Supplies,Labels,Avery 486,14.62,2,0.0,6.8714,-144
5669,CA-2016-142405,2016-11-06,2016-06-15,Standard Class,SE-20110,Sanjit Engle,Consumer,United States,Seattle,Washington,98103,West,OFF-BI-10004728,Office Supplies,Binders,Wilson Jones Turn Tabs Binder Tool for Ring Binders,53.984,14,0.2,17.5448,-144
5670,CA-2016-142405,2016-11-06,2016-06-15,Standard Class,SE-20110,Sanjit Engle,Consumer,United States,Seattle,Washington,98103,West,TEC-AC-10003095,Technology,Accessories,Logitech G35 7.1-Channel Surround Sound Headset,389.97,3,0.0,132.5898,-144
5673,CA-2017-127922,2017-10-27,2017-03-11,Standard Class,SH-19975,Sally Hughsby,Corporate,United States,Dallas,Texas,75081,Central,OFF-EN-10003068,Office Supplies,Envelopes,#6 3/4 Gummed Flap White Envelopes,15.84,2,0.2,5.544,-230
5674,CA-2017-127922,2017-10-27,2017-03-11,Standard Class,SH-19975,Sally Hughsby,Corporate,United States,Dallas,Texas,75081,Central,OFF-PA-10001204,Office Supplies,Paper,Xerox 1972,8.448,2,0.2,2.64,-230
5676,CA-2014-135993,2014-05-28,2014-02-06,Standard Class,PJ-18835,Patrick Jones,Corporate,United States,Seattle,Washington,98115,West,TEC-PH-10001552,Technology,Phones,I Need's 3d Hello Kitty Hybrid Silicone Case Cover for HTC One X 4g with 3d Hello Kitty Stylus Pen Green/pink,57.408,6,0.2,5.7408,-111
5677,CA-2014-135993,2014-05-28,2014-02-06,Standard Class,PJ-18835,Patrick Jones,Corporate,United States,Seattle,Washington,98115,West,TEC-AC-10004877,Technology,Accessories,Imation 30456 USB Flash Drive 8GB,27.6,4,0.0,2.208,-111
5679,CA-2016-143924,2016-07-28,2016-03-08,Standard Class,SC-20680,Steve Carroll,Home Office,United States,Holland,Michigan,49423,Central,OFF-FA-10000735,Office Supplies,Fasteners,Staples,20.44,7,0.0,9.198,-142
5680,CA-2016-143924,2016-07-28,2016-03-08,Standard Class,SC-20680,Steve Carroll,Home Office,United States,Holland,Michigan,49423,Central,OFF-PA-10002120,Office Supplies,Paper,Xerox 1889,109.92,2,0.0,53.8608,-142
5708,US-2015-160857,2015-08-05,2015-05-15,Standard Class,NW-18400,Natalie Webber,Consumer,United States,New York City,New York,10024,East,FUR-FU-10001095,Furniture,Furnishings,DAX Black Cherry Wood-Tone Poster Frame,79.44,3,0.0,30.1872,-82
5709,US-2015-160857,2015-08-05,2015-05-15,Standard Class,NW-18400,Natalie Webber,Consumer,United States,New York City,New York,10024,East,OFF-SU-10000157,Office Supplies,Supplies,Compact Automatic Electric Letter Opener,357.93,3,0.0,7.1586,-82
5710,US-2015-160857,2015-08-05,2015-05-15,Standard Class,NW-18400,Natalie Webber,Consumer,United States,New York City,New York,10024,East,FUR-CH-10002647,Furniture,Chairs,"Situations Contoured Folding Chairs, 4/Set",127.764,2,0.1,21.294,-82
5711,US-2015-160857,2015-08-05,2015-05-15,Standard Class,NW-18400,Natalie Webber,Consumer,United States,New York City,New York,10024,East,TEC-CO-10004115,Technology,Copiers,Sharp AL-1530CS Digital Copier,2799.944,7,0.2,1014.9797,-82
5712,US-2015-160857,2015-08-05,2015-05-15,Standard Class,NW-18400,Natalie Webber,Consumer,United States,New York City,New York,10024,East,OFF-PA-10003363,Office Supplies,Paper,Xerox 204,19.44,3,0.0,9.3312,-82
5720,CA-2017-126550,2017-03-29,2017-02-04,Second Class,RD-19720,Roger Demir,Consumer,United States,Lafayette,Indiana,47905,Central,OFF-ST-10001031,Office Supplies,Storage,Adjustable Personal File Tote,81.4,5,0.0,21.164,-53
5733,CA-2017-143574,2017-06-29,2017-02-07,First Class,DR-12880,Dan Reichenbach,Corporate,United States,Milford,Connecticut,6460,East,FUR-BO-10002598,Furniture,Bookcases,"Hon Metal Bookcases, Putty",638.82,9,0.0,185.2578,-142
5734,CA-2017-143574,2017-06-29,2017-02-07,First Class,DR-12880,Dan Reichenbach,Corporate,United States,Milford,Connecticut,6460,East,OFF-SU-10002537,Office Supplies,Supplies,Acme Box Cutter Scissors,30.69,3,0.0,7.9794,-142
5735,CA-2017-143574,2017-06-29,2017-02-07,First Class,DR-12880,Dan Reichenbach,Corporate,United States,Milford,Connecticut,6460,East,FUR-FU-10003976,Furniture,Furnishings,"DAX Executive Solid Wood Document Frame, Desktop or Hang, Mahogany, 5 x 7",25.16,2,0.0,8.5544,-142
5736,CA-2014-111773,2014-06-29,2014-03-07,Standard Class,JK-15625,Jim Karlsson,Consumer,United States,New York City,New York,10024,East,OFF-BI-10000174,Office Supplies,Binders,"Wilson Jones Clip & Carry Folder Binder Tool for Ring Binders, Clear",13.92,3,0.2,4.872,-114
5751,CA-2014-145800,2014-05-30,2014-05-06,Standard Class,SS-20410,Shahid Shariari,Consumer,United States,Buffalo Grove,Illinois,60089,Central,FUR-TA-10001539,Furniture,Tables,Chromcraft Rectangular Conference Tables,355.455,3,0.5,-184.8366,-24
5755,CA-2015-150749,2015-03-29,2015-03-04,Second Class,AS-10240,Alan Shonely,Consumer,United States,Springfield,Virginia,22153,South,OFF-AR-10003732,Office Supplies,Art,Newell 333,5.56,2,0.0,1.4456,-25
5758,CA-2015-119634,2015-11-08,2015-08-16,Standard Class,BW-11065,Barry Weirich,Consumer,United States,Raleigh,North Carolina,27604,South,FUR-FU-10004270,Furniture,Furnishings,"Executive Impressions 13"" Clairmont Wall Clock",46.152,3,0.2,12.1149,-84
5762,CA-2017-158169,2017-12-08,2017-08-15,First Class,JM-16195,Justin MacKendrick,Consumer,United States,Lake Forest,California,92630,West,OFF-AP-10000828,Office Supplies,Appliances,Avanti 4.4 Cu. Ft. Refrigerator,542.94,3,0.0,152.0232,-115
5763,CA-2017-158169,2017-12-08,2017-08-15,First Class,JM-16195,Justin MacKendrick,Consumer,United States,Lake Forest,California,92630,West,FUR-FU-10001473,Furniture,Furnishings,DAX Wood Document Frame,54.92,4,0.0,19.7712,-115
5769,CA-2015-154900,2015-02-25,2015-01-03,Standard Class,SS-20875,Sung Shariari,Consumer,United States,Leominster,Massachusetts,1453,East,OFF-LA-10001641,Office Supplies,Labels,Avery 518,3.15,1,0.0,1.512,-53
5770,CA-2015-154900,2015-02-25,2015-01-03,Standard Class,SS-20875,Sung Shariari,Consumer,United States,Leominster,Massachusetts,1453,East,OFF-PA-10002377,Office Supplies,Paper,"Adams Telephone Message Book W/Dividers/Space For Phone Numbers, 5 1/4""X8 1/2"", 200/Messages",22.72,4,0.0,10.224,-53
5773,CA-2015-158939,2015-11-26,2015-01-12,Standard Class,EA-14035,Erin Ashbrook,Corporate,United States,Springfield,Missouri,65807,Central,TEC-CO-10002313,Technology,Copiers,Canon PC1080F Personal Copier,599.99,1,0.0,233.9961,-318
5774,CA-2016-117408,2016-08-31,2016-06-09,Standard Class,TP-21130,Theone Pippenger,Consumer,United States,Waco,Texas,76706,Central,OFF-ST-10001580,Office Supplies,Storage,Super Decoflex Portable Personal File,23.968,2,0.2,2.3968,-83
5775,CA-2016-142398,2016-12-04,2016-04-16,Standard Class,BP-11290,Beth Paige,Consumer,United States,Los Angeles,California,90036,West,FUR-CH-10001545,Furniture,Chairs,Hon Comfortask Task/Swivel Chairs,638.288,7,0.2,-31.9144,-232
5776,CA-2016-142398,2016-12-04,2016-04-16,Standard Class,BP-11290,Beth Paige,Consumer,United States,Los Angeles,California,90036,West,OFF-BI-10004826,Office Supplies,Binders,JM Magazine Binder,13.208,1,0.2,4.6228,-232
5789,CA-2017-115070,2017-10-04,2017-04-14,Second Class,MG-18205,Mitch Gastineau,Corporate,United States,Jacksonville,Florida,32216,South,FUR-FU-10003829,Furniture,Furnishings,Stackable Trays,12.32,5,0.2,1.848,-173
5790,CA-2017-115070,2017-10-04,2017-04-14,Second Class,MG-18205,Mitch Gastineau,Corporate,United States,Jacksonville,Florida,32216,South,OFF-BI-10003712,Office Supplies,Binders,"Acco Pressboard Covers with Storage Hooks, 14 7/8"" x 11"", Light Blue",4.419,3,0.7,-3.0933,-173
5791,CA-2017-140186,2017-09-29,2017-02-10,First Class,PG-18820,Patrick Gardner,Consumer,United States,Bakersfield,California,93309,West,OFF-FA-10002280,Office Supplies,Fasteners,Advantus Plastic Paper Clips,35.0,7,0.0,16.8,-231
5792,CA-2017-140186,2017-09-29,2017-02-10,First Class,PG-18820,Patrick Gardner,Consumer,United States,Bakersfield,California,93309,West,FUR-CH-10002961,Furniture,Chairs,"Leather Task Chair, Black",72.784,1,0.2,0.0,-231
5793,CA-2017-140186,2017-09-29,2017-02-10,First Class,PG-18820,Patrick Gardner,Consumer,United States,Bakersfield,California,93309,West,OFF-AP-10002578,Office Supplies,Appliances,"Fellowes Premier Superior Surge Suppressor, 10-Outlet, With Phone and Remote",97.84,2,0.0,25.4384,-231
5794,CA-2017-140186,2017-09-29,2017-02-10,First Class,PG-18820,Patrick Gardner,Consumer,United States,Bakersfield,California,93309,West,FUR-FU-10004848,Furniture,Furnishings,"Howard Miller 13-3/4"" Diameter Brushed Chrome Round Wall Clock",51.75,1,0.0,15.525,-231
5795,CA-2017-140186,2017-09-29,2017-02-10,First Class,PG-18820,Patrick Gardner,Consumer,United States,Bakersfield,California,93309,West,OFF-BI-10003364,Office Supplies,Binders,Binding Machine Supplies,46.672,2,0.2,16.3352,-231
5796,CA-2014-124856,2014-09-29,2014-03-10,Second Class,LD-17005,Lisa DeCherney,Consumer,United States,New York City,New York,10011,East,OFF-ST-10002615,Office Supplies,Storage,"Dual Level, Single-Width Filing Carts",1395.54,9,0.0,362.8404,-203
5797,CA-2014-124856,2014-09-29,2014-03-10,Second Class,LD-17005,Lisa DeCherney,Consumer,United States,New York City,New York,10011,East,FUR-FU-10000521,Furniture,Furnishings,"Seth Thomas 14"" Putty-Colored Wall Clock",117.36,4,0.0,36.3816,-203
5798,CA-2014-124856,2014-09-29,2014-03-10,Second Class,LD-17005,Lisa DeCherney,Consumer,United States,New York City,New York,10011,East,OFF-LA-10000121,Office Supplies,Labels,Avery 48,18.9,3,0.0,8.694,-203
5799,CA-2014-124856,2014-09-29,2014-03-10,Second Class,LD-17005,Lisa DeCherney,Consumer,United States,New York City,New York,10011,East,OFF-PA-10001289,Office Supplies,Paper,White Computer Printout Paper by Universal,77.52,2,0.0,37.9848,-203
5801,CA-2014-123225,2014-11-07,2014-07-14,First Class,MN-17935,Michael Nguyen,Consumer,United States,El Paso,Texas,79907,Central,TEC-PH-10000895,Technology,Phones,Polycom VVX 310 VoIP phone,575.968,4,0.2,43.1976,-116
5802,CA-2014-123225,2014-11-07,2014-07-14,First Class,MN-17935,Michael Nguyen,Consumer,United States,El Paso,Texas,79907,Central,OFF-PA-10000552,Office Supplies,Paper,Xerox 200,10.368,2,0.2,3.6288,-116
5804,US-2017-106796,2017-12-05,2017-05-19,Standard Class,JP-16135,Julie Prescott,Home Office,United States,Springfield,Ohio,45503,East,OFF-AR-10003504,Office Supplies,Art,Newell 347,10.272,3,0.2,1.1556,-200
5821,CA-2017-117632,2017-12-05,2017-05-18,Standard Class,CS-12175,Charles Sheldon,Corporate,United States,San Francisco,California,94122,West,OFF-SU-10000157,Office Supplies,Supplies,Compact Automatic Electric Letter Opener,238.62,2,0.0,4.7724,-201
5822,CA-2017-117632,2017-12-05,2017-05-18,Standard Class,CS-12175,Charles Sheldon,Corporate,United States,San Francisco,California,94122,West,OFF-AP-10004868,Office Supplies,Appliances,Hoover Commercial Soft Guard Upright Vacuum And Disposable Filtration Bags,7.77,1,0.0,2.0979,-201
5823,CA-2017-117632,2017-12-05,2017-05-18,Standard Class,CS-12175,Charles Sheldon,Corporate,United States,San Francisco,California,94122,West,FUR-TA-10001520,Furniture,Tables,"Lesro Sheffield Collection Coffee Table, End Table, Center Table, Corner Table",285.48,5,0.2,-10.7055,-201
5824,CA-2017-117632,2017-12-05,2017-05-18,Standard Class,CS-12175,Charles Sheldon,Corporate,United States,San Francisco,California,94122,West,OFF-BI-10001900,Office Supplies,Binders,"DXL Angle-View Binders with Locking Rings, Black",19.168,4,0.2,6.4692,-201
5835,CA-2015-101868,2015-09-06,2015-06-16,Standard Class,MJ-17740,Max Jones,Consumer,United States,Miami,Florida,33178,South,OFF-BI-10003876,Office Supplies,Binders,"Green Canvas Binder for 8-1/2"" x 14"" Sheets",64.2,5,0.7,-42.8,-82
5836,CA-2015-101868,2015-09-06,2015-06-16,Standard Class,MJ-17740,Max Jones,Consumer,United States,Miami,Florida,33178,South,OFF-BI-10002133,Office Supplies,Binders,"Wilson Jones Elliptical Ring 3 1/2"" Capacity Binders, 800 sheets",38.52,3,0.7,-26.964,-82
5837,CA-2015-101868,2015-09-06,2015-06-16,Standard Class,MJ-17740,Max Jones,Consumer,United States,Miami,Florida,33178,South,TEC-AC-10004396,Technology,Accessories,Logitech Keyboard K120,72.6,5,0.2,-8.1675,-82
5838,CA-2017-133207,2017-11-27,2017-03-12,Standard Class,DO-13645,Doug O'Connell,Consumer,United States,Los Angeles,California,90036,West,TEC-PH-10004100,Technology,Phones,Griffin GC17055 Auxiliary Audio Cable,57.568,4,0.2,5.7568,-260
5839,CA-2015-132948,2015-03-27,2015-03-04,Standard Class,MV-17485,Mark Van Huff,Consumer,United States,Seattle,Washington,98115,West,OFF-ST-10000636,Office Supplies,Storage,Rogers Profile Extra Capacity Storage Tub,83.7,5,0.0,3.348,-23
5854,US-2014-138835,2014-10-09,2014-09-14,Standard Class,DA-13450,Dianna Arnett,Home Office,United States,Virginia Beach,Virginia,23464,South,OFF-BI-10003314,Office Supplies,Binders,Tuff Stuff Recycled Round Ring Binders,9.64,2,0.0,4.7236,-25
5861,CA-2015-157434,2015-04-29,2015-04-05,Second Class,JK-15640,Jim Kriz,Home Office,United States,Philadelphia,Pennsylvania,19120,East,OFF-PA-10001526,Office Supplies,Paper,Xerox 1949,7.968,2,0.2,2.8884,-24
5873,CA-2017-129910,2017-03-30,2017-03-04,Standard Class,ME-17320,Maria Etezadi,Home Office,United States,Columbus,Georgia,31907,South,OFF-ST-10003282,Office Supplies,Storage,"Advantus 10-Drawer Portable Organizer, Chrome Metal Frame, Smoke Drawers",59.76,1,0.0,16.7328,-26
5894,CA-2017-159954,2017-10-09,2017-09-14,Standard Class,SS-20410,Shahid Shariari,Consumer,United States,Atlanta,Georgia,30318,South,OFF-BI-10004876,Office Supplies,Binders,Wilson Jones Suede Grain Vinyl Binders,2.78,1,0.0,1.3622,-25
5900,CA-2017-108000,2017-12-01,2017-01-16,Standard Class,LS-16945,Linda Southworth,Corporate,United States,San Francisco,California,94110,West,OFF-EN-10002621,Office Supplies,Envelopes,Staple envelope,9.78,1,0.0,4.89,-319
5902,CA-2016-159639,2016-11-27,2016-02-12,Standard Class,PC-18745,Pamela Coakley,Corporate,United States,Westfield,New Jersey,7090,East,FUR-FU-10001889,Furniture,Furnishings,Ultra Door Pull Handle,31.56,3,0.0,10.4148,-289
5928,CA-2014-114314,2014-11-10,2014-10-15,Standard Class,DB-13555,Dorothy Badders,Corporate,United States,Fayetteville,Arkansas,72701,South,OFF-LA-10000240,Office Supplies,Labels,Self-Adhesive Address Labels for Typewriters by Universal,7.31,1,0.0,3.4357,-26
5929,CA-2014-114314,2014-11-10,2014-10-15,Standard Class,DB-13555,Dorothy Badders,Corporate,United States,Fayetteville,Arkansas,72701,South,FUR-FU-10002107,Furniture,Furnishings,Eldon Pizzaz Desk Accessories,8.92,4,0.0,3.9248,-26
5941,CA-2017-112431,2017-12-10,2017-10-14,Second Class,RW-19690,Robert Waldorf,Consumer,United States,Los Angeles,California,90049,West,TEC-AC-10001465,Technology,Accessories,SanDisk Cruzer 64 GB USB Flash Drive,435.84,12,0.0,130.752,-57
5942,CA-2017-112431,2017-12-10,2017-10-14,Second Class,RW-19690,Robert Waldorf,Consumer,United States,Los Angeles,California,90049,West,OFF-AR-10000940,Office Supplies,Art,Newell 343,5.88,2,0.0,1.5876,-57
5957,CA-2016-127138,2016-12-03,2016-03-15,Second Class,DK-13225,Dean Katz,Corporate,United States,San Francisco,California,94109,West,OFF-ST-10002756,Office Supplies,Storage,"Tennsco Stur-D-Stor Boltless Shelving, 5 Shelves, 24"" Deep, Sand",676.55,5,0.0,6.7655,-263
5958,CA-2016-127138,2016-12-03,2016-03-15,Second Class,DK-13225,Dean Katz,Corporate,United States,San Francisco,California,94109,West,OFF-AP-10003842,Office Supplies,Appliances,Euro-Pro Shark Turbo Vacuum,154.9,5,0.0,40.274,-263
5959,CA-2016-127138,2016-12-03,2016-03-15,Second Class,DK-13225,Dean Katz,Corporate,United States,San Francisco,California,94109,West,OFF-EN-10004459,Office Supplies,Envelopes,Security-Tint Envelopes,30.56,4,0.0,14.9744,-263
5960,CA-2016-127138,2016-12-03,2016-03-15,Second Class,DK-13225,Dean Katz,Corporate,United States,San Francisco,California,94109,West,FUR-CH-10003746,Furniture,Chairs,Hon 4070 Series Pagoda Round Back Stacking Chairs,770.352,3,0.2,77.0352,-263
5961,CA-2017-150602,2017-09-02,2017-02-14,Second Class,ML-17395,Marina Lichtenstein,Corporate,United States,Los Angeles,California,90045,West,FUR-FU-10003142,Furniture,Furnishings,"Master Big Foot Doorstop, Beige",21.12,4,0.0,6.5472,-200
6027,CA-2017-136007,2017-02-23,2017-02-03,Standard Class,AC-10615,Ann Chong,Corporate,United States,Seattle,Washington,98115,West,OFF-FA-10002701,Office Supplies,Fasteners,Alliance Rubber Bands,8.4,5,0.0,0.336,-20
6028,CA-2017-136007,2017-02-23,2017-02-03,Standard Class,AC-10615,Ann Chong,Corporate,United States,Seattle,Washington,98115,West,TEC-PH-10003589,Technology,Phones,invisibleSHIELD by ZAGG Smudge-Free Screen Protector,71.96,5,0.2,25.186,-20
6047,CA-2016-154662,2016-09-06,2016-06-16,Standard Class,BF-11215,Benjamin Farhat,Home Office,United States,Minneapolis,Minnesota,55407,Central,FUR-TA-10001771,Furniture,Tables,"Bush Cubix Conference Tables, Fully Assembled",692.94,3,0.0,173.235,-82
6061,CA-2015-134201,2015-10-04,2015-04-16,Standard Class,EH-14125,Eugene Hildebrand,Home Office,United States,Rochester,New York,14609,East,OFF-ST-10001476,Office Supplies,Storage,Steel Personal Filing/Posting Tote,142.04,4,0.0,38.3508,-171
6062,CA-2015-134201,2015-10-04,2015-04-16,Standard Class,EH-14125,Eugene Hildebrand,Home Office,United States,Rochester,New York,14609,East,OFF-AR-10002804,Office Supplies,Art,Faber Castell Col-Erase Pencils,14.67,3,0.0,6.0147,-171
6109,CA-2016-150007,2016-11-09,2016-09-16,Standard Class,AS-10090,Adam Shillingsburg,Consumer,United States,Chicago,Illinois,60653,Central,OFF-LA-10001982,Office Supplies,Labels,Smead Alpha-Z Color-Coded Name Labels First Letter Starter Set,6.0,2,0.2,2.1,-54
6110,CA-2016-150007,2016-11-09,2016-09-16,Standard Class,AS-10090,Adam Shillingsburg,Consumer,United States,Chicago,Illinois,60653,Central,OFF-BI-10004141,Office Supplies,Binders,Insertable Tab Indexes For Data Binders,1.908,3,0.8,-3.2436,-54
6111,CA-2016-124590,2016-12-11,2016-11-16,Standard Class,SP-20920,Susan Pistek,Consumer,United States,Parma,Ohio,44134,East,FUR-CH-10004495,Furniture,Chairs,"Global Leather and Oak Executive Chair, Black",1474.802,7,0.3,-21.0686,-25
6112,CA-2016-124590,2016-12-11,2016-11-16,Standard Class,SP-20920,Susan Pistek,Consumer,United States,Parma,Ohio,44134,East,OFF-AP-10002311,Office Supplies,Appliances,"Holmes Replacement Filter for HEPA Air Cleaner, Very Large Room, HEPA Filter",110.096,2,0.2,33.0288,-25
6113,CA-2016-124590,2016-12-11,2016-11-16,Standard Class,SP-20920,Susan Pistek,Consumer,United States,Parma,Ohio,44134,East,OFF-FA-10000585,Office Supplies,Fasteners,OIC Bulk Pack Metal Binder Clips,16.752,6,0.2,5.4444,-25
6114,CA-2016-124590,2016-12-11,2016-11-16,Standard Class,SP-20920,Susan Pistek,Consumer,United States,Parma,Ohio,44134,East,FUR-CH-10000454,Furniture,Chairs,"Hon Deluxe Fabric Upholstered Stacking Chairs, Rounded Back",1537.074,9,0.3,0.0,-25
6115,CA-2016-124590,2016-12-11,2016-11-16,Standard Class,SP-20920,Susan Pistek,Consumer,United States,Parma,Ohio,44134,East,FUR-CH-10003746,Furniture,Chairs,Hon 4070 Series Pagoda Round Back Stacking Chairs,449.372,2,0.3,-12.8392,-25
6124,CA-2015-142139,2015-08-31,2015-05-09,Standard Class,SD-20485,Shirley Daniels,Home Office,United States,Bedford,Texas,76021,Central,OFF-PA-10003883,Office Supplies,Paper,"Message Book, Phone, Wirebound Standard Line Memo, 2 3/4"" X 5""",20.96,4,0.2,6.812,-114
6130,CA-2017-162033,2017-03-26,2017-02-04,Standard Class,EM-14200,Evan Minnotte,Home Office,United States,Virginia Beach,Virginia,23464,South,TEC-AC-10003116,Technology,Accessories,Memorex Froggy Flash Drive 8 GB,53.25,3,0.0,20.7675,-50
6131,CA-2017-162033,2017-03-26,2017-02-04,Standard Class,EM-14200,Evan Minnotte,Home Office,United States,Virginia Beach,Virginia,23464,South,OFF-FA-10003021,Office Supplies,Fasteners,Staples,3.76,2,0.0,1.316,-50
6138,US-2016-142251,2016-10-31,2016-04-11,Second Class,FO-14305,Frank Olsen,Consumer,United States,Hollywood,Florida,33021,South,OFF-PA-10002986,Office Supplies,Paper,Xerox 1898,32.064,6,0.2,11.2224,-203
6141,CA-2017-121083,2017-09-07,2017-07-15,Standard Class,JF-15190,Jamie Frazer,Consumer,United States,Manchester,Connecticut,6040,East,OFF-PA-10001497,Office Supplies,Paper,Xerox 1914,274.8,5,0.0,134.652,-54
6142,CA-2017-121083,2017-09-07,2017-07-15,Standard Class,JF-15190,Jamie Frazer,Consumer,United States,Manchester,Connecticut,6040,East,OFF-ST-10002554,Office Supplies,Storage,Tennsco Industrial Shelving,195.64,4,0.0,3.9128,-54
6143,CA-2017-121083,2017-09-07,2017-07-15,Standard Class,JF-15190,Jamie Frazer,Consumer,United States,Manchester,Connecticut,6040,East,TEC-PH-10001336,Technology,Phones,Digium D40 VoIP phone,257.98,2,0.0,74.8142,-54
6144,CA-2017-121083,2017-09-07,2017-07-15,Standard Class,JF-15190,Jamie Frazer,Consumer,United States,Manchester,Connecticut,6040,East,OFF-AR-10002987,Office Supplies,Art,Prismacolor Color Pencil Set,119.04,6,0.0,48.8064,-54
6145,CA-2017-151190,2017-06-27,2017-01-07,Standard Class,GT-14710,Greg Tran,Consumer,United States,Omaha,Nebraska,68104,Central,OFF-PA-10000575,Office Supplies,Paper,"Wirebound Message Books, Four 2 3/4 x 5 White Forms per Page",20.07,3,0.0,9.2322,-171
6209,CA-2017-148138,2017-09-29,2017-03-10,Standard Class,ME-18010,Michelle Ellison,Corporate,United States,Marion,Ohio,43302,East,OFF-ST-10000563,Office Supplies,Storage,Fellowes Bankers Box Stor/Drawer Steel Plus,51.168,2,0.2,-6.396,-203
6213,CA-2017-149944,2017-12-11,2017-11-16,Second Class,MB-17305,Maria Bertelson,Consumer,United States,Longview,Washington,98632,West,OFF-FA-10003495,Office Supplies,Fasteners,Staples,18.24,3,0.0,9.12,-25
6214,CA-2017-149944,2017-12-11,2017-11-16,Second Class,MB-17305,Maria Bertelson,Consumer,United States,Longview,Washington,98632,West,OFF-AP-10004708,Office Supplies,Appliances,Fellowes Superior 10 Outlet Split Surge Protector,76.12,2,0.0,22.0748,-25
6215,CA-2014-128538,2014-11-10,2014-10-15,Standard Class,AS-10240,Alan Shonely,Consumer,United States,Redondo Beach,California,90278,West,OFF-EN-10001219,Office Supplies,Envelopes,"#10- 4 1/8"" x 9 1/2"" Security-Tint Envelopes",7.64,1,0.0,3.7436,-26
6216,CA-2015-161711,2015-11-28,2015-03-12,Standard Class,MC-17425,Mark Cousins,Corporate,United States,New York City,New York,10035,East,FUR-FU-10000087,Furniture,Furnishings,"Executive Impressions 14"" Two-Color Numerals Wall Clock",68.16,3,0.0,27.9456,-261
6217,CA-2015-161711,2015-11-28,2015-03-12,Standard Class,MC-17425,Mark Cousins,Corporate,United States,New York City,New York,10035,East,OFF-EN-10001539,Office Supplies,Envelopes,Staple envelope,62.24,8,0.0,29.2528,-261
6218,US-2015-129553,2015-07-27,2015-02-08,Standard Class,PG-18820,Patrick Gardner,Consumer,United States,Louisville,Kentucky,40214,South,TEC-PH-10004897,Technology,Phones,Mediabridge Sport Armband iPhone 5s,29.97,3,0.0,0.2997,-169
6231,CA-2017-127656,2017-11-07,2017-07-17,Standard Class,NW-18400,Natalie Webber,Consumer,United States,Waterloo,Iowa,50701,Central,OFF-AR-10001166,Office Supplies,Art,Staples in misc. colors,30.32,4,0.0,11.8248,-113
6241,US-2016-131912,2016-10-29,2016-01-11,Second Class,LH-17155,Logan Haushalter,Consumer,United States,Los Angeles,California,90008,West,OFF-BI-10004236,Office Supplies,Binders,"XtraLife ClearVue Slant-D Ring Binder, White, 3""",11.744,1,0.2,3.8168,-292
6248,CA-2017-121580,2017-05-29,2017-04-06,Standard Class,ML-17410,Maris LaWare,Consumer,United States,Columbus,Indiana,47201,Central,OFF-BI-10000632,Office Supplies,Binders,Satellite Sectional Post Binders,43.41,1,0.0,19.9686,-53
6249,CA-2017-121580,2017-05-29,2017-04-06,Standard Class,ML-17410,Maris LaWare,Consumer,United States,Columbus,Indiana,47201,Central,FUR-FU-10003981,Furniture,Furnishings,Eldon Wave Desk Accessories,6.24,3,0.0,2.6208,-53
6250,CA-2017-121580,2017-05-29,2017-04-06,Standard Class,ML-17410,Maris LaWare,Consumer,United States,Columbus,Indiana,47201,Central,OFF-AP-10001564,Office Supplies,Appliances,Hoover Commercial Lightweight Upright Vacuum with E-Z Empty Dirt Cup,465.16,2,0.0,120.9416,-53
6251,CA-2017-121580,2017-05-29,2017-04-06,Standard Class,ML-17410,Maris LaWare,Consumer,United States,Columbus,Indiana,47201,Central,OFF-PA-10004082,Office Supplies,Paper,"Adams Telephone Message Book w/Frequently-Called Numbers Space, 400 Messages per Book",7.98,1,0.0,3.99,-53
6261,CA-2015-162607,2015-12-05,2015-05-18,Standard Class,RO-19780,Rose O'Brian,Consumer,United States,Seattle,Washington,98115,West,OFF-BI-10002949,Office Supplies,Binders,Prestige Round Ring Binders,14.592,3,0.2,4.9248,-201
6281,CA-2017-152226,2017-12-05,2017-05-16,Standard Class,JH-15910,Jonathan Howell,Consumer,United States,Cincinnati,Ohio,45231,East,OFF-LA-10000443,Office Supplies,Labels,Avery 501,5.904,2,0.2,1.9926,-203
6300,CA-2017-107314,2017-11-30,2017-03-12,First Class,MZ-17335,Maria Zettner,Home Office,United States,San Francisco,California,94109,West,FUR-FU-10003489,Furniture,Furnishings,Contemporary Borderless Frame,25.83,3,0.0,9.5571,-263
6312,CA-2014-112837,2014-11-09,2014-09-16,Standard Class,LW-17125,Liz Willingham,Consumer,United States,Oxnard,California,93030,West,FUR-FU-10004006,Furniture,Furnishings,"Deflect-o DuraMat Lighweight, Studded, Beveled Mat for Low Pile Carpeting",127.95,3,0.0,21.7515,-54
6321,CA-2017-160017,2017-09-28,2017-02-10,Standard Class,SP-20860,Sung Pak,Corporate,United States,Jacksonville,Florida,32216,South,OFF-PA-10001800,Office Supplies,Paper,Xerox 220,10.368,2,0.2,3.6288,-230
6325,CA-2015-110289,2015-10-29,2015-02-11,Standard Class,NB-18655,Nona Balk,Corporate,United States,San Francisco,California,94109,West,OFF-PA-10002986,Office Supplies,Paper,Xerox 1898,33.4,5,0.0,16.032,-260
6326,CA-2015-110289,2015-10-29,2015-02-11,Standard Class,NB-18655,Nona Balk,Corporate,United States,San Francisco,California,94109,West,OFF-EN-10001434,Office Supplies,Envelopes,"Strathmore #10 Envelopes, Ultimate White",210.84,4,0.0,103.3116,-260
6335,CA-2014-133305,2014-11-07,2014-07-15,Standard Class,MH-17455,Mark Hamilton,Consumer,United States,New York City,New York,10011,East,OFF-PA-10001970,Office Supplies,Paper,Xerox 1881,49.12,4,0.0,23.0864,-115
6336,CA-2014-133305,2014-11-07,2014-07-15,Standard Class,MH-17455,Mark Hamilton,Consumer,United States,New York City,New York,10011,East,OFF-BI-10002954,Office Supplies,Binders,Newell 3-Hole Punched Plastic Slotted Magazine Holders for Binders,18.28,5,0.2,6.398,-115
6337,CA-2016-165995,2016-08-30,2016-06-09,Standard Class,BG-11740,Bruce Geld,Consumer,United States,Los Angeles,California,90008,West,FUR-FU-10000672,Furniture,Furnishings,"Executive Impressions 10"" Spectator Wall Clock",47.04,4,0.0,15.9936,-82
6338,CA-2016-165995,2016-08-30,2016-06-09,Standard Class,BG-11740,Bruce Geld,Consumer,United States,Los Angeles,California,90008,West,TEC-PH-10004908,Technology,Phones,Panasonic KX TS3282W Corded phone,339.96,5,0.2,42.495,-82
6375,CA-2014-107811,2014-04-29,2014-03-05,Standard Class,LA-16780,Laura Armstrong,Corporate,United States,Memphis,Tennessee,38109,South,FUR-CH-10001394,Furniture,Chairs,Global Leather Executive Chair,561.584,2,0.2,70.198,-55
6376,CA-2014-107811,2014-04-29,2014-03-05,Standard Class,LA-16780,Laura Armstrong,Corporate,United States,Memphis,Tennessee,38109,South,OFF-ST-10000798,Office Supplies,Storage,2300 Heavy-Duty Transfer File Systems by Perma,99.92,5,0.2,-1.249,-55
6379,CA-2017-150623,2017-10-04,2017-04-14,Standard Class,DB-13360,Dennis Bolton,Home Office,United States,Waterbury,Connecticut,6708,East,TEC-AC-10004571,Technology,Accessories,Logitech G700s Rechargeable Gaming Mouse,99.99,1,0.0,41.9958,-173
6380,CA-2017-150623,2017-10-04,2017-04-14,Standard Class,DB-13360,Dennis Bolton,Home Office,United States,Waterbury,Connecticut,6708,East,OFF-ST-10003692,Office Supplies,Storage,Recycled Steel Personal File for Hanging File Folders,286.15,5,0.0,71.5375,-173
6381,US-2014-163797,2014-08-04,2014-04-13,Standard Class,PC-19000,Pauline Chand,Home Office,United States,Chandler,Arizona,85224,West,OFF-FA-10001883,Office Supplies,Fasteners,"Alliance Super-Size Bands, Assorted Sizes",49.792,8,0.2,-11.8256,-113
6382,CA-2016-127236,2016-03-29,2016-02-04,Standard Class,TB-21595,Troy Blackwell,Consumer,United States,Springfield,Ohio,45503,East,FUR-BO-10004015,Furniture,Bookcases,"Bush Andora Bookcase, Maple/Graphite Gray Finish",299.975,5,0.5,-167.986,-54
6383,CA-2016-127236,2016-03-29,2016-02-04,Standard Class,TB-21595,Troy Blackwell,Consumer,United States,Springfield,Ohio,45503,East,TEC-PH-10000141,Technology,Phones,Clearsounds A400,158.376,4,0.4,-36.9544,-54
6398,CA-2017-131632,2017-10-31,2017-04-11,Standard Class,AH-10120,Adrian Hane,Home Office,United States,Dallas,Texas,75217,Central,OFF-AR-10003651,Office Supplies,Art,Newell 350,5.248,2,0.2,0.5904,-203
6405,CA-2015-156328,2015-11-30,2015-05-12,Standard Class,RM-19375,Raymond Messe,Consumer,United States,Raleigh,North Carolina,27604,South,TEC-PH-10001198,Technology,Phones,Avaya 4621SW VoIP phone,177.48,3,0.2,19.9665,-202
6406,CA-2017-154074,2017-08-31,2017-02-09,Second Class,BW-11110,Bart Watters,Corporate,United States,Spokane,Washington,99207,West,FUR-CH-10002331,Furniture,Chairs,Hon 4700 Series Mobuis Mid-Back Task Chairs with Adjustable Arms,569.568,2,0.2,7.1196,-203
6407,CA-2017-154074,2017-08-31,2017-02-09,Second Class,BW-11110,Bart Watters,Corporate,United States,Spokane,Washington,99207,West,OFF-ST-10002370,Office Supplies,Storage,"Sortfiler Multipurpose Personal File Organizer, Black",149.73,7,0.0,43.4217,-203
6419,CA-2016-140130,2016-10-31,2016-05-11,Standard Class,HW-14935,Helen Wasserman,Corporate,United States,Tulsa,Oklahoma,74133,Central,OFF-SU-10001218,Office Supplies,Supplies,Fiskars Softgrip Scissors,21.96,2,0.0,6.1488,-173
6420,CA-2016-140130,2016-10-31,2016-05-11,Standard Class,HW-14935,Helen Wasserman,Corporate,United States,Tulsa,Oklahoma,74133,Central,FUR-CH-10002084,Furniture,Chairs,Hon Mobius Operator's Chair,368.97,3,0.0,81.1734,-173
6421,CA-2016-140130,2016-10-31,2016-05-11,Standard Class,HW-14935,Helen Wasserman,Corporate,United States,Tulsa,Oklahoma,74133,Central,OFF-AR-10004269,Office Supplies,Art,Newell 31,12.39,3,0.0,3.4692,-173
6422,CA-2016-140130,2016-10-31,2016-05-11,Standard Class,HW-14935,Helen Wasserman,Corporate,United States,Tulsa,Oklahoma,74133,Central,OFF-ST-10001128,Office Supplies,Storage,"Carina Mini System Audio Rack, Model AR050B",332.94,3,0.0,9.9882,-173
6423,CA-2014-159121,2014-07-26,2014-01-08,Standard Class,JO-15145,Jack O'Briant,Corporate,United States,Draper,Utah,84020,West,TEC-AC-10002006,Technology,Accessories,Memorex Micro Travel Drive 16 GB,111.93,7,0.0,34.6983,-199
6455,CA-2017-161102,2017-07-31,2017-03-08,First Class,EC-14050,Erin Creighton,Consumer,United States,San Francisco,California,94110,West,OFF-ST-10003442,Office Supplies,Storage,Eldon Portable Mobile Manager,56.56,2,0.0,15.2712,-145
6456,CA-2017-161102,2017-07-31,2017-03-08,First Class,EC-14050,Erin Creighton,Consumer,United States,San Francisco,California,94110,West,FUR-FU-10003142,Furniture,Furnishings,"Master Big Foot Doorstop, Beige",36.96,7,0.0,11.4576,-145
6471,CA-2015-108532,2015-08-29,2015-02-09,Standard Class,CC-12100,Chad Cunningham,Home Office,United States,Detroit,Michigan,48234,Central,TEC-PH-10001750,Technology,Phones,Samsung Rugby III,131.98,2,0.0,35.6346,-201
6472,CA-2015-108532,2015-08-29,2015-02-09,Standard Class,CC-12100,Chad Cunningham,Home Office,United States,Detroit,Michigan,48234,Central,TEC-AC-10004510,Technology,Accessories,Logitech Desktop MK120 Mouse and keyboard Combo,114.52,7,0.0,11.452,-201
6495,CA-2017-111262,2017-10-28,2017-01-11,Second Class,KH-16510,Keith Herrera,Consumer,United States,Houston,Texas,77095,Central,TEC-AC-10002167,Technology,Accessories,Imation 8gb Micro Traveldrive Usb 2.0 Flash Drive,24.0,2,0.2,-2.7,-290
6496,CA-2017-111262,2017-10-28,2017-01-11,Second Class,KH-16510,Keith Herrera,Consumer,United States,Houston,Texas,77095,Central,OFF-PA-10001937,Office Supplies,Paper,Xerox 21,15.552,3,0.2,5.4432,-290
6497,CA-2017-111262,2017-10-28,2017-01-11,Second Class,KH-16510,Keith Herrera,Consumer,United States,Houston,Texas,77095,Central,TEC-AC-10004510,Technology,Accessories,Logitech Desktop MK120 Mouse and keyboard Combo,26.176,2,0.2,-3.272,-290
6550,US-2015-164966,2015-07-30,2015-01-08,First Class,GH-14410,Gary Hansen,Home Office,United States,Lakeville,Minnesota,55044,Central,FUR-CH-10002304,Furniture,Chairs,"Global Stack Chair without Arms, Black",155.88,6,0.0,38.97,-203
6562,CA-2017-144680,2017-03-31,2017-02-04,First Class,SC-20260,Scott Cohen,Corporate,United States,Arlington,Texas,76017,Central,OFF-AP-10003040,Office Supplies,Appliances,Fellowes 8 Outlet Superior Workstation Surge Protector w/o Phone/Fax/Modem Protection,33.62,5,0.8,-90.774,-55
6573,CA-2016-161543,2016-10-05,2016-05-16,Standard Class,RD-19720,Roger Demir,Consumer,United States,Seattle,Washington,98105,West,OFF-PA-10003971,Office Supplies,Paper,Xerox 1965,11.96,2,0.0,5.8604,-142
6640,CA-2014-108609,2014-10-31,2014-02-11,Second Class,AJ-10780,Anthony Jacobs,Corporate,United States,Lorain,Ohio,44052,East,FUR-TA-10003954,Furniture,Tables,Hon 94000 Series Round Tables,1421.664,8,0.4,-734.5264,-262
6644,US-2015-156496,2015-10-08,2015-08-16,Standard Class,WB-21850,William Brown,Consumer,United States,Redmond,Oregon,97756,West,TEC-PH-10000576,Technology,Phones,AT&T 1080 Corded phone,438.368,4,0.2,38.3572,-53
6645,US-2015-156496,2015-10-08,2015-08-16,Standard Class,WB-21850,William Brown,Consumer,United States,Redmond,Oregon,97756,West,TEC-PH-10004188,Technology,Phones,OtterBox Commuter Series Case - Samsung Galaxy S4,139.944,7,0.2,-31.4874,-53
6646,US-2015-156496,2015-10-08,2015-08-16,Standard Class,WB-21850,William Brown,Consumer,United States,Redmond,Oregon,97756,West,OFF-AP-10001469,Office Supplies,Appliances,Fellowes 8 Outlet Superior Workstation Surge Protector,133.472,4,0.2,15.0156,-53
6664,CA-2017-162173,2017-10-26,2017-01-11,Standard Class,OT-18730,Olvera Toch,Consumer,United States,Virginia Beach,Virginia,23464,South,FUR-TA-10001520,Furniture,Tables,"Lesro Sheffield Collection Coffee Table, End Table, Center Table, Corner Table",356.85,5,0.0,60.6645,-288
6665,CA-2017-162173,2017-10-26,2017-01-11,Standard Class,OT-18730,Olvera Toch,Consumer,United States,Virginia Beach,Virginia,23464,South,OFF-EN-10002831,Office Supplies,Envelopes,"Tyvek  Top-Opening Peel & Seel  Envelopes, Gray",251.58,7,0.0,113.211,-288
6667,CA-2017-122175,2017-12-05,2017-05-14,Second Class,CA-12775,Cynthia Arntzen,Consumer,United States,Vineland,New Jersey,8360,East,FUR-FU-10000719,Furniture,Furnishings,"DAX Cubicle Frames, 8-1/2 x 11",42.85,5,0.0,15.426,-205
6668,CA-2017-122175,2017-12-05,2017-05-14,Second Class,CA-12775,Cynthia Arntzen,Consumer,United States,Vineland,New Jersey,8360,East,OFF-LA-10002271,Office Supplies,Labels,Smead Alpha-Z Color-Coded Second Alphabetical Labels and Starter Set,6.16,2,0.0,2.9568,-205
6669,CA-2017-122175,2017-12-05,2017-05-14,Second Class,CA-12775,Cynthia Arntzen,Consumer,United States,Vineland,New Jersey,8360,East,OFF-SU-10004661,Office Supplies,Supplies,Acme Titanium Bonded Scissors,17.0,2,0.0,4.42,-205
6670,CA-2017-122175,2017-12-05,2017-05-14,Second Class,CA-12775,Cynthia Arntzen,Consumer,United States,Vineland,New Jersey,8360,East,TEC-AC-10004859,Technology,Accessories,"Maxell Pro 80 Minute CD-R, 10/Pack",87.4,5,0.0,34.96,-205
6673,CA-2015-153794,2015-11-09,2015-09-16,Standard Class,SB-20290,Sean Braxton,Corporate,United States,San Diego,California,92024,West,OFF-AR-10000380,Office Supplies,Art,"Hunt PowerHouse Electric Pencil Sharpener, Blue",265.86,7,0.0,79.758,-54
6689,CA-2017-140494,2017-10-03,2017-03-15,Second Class,CM-11815,Candace McMahon,Corporate,United States,San Francisco,California,94109,West,TEC-AC-10004568,Technology,Accessories,Maxell LTO Ultrium - 800 GB,111.96,4,0.0,21.2724,-202
6691,US-2017-165869,2017-07-31,2017-05-08,Standard Class,LS-17200,Luke Schmidt,Corporate,United States,Milwaukee,Wisconsin,53209,Central,OFF-BI-10003460,Office Supplies,Binders,Acco 3-Hole Punch,17.52,4,0.0,8.4096,-84
6692,US-2017-165869,2017-07-31,2017-05-08,Standard Class,LS-17200,Luke Schmidt,Corporate,United States,Milwaukee,Wisconsin,53209,Central,OFF-AP-10002472,Office Supplies,Appliances,3M Office Air Cleaner,155.88,6,0.0,54.558,-84
6693,CA-2017-160899,2017-11-08,2017-08-13,Second Class,DR-12940,Daniel Raglin,Home Office,United States,Lake Charles,Louisiana,70601,South,OFF-BI-10000632,Office Supplies,Binders,Satellite Sectional Post Binders,477.51,11,0.0,219.6546,-87
6694,CA-2017-144225,2017-09-30,2017-02-10,Second Class,CC-12475,Cindy Chapman,Consumer,United States,Baltimore,Maryland,21215,East,OFF-PA-10000062,Office Supplies,Paper,Green Bar Computer Printout Paper,164.88,3,0.0,80.7912,-232
6707,CA-2016-112277,2016-10-09,2016-09-15,Standard Class,SC-20695,Steve Chapman,Corporate,United States,Fort Lauderdale,Florida,33311,South,TEC-PH-10003505,Technology,Phones,Geemarc AmpliPOWER60,519.68,7,0.2,58.464,-24
6717,CA-2016-134789,2016-08-04,2016-04-15,Standard Class,CK-12325,Christine Kargatis,Home Office,United States,Hot Springs,Arkansas,71901,South,OFF-FA-10002280,Office Supplies,Fasteners,Advantus Plastic Paper Clips,30.0,6,0.0,14.4,-111
6718,CA-2016-134789,2016-08-04,2016-04-15,Standard Class,CK-12325,Christine Kargatis,Home Office,United States,Hot Springs,Arkansas,71901,South,OFF-PA-10001934,Office Supplies,Paper,Xerox 1993,25.92,4,0.0,12.7008,-111
6719,CA-2016-134789,2016-08-04,2016-04-15,Standard Class,CK-12325,Christine Kargatis,Home Office,United States,Hot Springs,Arkansas,71901,South,FUR-FU-10003268,Furniture,Furnishings,Eldon Radial Chair Mat for Low to Medium Pile Carpets,159.92,4,0.0,31.984,-111
6725,CA-2016-128811,2016-12-09,2016-09-16,Standard Class,SF-20200,Sarah Foster,Consumer,United States,Seattle,Washington,98103,West,OFF-FA-10000585,Office Supplies,Fasteners,OIC Bulk Pack Metal Binder Clips,10.47,3,0.0,4.8162,-84
6726,CA-2016-128811,2016-12-09,2016-09-16,Standard Class,SF-20200,Sarah Foster,Consumer,United States,Seattle,Washington,98103,West,OFF-LA-10003720,Office Supplies,Labels,Avery 487,11.07,3,0.0,5.2029,-84
6727,CA-2016-128811,2016-12-09,2016-09-16,Standard Class,SF-20200,Sarah Foster,Consumer,United States,Seattle,Washington,98103,West,OFF-BI-10000301,Office Supplies,Binders,GBC Instant Report Kit,20.704,4,0.2,7.764,-84
6728,CA-2017-145443,2017-10-08,2017-08-15,Second Class,SC-20695,Steve Chapman,Corporate,United States,Richmond,Indiana,47374,Central,OFF-PA-10003302,Office Supplies,Paper,Xerox 1906,177.2,5,0.0,83.284,-54
6736,CA-2016-123358,2016-10-04,2016-04-17,Standard Class,BT-11680,Brian Thompson,Consumer,United States,San Francisco,California,94122,West,OFF-AP-10004980,Office Supplies,Appliances,3M Replacement Filter for Office Air Cleaner for 20' x 33' Room,113.76,3,0.0,44.3664,-170
6737,CA-2016-123358,2016-10-04,2016-04-17,Standard Class,BT-11680,Brian Thompson,Consumer,United States,San Francisco,California,94122,West,OFF-ST-10001932,Office Supplies,Storage,Fellowes Staxonsteel Drawer Files,579.51,3,0.0,81.1314,-170
6738,CA-2016-123358,2016-10-04,2016-04-17,Standard Class,BT-11680,Brian Thompson,Consumer,United States,San Francisco,California,94122,West,OFF-ST-10000636,Office Supplies,Storage,Rogers Profile Extra Capacity Storage Tub,150.66,9,0.0,6.0264,-170
6739,CA-2016-123358,2016-10-04,2016-04-17,Standard Class,BT-11680,Brian Thompson,Consumer,United States,San Francisco,California,94122,West,OFF-BI-10000069,Office Supplies,Binders,"GBC Prepunched Paper, 19-Hole, for Binding Systems, 24-lb",48.032,4,0.2,15.6104,-170
6769,CA-2014-109302,2014-12-08,2014-08-16,Standard Class,CS-12175,Charles Sheldon,Corporate,United States,Lakewood,New Jersey,8701,East,OFF-BI-10002854,Office Supplies,Binders,"Performers Binder/Pad Holder, Black",196.21,7,0.0,98.105,-114
6778,US-2017-166037,2017-01-28,2017-01-02,Standard Class,CL-12700,Craig Leslie,Home Office,United States,New York City,New York,10009,East,TEC-AC-10002800,Technology,Accessories,Plantronics Audio 478 Stereo USB Headset,449.91,9,0.0,157.4685,-26
6842,CA-2016-123946,2016-12-09,2016-09-17,Standard Class,AJ-10795,Anthony Johnson,Corporate,United States,Springfield,Virginia,22153,South,TEC-AC-10004877,Technology,Accessories,Imation 30456 USB Flash Drive 8GB,20.7,3,0.0,1.656,-83
6843,CA-2016-123946,2016-12-09,2016-09-17,Standard Class,AJ-10795,Anthony Johnson,Corporate,United States,Springfield,Virginia,22153,South,OFF-FA-10002975,Office Supplies,Fasteners,Staples,11.34,3,0.0,5.2164,-83
6844,CA-2016-123946,2016-12-09,2016-09-17,Standard Class,AJ-10795,Anthony Johnson,Corporate,United States,Springfield,Virginia,22153,South,OFF-ST-10000419,Office Supplies,Storage,"Rogers Jumbo File, Granite",67.9,5,0.0,0.679,-83
6845,CA-2016-123946,2016-12-09,2016-09-17,Standard Class,AJ-10795,Anthony Johnson,Corporate,United States,Springfield,Virginia,22153,South,FUR-CH-10002073,Furniture,Chairs,Hon Olson Stacker Chairs,1059.12,4,0.0,307.1448,-83
6847,US-2016-159093,2016-09-05,2016-05-14,Standard Class,RS-19420,Ricardo Sperren,Corporate,United States,Los Angeles,California,90036,West,OFF-PA-10001260,Office Supplies,Paper,"TOPS Money Receipt Book, Consecutively Numbered in Red,",32.04,4,0.0,14.418,-114
6885,CA-2015-120677,2015-05-31,2015-04-06,Standard Class,BD-11320,Bill Donatelli,Consumer,United States,Minneapolis,Minnesota,55407,Central,FUR-CH-10002320,Furniture,Chairs,Hon Pagoda Stacking Chairs,2567.84,8,0.0,770.352,-55
6886,CA-2017-123036,2017-10-09,2017-09-17,Standard Class,HA-14905,Helen Abelman,Consumer,United States,Springfield,Ohio,45503,East,TEC-AC-10003499,Technology,Accessories,Memorex Mini Travel Drive 8 GB USB 2.0 Flash Drive,37.056,4,0.2,8.8008,-22
6887,CA-2017-123036,2017-10-09,2017-09-17,Standard Class,HA-14905,Helen Abelman,Consumer,United States,Springfield,Ohio,45503,East,TEC-PH-10003580,Technology,Phones,Cisco IP Phone 7961G-GE VoIP phone,259.896,2,0.4,-56.3108,-22
6888,CA-2017-120222,2017-04-25,2017-02-05,Standard Class,LL-16840,Lauren Leatherbury,Consumer,United States,Los Angeles,California,90032,West,OFF-PA-10004675,Office Supplies,Paper,"Telephone Message Books with Fax/Mobile Section, 5 1/2"" x 3 3/16""",19.05,3,0.0,8.763,-79
6889,CA-2017-120222,2017-04-25,2017-02-05,Standard Class,LL-16840,Lauren Leatherbury,Consumer,United States,Los Angeles,California,90032,West,OFF-BI-10000666,Office Supplies,Binders,Surelock Post Binders,73.344,3,0.2,27.504,-79
6908,CA-2016-140249,2016-09-27,2016-03-10,Standard Class,SW-20455,Shaun Weien,Consumer,United States,Seattle,Washington,98103,West,TEC-PH-10002584,Technology,Phones,Samsung Galaxy S4,1001.584,2,0.2,125.198,-201
6911,US-2017-115301,2017-07-29,2017-02-08,Standard Class,VG-21790,Vivek Gonzalez,Consumer,United States,Seattle,Washington,98103,West,FUR-BO-10004709,Furniture,Bookcases,"Bush Westfield Collection Bookcases, Medium Cherry Finish",115.96,2,0.0,25.5112,-171
6914,CA-2015-104115,2015-12-06,2015-06-16,Standard Class,JH-15910,Jonathan Howell,Consumer,United States,West Palm Beach,Florida,33407,South,TEC-PH-10002844,Technology,Phones,Speck Products Candyshell Flip Case,55.984,2,0.2,4.1988,-173
6921,CA-2017-121706,2017-02-26,2017-02-03,Standard Class,BM-11140,Becky Martin,Consumer,United States,Santa Barbara,California,93101,West,OFF-AP-10003287,Office Supplies,Appliances,Tripp Lite TLP810NET Broadband Surge for Modem/Fax,356.79,7,0.0,99.9012,-23
6925,CA-2015-137925,2015-11-30,2015-04-12,Standard Class,JL-15235,Janet Lee,Consumer,United States,New York City,New York,10035,East,OFF-PA-10002659,Office Supplies,Paper,Avoid Verbal Orders Carbonless Minifold Book,23.66,7,0.0,10.8836,-232
6926,CA-2015-137925,2015-11-30,2015-04-12,Standard Class,JL-15235,Janet Lee,Consumer,United States,New York City,New York,10035,East,FUR-BO-10001608,Furniture,Bookcases,"Hon Metal Bookcases, Black",681.408,12,0.2,42.588,-232
6927,CA-2016-140046,2016-07-28,2016-03-08,Standard Class,KM-16660,Khloe Miller,Consumer,United States,Los Angeles,California,90032,West,OFF-LA-10000305,Office Supplies,Labels,Avery 495,18.9,3,0.0,8.694,-142
6936,CA-2017-137365,2017-11-30,2017-03-12,Second Class,BP-11095,Bart Pistole,Corporate,United States,El Paso,Texas,79907,Central,TEC-AC-10001767,Technology,Accessories,SanDisk Ultra 64 GB MicroSDHC Class 10 Memory Card,95.976,3,0.2,-10.7973,-263
6946,CA-2016-106243,2016-09-30,2016-04-10,Standard Class,GM-14680,Greg Matthias,Consumer,United States,New York City,New York,10011,East,FUR-BO-10003034,Furniture,Bookcases,"O'Sullivan Elevations Bookcase, Cherry Finish",523.92,5,0.2,-26.196,-173
6956,CA-2015-115420,2015-04-25,2015-02-05,Standard Class,LS-16945,Linda Southworth,Corporate,United States,Los Angeles,California,90004,West,OFF-EN-10003862,Office Supplies,Envelopes,Laser & Ink Jet Business Envelopes,21.34,2,0.0,9.8164,-79
6970,CA-2016-163937,2016-10-01,2016-01-13,Second Class,JB-16000,Joy Bell-,Consumer,United States,Longview,Washington,98632,West,FUR-FU-10000010,Furniture,Furnishings,"DAX Value U-Channel Document Frames, Easel Back",24.85,5,0.0,7.7035,-262
6976,CA-2015-112144,2015-06-28,2015-02-07,Standard Class,CY-12745,Craig Yedwab,Corporate,United States,Gilbert,Arizona,85234,West,OFF-LA-10000443,Office Supplies,Labels,Avery 501,5.904,2,0.2,1.9926,-141
6977,CA-2015-112144,2015-06-28,2015-02-07,Standard Class,CY-12745,Craig Yedwab,Corporate,United States,Gilbert,Arizona,85234,West,FUR-FU-10004306,Furniture,Furnishings,Electrix Halogen Magnifier Lamp,621.76,4,0.2,46.632,-141
7002,CA-2015-104871,2015-03-30,2015-03-04,Standard Class,DR-12940,Daniel Raglin,Home Office,United States,Normal,Illinois,61761,Central,FUR-CH-10003298,Furniture,Chairs,"Office Star - Contemporary Task Swivel chair with Loop Arms, Charcoal",366.744,4,0.3,-110.0232,-26
7015,CA-2014-114790,2014-11-03,2014-03-13,Second Class,FM-14215,Filia McAdams,Corporate,United States,Richmond,Kentucky,40475,South,OFF-AP-10002578,Office Supplies,Appliances,"Fellowes Premier Superior Surge Suppressor, 10-Outlet, With Phone and Remote",146.76,3,0.0,38.1576,-235
7016,CA-2014-114790,2014-11-03,2014-03-13,Second Class,FM-14215,Filia McAdams,Corporate,United States,Richmond,Kentucky,40475,South,TEC-AC-10000710,Technology,Accessories,Maxell DVD-RAM Discs,32.96,2,0.0,14.1728,-235
7017,CA-2014-114790,2014-11-03,2014-03-13,Second Class,FM-14215,Filia McAdams,Corporate,United States,Richmond,Kentucky,40475,South,TEC-PH-10000984,Technology,Phones,Panasonic KX-TG9471B,587.97,3,0.0,164.6316,-235
7018,CA-2014-114790,2014-11-03,2014-03-13,Second Class,FM-14215,Filia McAdams,Corporate,United States,Richmond,Kentucky,40475,South,OFF-PA-10000213,Office Supplies,Paper,Xerox 198,14.94,3,0.0,7.0218,-235
7064,CA-2017-127712,2017-08-31,2017-05-09,Standard Class,MG-17890,Michael Granlund,Home Office,United States,Salem,Oregon,97301,West,OFF-SU-10002522,Office Supplies,Supplies,Acme Kleen Earth Office Shears,6.208,2,0.2,0.6984,-114
7067,CA-2016-147473,2016-05-30,2016-03-06,Standard Class,NL-18310,Nancy Lomonaco,Home Office,United States,Los Angeles,California,90049,West,OFF-PA-10004782,Office Supplies,Paper,Xerox 228,38.88,6,0.0,18.6624,-85
7070,CA-2014-141901,2014-09-08,2014-08-14,Standard Class,GM-14500,Gene McClure,Consumer,United States,Fresno,California,93727,West,OFF-PA-10001667,Office Supplies,Paper,Great White Multi-Use Recycled Paper (20Lb. and 84 Bright),5.98,1,0.0,2.691,-25
7077,CA-2016-167416,2016-12-05,2016-05-17,Standard Class,JM-15580,Jill Matthias,Consumer,United States,Seattle,Washington,98105,West,OFF-EN-10001141,Office Supplies,Envelopes,"Manila Recycled Extra-Heavyweight Clasp Envelopes, 6"" x 9""",54.9,5,0.0,26.901,-202
7091,CA-2015-119480,2015-09-01,2015-01-13,Standard Class,CC-12685,Craig Carroll,Consumer,United States,Henderson,Kentucky,42420,South,OFF-PA-10000474,Office Supplies,Paper,Easy-staple paper,106.32,3,0.0,49.9704,-231
7092,CA-2015-119480,2015-09-01,2015-01-13,Standard Class,CC-12685,Craig Carroll,Consumer,United States,Henderson,Kentucky,42420,South,OFF-AP-10001205,Office Supplies,Appliances,Belkin 5 Outlet SurgeMaster Power Centers,163.44,3,0.0,45.7632,-231
7093,CA-2015-119480,2015-09-01,2015-01-13,Standard Class,CC-12685,Craig Carroll,Consumer,United States,Henderson,Kentucky,42420,South,OFF-AR-10004691,Office Supplies,Art,Boston 1730 StandUp Electric Pencil Sharpener,42.76,2,0.0,11.1176,-231
7094,CA-2015-119480,2015-09-01,2015-01-13,Standard Class,CC-12685,Craig Carroll,Consumer,United States,Henderson,Kentucky,42420,South,OFF-PA-10004996,Office Supplies,Paper,"Speediset Carbonless Redi-Letter 7"" x 8 1/2""",51.55,5,0.0,24.2285,-231
7095,US-2015-153374,2015-09-02,2015-02-13,Second Class,JF-15565,Jill Fjeld,Consumer,United States,Decatur,Illinois,62521,Central,TEC-AC-10001908,Technology,Accessories,Logitech Wireless Headset h800,479.952,6,0.2,89.991,-201
7124,CA-2015-128013,2015-09-08,2015-08-16,Standard Class,MF-18250,Monica Federle,Corporate,United States,New York City,New York,10035,East,FUR-FU-10000320,Furniture,Furnishings,OIC Stacking Trays,10.02,3,0.0,4.4088,-23
7125,CA-2015-128013,2015-09-08,2015-08-16,Standard Class,MF-18250,Monica Federle,Corporate,United States,New York City,New York,10035,East,OFF-PA-10001815,Office Supplies,Paper,Xerox 1885,144.12,3,0.0,69.1776,-23
7132,CA-2017-141439,2017-11-26,2017-01-12,Standard Class,TT-21460,Tonja Turnell,Home Office,United States,Richmond,Indiana,47374,Central,FUR-TA-10001039,Furniture,Tables,KI Adjustable-Height Table,257.94,3,0.0,67.0644,-318
7133,CA-2017-141439,2017-11-26,2017-01-12,Standard Class,TT-21460,Tonja Turnell,Home Office,United States,Richmond,Indiana,47374,Central,TEC-PH-10002624,Technology,Phones,Samsung Galaxy S4 Mini,1879.96,4,0.0,545.1884,-318
7134,CA-2017-141439,2017-11-26,2017-01-12,Standard Class,TT-21460,Tonja Turnell,Home Office,United States,Richmond,Indiana,47374,Central,FUR-FU-10001473,Furniture,Furnishings,DAX Wood Document Frame,27.46,2,0.0,9.8856,-318
7135,CA-2017-141439,2017-11-26,2017-01-12,Standard Class,TT-21460,Tonja Turnell,Home Office,United States,Richmond,Indiana,47374,Central,TEC-PH-10001819,Technology,Phones,Innergie mMini Combo Duo USB Travel Charging Kit,89.98,2,0.0,43.1904,-318
7136,CA-2017-141439,2017-11-26,2017-01-12,Standard Class,TT-21460,Tonja Turnell,Home Office,United States,Richmond,Indiana,47374,Central,FUR-CH-10004287,Furniture,Chairs,SAFCO Arco Folding Chair,828.6,3,0.0,240.294,-318
7144,US-2017-141558,2017-11-03,2017-03-16,Standard Class,MH-17290,Marc Harrigan,Home Office,United States,Philadelphia,Pennsylvania,19140,East,TEC-PH-10002555,Technology,Phones,Nortel Meridian M5316 Digital phone,776.85,5,0.4,-181.265,-232
7145,US-2017-141558,2017-11-03,2017-03-16,Standard Class,MH-17290,Marc Harrigan,Home Office,United States,Philadelphia,Pennsylvania,19140,East,OFF-BI-10002794,Office Supplies,Binders,"Avery Trapezoid Ring Binder, 3"" Capacity, Black, 1040 sheets",12.294,1,0.7,-8.6058,-232
7146,US-2017-141558,2017-11-03,2017-03-16,Standard Class,MH-17290,Marc Harrigan,Home Office,United States,Philadelphia,Pennsylvania,19140,East,FUR-TA-10004086,Furniture,Tables,KI Adjustable-Height Table,154.764,3,0.4,-46.4292,-232
7147,US-2017-141558,2017-11-03,2017-03-16,Standard Class,MH-17290,Marc Harrigan,Home Office,United States,Philadelphia,Pennsylvania,19140,East,OFF-ST-10004946,Office Supplies,Storage,Desktop 3-Pocket Hot File,43.28,1,0.2,3.246,-232
7148,CA-2016-139941,2016-12-06,2016-06-17,Standard Class,CB-12415,Christy Brittain,Consumer,United States,Long Beach,New York,11561,East,OFF-PA-10000241,Office Supplies,Paper,"IBM Multi-Purpose Copy Paper, 8 1/2 x 11"", Case",92.94,3,0.0,41.823,-172
7149,CA-2016-139941,2016-12-06,2016-06-17,Standard Class,CB-12415,Christy Brittain,Consumer,United States,Long Beach,New York,11561,East,OFF-AP-10004036,Office Supplies,Appliances,Bionaire 99.97% HEPA Air Cleaner,52.56,3,0.0,18.396,-172
7157,CA-2017-126718,2017-04-29,2017-04-05,Standard Class,KT-16480,Kean Thornton,Consumer,United States,Orange,New Jersey,7050,East,OFF-LA-10004055,Office Supplies,Labels,Color-Coded Legal Exhibit Labels,4.91,1,0.0,2.4059,-24
7183,CA-2017-150609,2017-04-30,2017-04-05,Standard Class,NZ-18565,Nick Zandusky,Home Office,United States,Los Angeles,California,90032,West,OFF-BI-10002071,Office Supplies,Binders,Fellowes Black Plastic Comb Bindings,23.24,5,0.2,7.553,-25
7190,CA-2016-164399,2016-12-11,2016-11-15,First Class,DW-13480,Dianna Wilson,Home Office,United States,San Diego,California,92024,West,TEC-PH-10004908,Technology,Phones,Panasonic KX TS3282W Corded phone,203.976,3,0.2,25.497,-26
7191,CA-2016-164399,2016-12-11,2016-11-15,First Class,DW-13480,Dianna Wilson,Home Office,United States,San Diego,California,92024,West,FUR-TA-10003392,Furniture,Tables,Global Adaptabilities Conference Tables,674.352,3,0.2,-8.4294,-26
7194,CA-2016-110492,2016-12-02,2016-02-14,First Class,JS-15880,John Stevenson,Consumer,United States,Atlanta,Georgia,30318,South,OFF-ST-10003716,Office Supplies,Storage,Tennsco Double-Tier Lockers,1350.12,6,0.0,175.5156,-292
7195,CA-2016-110492,2016-12-02,2016-02-14,First Class,JS-15880,John Stevenson,Consumer,United States,Atlanta,Georgia,30318,South,OFF-BI-10003274,Office Supplies,Binders,"Avery Durable Slant Ring Binders, No Labels",15.92,4,0.0,7.4824,-292
7199,US-2015-156797,2015-11-08,2015-08-15,Standard Class,PO-19180,Philisse Overcash,Home Office,United States,New York City,New York,10035,East,OFF-AR-10001427,Office Supplies,Art,Newell 330,11.96,2,0.0,3.1096,-85
7200,US-2015-156797,2015-11-08,2015-08-15,Standard Class,PO-19180,Philisse Overcash,Home Office,United States,New York City,New York,10035,East,TEC-PH-10004614,Technology,Phones,AT&T 841000 Phone,138.0,2,0.0,34.5,-85
7201,CA-2016-104276,2016-11-27,2016-03-12,Standard Class,HF-14995,Herbert Flentye,Consumer,United States,Fort Lauderdale,Florida,33311,South,TEC-PH-10001944,Technology,Phones,Wi-Ex zBoost YX540 Cellular Phone Signal Booster,116.76,1,0.2,14.595,-260
7202,CA-2016-104276,2016-11-27,2016-03-12,Standard Class,HF-14995,Herbert Flentye,Consumer,United States,Fort Lauderdale,Florida,33311,South,FUR-TA-10001039,Furniture,Tables,KI Adjustable-Height Table,331.023,7,0.45,-114.3534,-260
7205,CA-2015-136658,2015-10-09,2015-09-17,Standard Class,BO-11425,Bobby Odegard,Consumer,United States,New York City,New York,10024,East,OFF-AR-10000817,Office Supplies,Art,Manco Dry-Lighter Erasable Highlighter,6.08,2,0.0,2.0672,-22
7208,CA-2016-143476,2016-11-09,2016-09-13,First Class,LC-16930,Linda Cazamias,Corporate,United States,Phoenix,Arizona,85023,West,OFF-AR-10003759,Office Supplies,Art,"Crayola Anti Dust Chalk, 12/Pack",2.912,2,0.2,0.91,-57
7209,CA-2016-143476,2016-11-09,2016-09-13,First Class,LC-16930,Linda Cazamias,Corporate,United States,Phoenix,Arizona,85023,West,OFF-PA-10001837,Office Supplies,Paper,Xerox 1976,20.736,4,0.2,7.2576,-57
7210,CA-2016-143476,2016-11-09,2016-09-13,First Class,LC-16930,Linda Cazamias,Corporate,United States,Phoenix,Arizona,85023,West,OFF-PA-10001667,Office Supplies,Paper,Great White Multi-Use Recycled Paper (20Lb. and 84 Bright),9.568,2,0.2,2.99,-57
7221,CA-2017-154760,2017-09-01,2017-01-13,Standard Class,BP-11290,Beth Paige,Consumer,United States,Philadelphia,Pennsylvania,19140,East,OFF-BI-10004632,Office Supplies,Binders,Ibico Hi-Tech Manual Binding System,274.491,3,0.7,-228.7425,-231
7246,CA-2017-145807,2017-09-02,2017-02-13,Standard Class,SB-20170,Sarah Bern,Consumer,United States,Los Angeles,California,90032,West,OFF-ST-10001370,Office Supplies,Storage,Sensible Storage WireTech Storage Systems,354.9,5,0.0,17.745,-201
7252,CA-2016-116764,2016-08-27,2016-02-09,Standard Class,EM-13825,Elizabeth Moffitt,Corporate,United States,Hollywood,Florida,33021,South,OFF-LA-10002473,Office Supplies,Labels,Avery 484,9.216,4,0.2,3.3408,-200
7253,CA-2016-152457,2016-12-09,2016-09-18,Standard Class,SC-20695,Steve Chapman,Corporate,United States,Roseville,Michigan,48066,Central,OFF-PA-10003790,Office Supplies,Paper,Xerox 1991,68.52,3,0.0,31.5192,-82
7254,CA-2016-152730,2016-05-30,2016-04-06,Standard Class,EM-14140,Eugene Moren,Home Office,United States,Superior,Wisconsin,54880,Central,OFF-AP-10002684,Office Supplies,Appliances,"Acco 7-Outlet Masterpiece Power Center, Wihtout Fax/Phone Line Protection",364.74,3,0.0,109.422,-54
7255,CA-2016-152730,2016-05-30,2016-04-06,Standard Class,EM-14140,Eugene Moren,Home Office,United States,Superior,Wisconsin,54880,Central,FUR-FU-10001037,Furniture,Furnishings,"DAX Charcoal/Nickel-Tone Document Frame, 5 x 7",47.4,5,0.0,21.33,-54
7256,CA-2016-152730,2016-05-30,2016-04-06,Standard Class,EM-14140,Eugene Moren,Home Office,United States,Superior,Wisconsin,54880,Central,OFF-ST-10000876,Office Supplies,Storage,Eldon Simplefile Box Office,49.76,4,0.0,13.9328,-54
7257,CA-2016-152730,2016-05-30,2016-04-06,Standard Class,EM-14140,Eugene Moren,Home Office,United States,Superior,Wisconsin,54880,Central,OFF-AR-10003732,Office Supplies,Art,Newell 333,5.56,2,0.0,1.4456,-54
7258,CA-2016-152730,2016-05-30,2016-04-06,Standard Class,EM-14140,Eugene Moren,Home Office,United States,Superior,Wisconsin,54880,Central,OFF-PA-10000994,Office Supplies,Paper,Xerox 1915,629.1,6,0.0,301.968,-54
7259,CA-2016-152730,2016-05-30,2016-04-06,Standard Class,EM-14140,Eugene Moren,Home Office,United States,Superior,Wisconsin,54880,Central,OFF-AR-10000940,Office Supplies,Art,Newell 343,14.7,5,0.0,3.969,-54
7260,CA-2016-152730,2016-05-30,2016-04-06,Standard Class,EM-14140,Eugene Moren,Home Office,United States,Superior,Wisconsin,54880,Central,OFF-PA-10004888,Office Supplies,Paper,Xerox 217,45.36,7,0.0,21.7728,-54
7261,CA-2016-152730,2016-05-30,2016-04-06,Standard Class,EM-14140,Eugene Moren,Home Office,United States,Superior,Wisconsin,54880,Central,TEC-PH-10000441,Technology,Phones,VTech DS6151,125.99,1,0.0,35.2772,-54
7262,CA-2017-137001,2017-10-06,2017-06-13,Second Class,GZ-14545,George Zrebassa,Corporate,United States,Thousand Oaks,California,91360,West,OFF-AR-10001231,Office Supplies,Art,"Sanford EarthWrite Recycled Pencils, Medium Soft, #2",14.7,7,0.0,4.116,-115
7298,CA-2015-101126,2015-10-02,2015-02-14,Second Class,NB-18655,Nona Balk,Corporate,United States,Philadelphia,Pennsylvania,19143,East,OFF-ST-10000943,Office Supplies,Storage,Eldon ProFile File 'N Store Portable File Tub Letter/Legal Size Black,77.24,5,0.2,7.724,-230
7306,CA-2014-137274,2014-03-29,2014-02-04,Standard Class,MG-18145,Mike Gockenbach,Consumer,United States,Plano,Texas,75023,Central,FUR-TA-10001889,Furniture,Tables,Bush Advantage Collection Racetrack Conference Table,890.841,3,0.3,-152.7156,-53
7310,CA-2017-112172,2017-10-06,2017-06-14,Second Class,MM-18280,Muhammed MacIntyre,Corporate,United States,New York City,New York,10024,East,OFF-FA-10004395,Office Supplies,Fasteners,Plymouth Boxed Rubber Bands by Plymouth,14.13,3,0.0,0.7065,-114
7311,CA-2015-121699,2015-10-08,2015-08-14,Standard Class,BD-11320,Bill Donatelli,Consumer,United States,Detroit,Michigan,48227,Central,OFF-BI-10004632,Office Supplies,Binders,GBC Binding covers,64.75,5,0.0,29.1375,-55
7315,CA-2016-121377,2016-05-28,2016-02-06,Standard Class,TN-21040,Tanja Norvell,Home Office,United States,Park Ridge,Illinois,60068,Central,TEC-PH-10001817,Technology,Phones,Wilson Electronics DB Pro Signal Booster,286.4,1,0.2,25.06,-112
7316,CA-2017-115322,2017-11-05,2017-05-16,Second Class,ZC-21910,Zuschuss Carroll,Consumer,United States,New York City,New York,10024,East,OFF-AR-10004456,Office Supplies,Art,Panasonic KP-4ABK Battery-Operated Pencil Sharpener,43.92,3,0.0,12.7368,-173
7331,CA-2016-149349,2016-12-11,2016-11-13,First Class,SP-20650,Stephanie Phelps,Corporate,United States,Chicago,Illinois,60623,Central,FUR-FU-10001037,Furniture,Furnishings,"DAX Charcoal/Nickel-Tone Document Frame, 5 x 7",22.752,6,0.6,-8.532,-28
7334,CA-2015-125563,2015-11-04,2015-04-17,Standard Class,PR-18880,Patrick Ryan,Consumer,United States,Tampa,Florida,33614,South,FUR-FU-10001290,Furniture,Furnishings,Executive Impressions Supervisor Wall Clock,67.36,2,0.2,10.104,-201
7335,CA-2015-125563,2015-11-04,2015-04-17,Standard Class,PR-18880,Patrick Ryan,Consumer,United States,Tampa,Florida,33614,South,FUR-FU-10000087,Furniture,Furnishings,"Executive Impressions 14"" Two-Color Numerals Wall Clock",54.528,3,0.2,14.3136,-201
7341,CA-2014-116190,2014-07-26,2014-01-08,Standard Class,SG-20470,Sheri Gordon,Consumer,United States,Atlanta,Georgia,30318,South,FUR-CH-10000553,Furniture,Chairs,"Metal Folding Chairs, Beige, 4/Carton",67.88,2,0.0,18.3276,-199
7342,CA-2014-116190,2014-07-26,2014-01-08,Standard Class,SG-20470,Sheri Gordon,Consumer,United States,Atlanta,Georgia,30318,South,OFF-LA-10002762,Office Supplies,Labels,Avery 485,162.89,13,0.0,76.5583,-199
7343,CA-2014-116190,2014-07-26,2014-01-08,Standard Class,SG-20470,Sheri Gordon,Consumer,United States,Atlanta,Georgia,30318,South,FUR-FU-10000719,Furniture,Furnishings,"DAX Cubicle Frames, 8-1/2 x 11",25.71,3,0.0,9.2556,-199
7355,CA-2017-154102,2017-06-02,2017-02-13,Standard Class,SN-20560,Skye Norling,Home Office,United States,San Francisco,California,94109,West,OFF-PA-10001593,Office Supplies,Paper,Xerox 1947,29.9,5,0.0,13.455,-109
7361,CA-2016-163594,2016-12-04,2016-04-14,First Class,JF-15295,Jason Fortune-,Consumer,United States,Los Angeles,California,90036,West,OFF-PA-10000809,Office Supplies,Paper,Xerox 206,19.44,3,0.0,9.3312,-234
7362,CA-2016-163594,2016-12-04,2016-04-14,First Class,JF-15295,Jason Fortune-,Consumer,United States,Los Angeles,California,90036,West,FUR-CH-10000225,Furniture,Chairs,"Global Geo Office Task Chair, Gray",194.352,3,0.2,-36.441,-234
7363,CA-2016-163594,2016-12-04,2016-04-14,First Class,JF-15295,Jason Fortune-,Consumer,United States,Los Angeles,California,90036,West,OFF-BI-10003707,Office Supplies,Binders,Aluminum Screw Posts,36.624,3,0.2,13.734,-234
7364,CA-2016-127243,2016-11-28,2016-04-12,Standard Class,DS-13180,David Smith,Corporate,United States,Philadelphia,Pennsylvania,19140,East,TEC-PH-10004539,Technology,Phones,Wireless Extenders zBoost YX545 SOHO Signal Booster,340.182,3,0.4,-73.7061,-230
7365,CA-2016-127243,2016-11-28,2016-04-12,Standard Class,DS-13180,David Smith,Corporate,United States,Philadelphia,Pennsylvania,19140,East,OFF-FA-10004076,Office Supplies,Fasteners,Translucent Push Pins by OIC,12.672,8,0.2,2.6928,-230
7366,CA-2016-127243,2016-11-28,2016-04-12,Standard Class,DS-13180,David Smith,Corporate,United States,Philadelphia,Pennsylvania,19140,East,OFF-BI-10003166,Office Supplies,Binders,GBC Plasticlear Binding Covers,6.888,2,0.7,-5.0512,-230
7367,CA-2016-127243,2016-11-28,2016-04-12,Standard Class,DS-13180,David Smith,Corporate,United States,Philadelphia,Pennsylvania,19140,East,OFF-ST-10002301,Office Supplies,Storage,Tennsco Commercial Shelving,32.544,2,0.2,-7.7292,-230
7368,CA-2016-127243,2016-11-28,2016-04-12,Standard Class,DS-13180,David Smith,Corporate,United States,Philadelphia,Pennsylvania,19140,East,FUR-CH-10002647,Furniture,Chairs,"Situations Contoured Folding Chairs, 4/Set",347.802,7,0.3,-24.843,-230
7371,CA-2014-107769,2014-10-28,2014-01-11,Standard Class,BT-11395,Bill Tyler,Corporate,United States,Garden City,Kansas,67846,Central,TEC-PH-10001336,Technology,Phones,Digium D40 VoIP phone,257.98,2,0.0,74.8142,-290
7390,CA-2017-108035,2017-11-29,2017-03-12,Standard Class,TT-21070,Ted Trevino,Consumer,United States,Chattanooga,Tennessee,37421,South,FUR-CH-10000454,Furniture,Chairs,"Hon Deluxe Fabric Upholstered Stacking Chairs, Rounded Back",390.368,2,0.2,48.796,-262
7391,CA-2017-108035,2017-11-29,2017-03-12,Standard Class,TT-21070,Ted Trevino,Consumer,United States,Chattanooga,Tennessee,37421,South,FUR-FU-10004017,Furniture,Furnishings,"Executive Impressions 13"" Chairman Wall Clock",101.52,5,0.2,19.035,-262
7399,CA-2014-124807,2014-12-07,2014-07-15,Second Class,ME-17725,Max Engle,Consumer,United States,Chicago,Illinois,60610,Central,OFF-PA-10001526,Office Supplies,Paper,Xerox 1949,35.856,9,0.2,12.9978,-145
7400,CA-2014-124807,2014-12-07,2014-07-15,Second Class,ME-17725,Max Engle,Consumer,United States,Chicago,Illinois,60610,Central,TEC-AC-10002857,Technology,Accessories,"Verbatim 25 GB 6x Blu-ray Single Layer Recordable Disc, 1/Pack",23.84,4,0.2,3.278,-145
7412,CA-2017-121125,2017-05-30,2017-03-06,Standard Class,MG-17890,Michael Granlund,Home Office,United States,Tigard,Oregon,97224,West,TEC-PH-10001619,Technology,Phones,LG G3,156.792,1,0.2,17.6391,-85
7413,CA-2017-121125,2017-05-30,2017-03-06,Standard Class,MG-17890,Michael Granlund,Home Office,United States,Tigard,Oregon,97224,West,TEC-AC-10002323,Technology,Accessories,SanDisk Ultra 32 GB MicroSDHC Class 10 Memory Card,35.36,2,0.2,-3.094,-85
7414,CA-2017-121125,2017-05-30,2017-03-06,Standard Class,MG-17890,Michael Granlund,Home Office,United States,Tigard,Oregon,97224,West,FUR-FU-10000820,Furniture,Furnishings,Tensor Brushed Steel Torchiere Floor Lamp,13.592,1,0.2,-0.3398,-85
7424,CA-2017-135069,2017-10-04,2017-04-14,Standard Class,BS-11755,Bruce Stewart,Consumer,United States,Philadelphia,Pennsylvania,19143,East,OFF-AP-10000026,Office Supplies,Appliances,Tripp Lite Isotel 6 Outlet Surge Protector with Fax/Modem Protection,195.104,4,0.2,21.9492,-173
7425,CA-2017-135069,2017-10-04,2017-04-14,Standard Class,BS-11755,Bruce Stewart,Consumer,United States,Philadelphia,Pennsylvania,19143,East,FUR-FU-10003878,Furniture,Furnishings,"Linden 10"" Round Wall Clock, Black",36.672,3,0.2,6.4176,-173
7433,CA-2014-161249,2014-09-08,2014-08-13,Standard Class,RD-19720,Roger Demir,Consumer,United States,Phoenix,Arizona,85023,West,OFF-FA-10004838,Office Supplies,Fasteners,"Super Bands, 12/Pack",4.464,3,0.2,-0.9486,-26
7434,CA-2014-161249,2014-09-08,2014-08-13,Standard Class,RD-19720,Roger Demir,Consumer,United States,Phoenix,Arizona,85023,West,OFF-BI-10001097,Office Supplies,Binders,Avery Hole Reinforcements,9.345,5,0.7,-6.5415,-26
7454,CA-2017-134796,2017-06-25,2017-01-07,Standard Class,FM-14380,Fred McMath,Consumer,United States,Bolingbrook,Illinois,60440,Central,TEC-PH-10003505,Technology,Phones,Geemarc AmpliPOWER60,148.48,2,0.2,16.704,-169
7455,CA-2016-137743,2016-07-30,2016-04-08,Standard Class,KH-16360,Katherine Hughes,Consumer,United States,Chicago,Illinois,60623,Central,OFF-LA-10003663,Office Supplies,Labels,Avery 498,9.248,4,0.2,3.1212,-113
7456,CA-2016-137743,2016-07-30,2016-04-08,Standard Class,KH-16360,Katherine Hughes,Consumer,United States,Chicago,Illinois,60623,Central,OFF-ST-10001780,Office Supplies,Storage,Tennsco 16-Compartment Lockers with Coat Rack,1036.624,2,0.2,51.8312,-113
7461,US-2015-136987,2015-11-04,2015-04-14,Second Class,AR-10540,Andy Reiter,Consumer,United States,Los Angeles,California,90004,West,TEC-CO-10001943,Technology,Copiers,Canon PC-428 Personal Copier,639.968,4,0.2,215.9892,-204
7462,US-2015-136987,2015-11-04,2015-04-14,Second Class,AR-10540,Andy Reiter,Consumer,United States,Los Angeles,California,90004,West,OFF-PA-10003127,Office Supplies,Paper,Easy-staple paper,52.76,2,0.0,24.2696,-204
7463,CA-2015-138485,2015-02-27,2015-01-03,Second Class,NP-18670,Nora Paige,Consumer,United States,Seattle,Washington,98105,West,TEC-AC-10002076,Technology,Accessories,Microsoft Natural Keyboard Elite,538.92,9,0.0,80.838,-55
7474,CA-2016-109652,2016-10-04,2016-04-15,Standard Class,QJ-19255,Quincy Jones,Corporate,United States,Chicago,Illinois,60653,Central,OFF-AR-10000034,Office Supplies,Art,"BIC Brite Liner Grip Highlighters, Assorted, 5/Pack",13.568,4,0.2,3.2224,-172
7491,CA-2015-108672,2015-10-09,2015-09-16,Standard Class,FA-14230,Frank Atkinson,Corporate,United States,Los Angeles,California,90032,West,FUR-FU-10003799,Furniture,Furnishings,"Seth Thomas 13 1/2"" Wall Clock",106.68,6,0.0,33.0708,-23
7493,US-2017-160836,2017-11-09,2017-09-16,Standard Class,CC-12475,Cindy Chapman,Consumer,United States,Houston,Texas,77070,Central,OFF-PA-10004239,Office Supplies,Paper,Xerox 1953,10.272,3,0.2,3.21,-54
7494,US-2017-160836,2017-11-09,2017-09-16,Standard Class,CC-12475,Cindy Chapman,Consumer,United States,Houston,Texas,77070,Central,FUR-TA-10002855,Furniture,Tables,Bevis Round Conference Table Top & Single Column Base,512.19,5,0.3,-65.853,-54
7495,US-2017-160836,2017-11-09,2017-09-16,Standard Class,CC-12475,Cindy Chapman,Consumer,United States,Houston,Texas,77070,Central,OFF-AP-10001626,Office Supplies,Appliances,"Commercial WindTunnel Clean Air Upright Vacuum, Replacement Belts, Filtration Bags",1.556,2,0.8,-4.2012,-54
7506,US-2017-106579,2017-08-06,2017-06-13,Standard Class,BW-11200,Ben Wallace,Consumer,United States,Skokie,Illinois,60076,Central,OFF-BI-10000309,Office Supplies,Binders,"GBC Twin Loop Wire Binding Elements, 9/16"" Spine, Black",12.176,4,0.8,-18.8728,-54
7525,CA-2014-125731,2014-10-09,2014-09-16,Standard Class,CL-12565,Clay Ludtke,Consumer,United States,Gresham,Oregon,97030,West,OFF-EN-10003072,Office Supplies,Envelopes,Peel & Seel Envelopes,21.728,7,0.2,7.6048,-23
7526,CA-2014-125731,2014-10-09,2014-09-16,Standard Class,CL-12565,Clay Ludtke,Consumer,United States,Gresham,Oregon,97030,West,FUR-CH-10003973,Furniture,Chairs,GuestStacker Chair with Chrome Finish Legs,1487.04,5,0.2,148.704,-23
7534,US-2017-134642,2017-02-25,2017-01-03,Standard Class,SW-20245,Scot Wooten,Consumer,United States,Greenville,North Carolina,27834,South,FUR-CH-10002880,Furniture,Chairs,"Global High-Back Leather Tilter, Burgundy",196.784,2,0.2,-22.1382,-53
7535,US-2017-134642,2017-02-25,2017-01-03,Standard Class,SW-20245,Scot Wooten,Consumer,United States,Greenville,North Carolina,27834,South,FUR-BO-10004709,Furniture,Bookcases,"Bush Westfield Collection Bookcases, Medium Cherry Finish",231.92,5,0.2,5.798,-53
7555,CA-2014-114181,2014-10-05,2014-05-14,Second Class,AF-10885,Art Foster,Consumer,United States,Philadelphia,Pennsylvania,19134,East,FUR-BO-10004467,Furniture,Bookcases,Bestar Classic Bookcase,349.965,7,0.5,-216.9783,-144
7556,CA-2014-114181,2014-10-05,2014-05-14,Second Class,AF-10885,Art Foster,Consumer,United States,Philadelphia,Pennsylvania,19134,East,OFF-AR-10000716,Office Supplies,Art,DIXON Ticonderoga Erasable Checking Pencils,22.32,5,0.2,5.301,-144
7557,CA-2017-159506,2017-11-27,2017-02-12,Standard Class,JR-16210,Justin Ritter,Corporate,United States,Columbus,Indiana,47201,Central,OFF-PA-10003641,Office Supplies,Paper,Xerox 1909,158.28,6,0.0,72.8088,-288
7558,CA-2017-159506,2017-11-27,2017-02-12,Standard Class,JR-16210,Justin Ritter,Corporate,United States,Columbus,Indiana,47201,Central,OFF-BI-10004519,Office Supplies,Binders,GBC DocuBind P100 Manual Binding Machine,497.94,3,0.0,224.073,-288
7565,US-2016-166660,2016-01-30,2016-01-02,Second Class,TB-21250,Tim Brockman,Consumer,United States,Seattle,Washington,98103,West,FUR-CH-10001190,Furniture,Chairs,Global Deluxe High-Back Office Chair in Storm,435.168,4,0.2,-59.8356,-28
7566,US-2016-166660,2016-01-30,2016-01-02,Second Class,TB-21250,Tim Brockman,Consumer,United States,Seattle,Washington,98103,West,FUR-BO-10000468,Furniture,Bookcases,O'Sullivan 2-Shelf Heavy-Duty Bookcases,48.58,1,0.0,7.7728,-28
7616,CA-2014-148425,2014-11-30,2014-04-12,Standard Class,RF-19345,Randy Ferguson,Corporate,United States,Orlando,Florida,32839,South,OFF-BI-10000201,Office Supplies,Binders,"Avery Triangle Shaped Sheet Lifters, Black, 2/Pack",6.642,9,0.7,-4.428,-232
7630,CA-2014-162089,2014-03-30,2014-01-04,First Class,MP-17470,Mark Packer,Home Office,United States,Brownsville,Texas,78521,Central,OFF-EN-10002230,Office Supplies,Envelopes,Airmail Envelopes,335.72,5,0.2,113.3055,-85
7631,CA-2014-162089,2014-03-30,2014-01-04,First Class,MP-17470,Mark Packer,Home Office,United States,Brownsville,Texas,78521,Central,TEC-PH-10001819,Technology,Phones,Innergie mMini Combo Duo USB Travel Charging Kit,251.944,7,0.2,88.1804,-85
7632,CA-2014-162089,2014-03-30,2014-01-04,First Class,MP-17470,Mark Packer,Home Office,United States,Brownsville,Texas,78521,Central,FUR-CH-10002304,Furniture,Chairs,"Global Stack Chair without Arms, Black",127.302,7,0.3,-9.093,-85
7655,CA-2015-107685,2015-11-30,2015-02-12,Second Class,JM-15865,John Murray,Consumer,United States,Las Vegas,Nevada,89115,West,FUR-FU-10002813,Furniture,Furnishings,"DAX Contemporary Wood Frame with Silver Metal Mat, Desktop, 11 x 14 Size",80.96,4,0.0,29.1456,-291
7656,CA-2015-107685,2015-11-30,2015-02-12,Second Class,JM-15865,John Murray,Consumer,United States,Las Vegas,Nevada,89115,West,OFF-PA-10003848,Office Supplies,Paper,Xerox 1997,25.92,4,0.0,12.4416,-291
7659,CA-2017-155740,2017-07-30,2017-02-08,First Class,TC-21475,Tony Chapman,Home Office,United States,Lakewood,Ohio,44107,East,OFF-BI-10001071,Office Supplies,Binders,GBC ProClick Punch Binding System,76.776,4,0.7,-53.7432,-172
7663,US-2017-141509,2017-09-29,2017-01-10,First Class,SC-20575,Sonia Cooley,Consumer,United States,Los Angeles,California,90036,West,OFF-AR-10002067,Office Supplies,Art,Newell 334,99.2,5,0.0,25.792,-262
7683,CA-2015-120782,2015-04-28,2015-01-05,First Class,SD-20485,Shirley Daniels,Home Office,United States,Midland,Michigan,48640,Central,OFF-AP-10003779,Office Supplies,Appliances,Kensington 7 Outlet MasterPiece Power Center with Fax/Phone Line Protection,186.732,1,0.1,41.496,-113
7684,CA-2015-120782,2015-04-28,2015-01-05,First Class,SD-20485,Shirley Daniels,Home Office,United States,Midland,Michigan,48640,Central,OFF-BI-10003527,Office Supplies,Binders,Fellowes PB500 Electric Punch Plastic Comb Binding Machine with Manual Bind,3812.97,3,0.0,1906.485,-113
7703,CA-2016-114601,2016-08-26,2016-02-09,Standard Class,AA-10480,Andrew Allen,Consumer,United States,Detroit,Michigan,48234,Central,OFF-PA-10000605,Office Supplies,Paper,Xerox 1950,11.56,2,0.0,5.6644,-199
7704,CA-2016-114601,2016-08-26,2016-02-09,Standard Class,AA-10480,Andrew Allen,Consumer,United States,Detroit,Michigan,48234,Central,TEC-PH-10002170,Technology,Phones,ClearSounds CSC500 Amplified Spirit Phone Corded phone,209.97,3,0.0,58.7916,-199
7705,CA-2016-114601,2016-08-26,2016-02-09,Standard Class,AA-10480,Andrew Allen,Consumer,United States,Detroit,Michigan,48234,Central,FUR-TA-10004147,Furniture,Tables,Hon 4060 Series Tables,447.84,4,0.0,98.5248,-199
7706,CA-2016-114601,2016-08-26,2016-02-09,Standard Class,AA-10480,Andrew Allen,Consumer,United States,Detroit,Michigan,48234,Central,TEC-AC-10003911,Technology,Accessories,NETGEAR AC1750 Dual Band Gigabit Smart WiFi Router,479.97,3,0.0,163.1898,-199
7707,CA-2016-114601,2016-08-26,2016-02-09,Standard Class,AA-10480,Andrew Allen,Consumer,United States,Detroit,Michigan,48234,Central,OFF-AR-10002578,Office Supplies,Art,Newell 335,8.64,3,0.0,2.5056,-199
7724,CA-2015-139374,2015-10-09,2015-09-14,Standard Class,AR-10345,Alex Russell,Corporate,United States,Austin,Texas,78745,Central,FUR-CH-10003981,Furniture,Chairs,Global Commerce Series Low-Back Swivel/Tilt Chairs,179.886,1,0.3,-2.5698,-25
7729,CA-2016-106915,2016-11-26,2016-02-12,Standard Class,GA-14515,George Ashbrook,Consumer,United States,El Paso,Texas,79907,Central,OFF-AR-10000716,Office Supplies,Art,DIXON Ticonderoga Erasable Checking Pencils,17.856,4,0.2,4.2408,-288
7730,US-2016-109260,2016-09-26,2016-01-10,Standard Class,TN-21040,Tanja Norvell,Home Office,United States,Tallahassee,Florida,32303,South,TEC-AC-10002637,Technology,Accessories,Logitech VX Revolution Cordless Laser Mouse for Notebooks (Black),431.976,3,0.2,-75.5958,-260
7739,CA-2017-141103,2017-07-30,2017-06-08,Standard Class,JF-15355,Jay Fein,Consumer,United States,Baltimore,Maryland,21215,East,TEC-PH-10003589,Technology,Phones,invisibleSHIELD by ZAGG Smudge-Free Screen Protector,89.95,5,0.0,43.176,-52
7748,CA-2015-156153,2015-05-31,2015-02-06,Second Class,CW-11905,Carl Weiss,Home Office,United States,Long Beach,New York,11561,East,OFF-FA-10003472,Office Supplies,Fasteners,Bagged Rubber Bands,7.56,6,0.0,0.3024,-114
7754,CA-2015-158323,2015-11-30,2015-03-12,First Class,AB-10600,Ann Blume,Corporate,United States,Jacksonville,North Carolina,28540,South,FUR-FU-10001546,Furniture,Furnishings,Dana Swing-Arm Lamps,17.088,2,0.2,1.068,-263
7769,CA-2017-154088,2017-12-11,2017-11-17,Standard Class,LB-16735,Larry Blacks,Consumer,United States,Tallahassee,Florida,32303,South,OFF-PA-10003651,Office Supplies,Paper,Xerox 1968,26.72,5,0.2,9.352,-24
7772,CA-2016-108196,2016-11-25,2016-02-12,Standard Class,CS-12505,Cindy Stewart,Consumer,United States,Lancaster,Ohio,43130,East,OFF-BI-10000545,Office Supplies,Binders,GBC Ibimaster 500 Manual ProClick Binding System,456.588,2,0.7,-304.392,-287
7773,CA-2016-108196,2016-11-25,2016-02-12,Standard Class,CS-12505,Cindy Stewart,Consumer,United States,Lancaster,Ohio,43130,East,TEC-MA-10000418,Technology,Machines,Cubify CubeX 3D Printer Double Head Print,4499.985,5,0.7,-6599.978,-287
7774,CA-2016-108196,2016-11-25,2016-02-12,Standard Class,CS-12505,Cindy Stewart,Consumer,United States,Lancaster,Ohio,43130,East,TEC-AC-10000926,Technology,Accessories,NETGEAR RangeMax WNR1000 Wireless Router,59.976,3,0.2,11.9952,-287
7786,US-2014-111353,2014-11-29,2014-06-12,Standard Class,PB-19150,Philip Brown,Consumer,United States,New York City,New York,10009,East,OFF-LA-10002762,Office Supplies,Labels,Avery 485,25.06,2,0.0,11.7782,-170
7793,CA-2017-169362,2017-12-10,2017-10-15,First Class,SP-20860,Sung Pak,Corporate,United States,Dallas,Texas,75217,Central,TEC-AC-10001383,Technology,Accessories,Logitech Wireless Touch Keyboard K400,39.984,2,0.2,-1.4994,-56
7796,CA-2015-112711,2015-12-07,2015-07-18,Standard Class,FM-14380,Fred McMath,Consumer,United States,Amarillo,Texas,79109,Central,TEC-PH-10000526,Technology,Phones,Vtech CS6719,307.168,4,0.2,30.7168,-142
7808,US-2016-137295,2016-08-01,2016-01-13,Standard Class,VS-21820,Vivek Sundaresam,Consumer,United States,Raleigh,North Carolina,27604,South,OFF-BI-10004236,Office Supplies,Binders,"XtraLife ClearVue Slant-D Ring Binder, White, 3""",30.828,7,0.7,-24.6624,-201
7809,US-2016-137295,2016-08-01,2016-01-13,Standard Class,VS-21820,Vivek Sundaresam,Consumer,United States,Raleigh,North Carolina,27604,South,OFF-AR-10001955,Office Supplies,Art,Newell 319,47.616,3,0.2,5.952,-201
7810,US-2016-137295,2016-08-01,2016-01-13,Standard Class,VS-21820,Vivek Sundaresam,Consumer,United States,Raleigh,North Carolina,27604,South,TEC-PH-10004080,Technology,Phones,Avaya 5410 Digital phone,108.784,2,0.2,10.8784,-201
7823,US-2014-115413,2014-08-26,2014-01-09,Standard Class,PP-18955,Paul Prost,Home Office,United States,Newark,Delaware,19711,East,OFF-AR-10003770,Office Supplies,Art,Newell 340,8.64,3,0.0,2.5056,-229
7824,US-2014-115413,2014-08-26,2014-01-09,Standard Class,PP-18955,Paul Prost,Home Office,United States,Newark,Delaware,19711,East,TEC-AC-10002800,Technology,Accessories,Plantronics Audio 478 Stereo USB Headset,149.97,3,0.0,52.4895,-229
7827,CA-2017-117114,2017-10-31,2017-05-11,Standard Class,CY-12745,Craig Yedwab,Corporate,United States,Chicago,Illinois,60610,Central,TEC-PH-10004042,Technology,Phones,ClearOne Communications CHAT 70 OC Speaker Phone,508.768,4,0.2,38.1576,-173
7828,CA-2017-117114,2017-10-31,2017-05-11,Standard Class,CY-12745,Craig Yedwab,Corporate,United States,Chicago,Illinois,60610,Central,OFF-EN-10001137,Office Supplies,Envelopes,"#10 Gummed Flap White Envelopes, 100/Box",9.912,3,0.2,3.2214,-173
7829,CA-2015-137302,2015-04-26,2015-01-05,Standard Class,BW-11110,Bart Watters,Corporate,United States,San Diego,California,92105,West,FUR-CH-10002017,Furniture,Chairs,SAFCO Optional Arm Kit for Workspace Cribbage Stacking Chair,63.936,3,0.2,6.3936,-111
7830,CA-2015-137302,2015-04-26,2015-01-05,Standard Class,BW-11110,Bart Watters,Corporate,United States,San Diego,California,92105,West,OFF-AR-10000588,Office Supplies,Art,Newell 345,59.52,3,0.0,15.4752,-111
7831,CA-2015-137302,2015-04-26,2015-01-05,Standard Class,BW-11110,Bart Watters,Corporate,United States,San Diego,California,92105,West,TEC-PH-10003174,Technology,Phones,RCA ViSYS 25825 Wireless digital phone,311.976,3,0.2,38.997,-111
7832,CA-2015-137302,2015-04-26,2015-01-05,Standard Class,BW-11110,Bart Watters,Corporate,United States,San Diego,California,92105,West,OFF-BI-10001524,Office Supplies,Binders,GBC Premium Transparent Covers with Diagonal Lined Pattern,50.352,3,0.2,17.6232,-111
7833,CA-2016-112382,2016-09-05,2016-05-13,Standard Class,MB-18085,Mick Brown,Consumer,United States,Houston,Texas,77036,Central,TEC-PH-10001552,Technology,Phones,I Need's 3d Hello Kitty Hybrid Silicone Case Cover for HTC One X 4g with 3d Hello Kitty Stylus Pen Green/pink,19.136,2,0.2,1.9136,-115
7840,US-2014-137869,2014-03-28,2014-02-04,Standard Class,CV-12295,Christina VanderZanden,Consumer,United States,Des Moines,Iowa,50315,Central,OFF-EN-10001509,Office Supplies,Envelopes,Poly String Tie Envelopes,6.12,3,0.0,2.8764,-52
7841,US-2014-137869,2014-03-28,2014-02-04,Standard Class,CV-12295,Christina VanderZanden,Consumer,United States,Des Moines,Iowa,50315,Central,FUR-TA-10003954,Furniture,Tables,Hon 94000 Series Round Tables,1184.72,4,0.0,106.6248,-52
7846,CA-2015-125976,2015-09-27,2015-02-10,Standard Class,JK-15205,Jamie Kunitz,Consumer,United States,Arlington,Virginia,22204,South,OFF-PA-10001125,Office Supplies,Paper,Xerox 1988,154.9,5,0.0,69.705,-229
7847,CA-2015-125976,2015-09-27,2015-02-10,Standard Class,JK-15205,Jamie Kunitz,Consumer,United States,Arlington,Virginia,22204,South,TEC-PH-10002496,Technology,Phones,Cisco SPA301,1871.88,12,0.0,561.564,-229
7848,CA-2016-128706,2016-02-27,2016-02-03,Standard Class,DW-13540,Don Weiss,Consumer,United States,Houston,Texas,77070,Central,FUR-FU-10004053,Furniture,Furnishings,DAX Two-Tone Silver Metal Document Frame,16.192,2,0.6,-6.8816,-24
7857,CA-2014-103429,2014-05-30,2014-01-06,First Class,LW-16825,Laurel Workman,Corporate,United States,New York City,New York,10024,East,OFF-BI-10004233,Office Supplies,Binders,"GBC Pre-Punched Binding Paper, Plastic, White, 8-1/2"" x 11""",25.584,2,0.2,8.9544,-144
7858,CA-2014-103429,2014-05-30,2014-01-06,First Class,LW-16825,Laurel Workman,Corporate,United States,New York City,New York,10024,East,TEC-PH-10003505,Technology,Phones,Geemarc AmpliPOWER60,464.0,5,0.0,134.56,-144
7859,CA-2014-103429,2014-05-30,2014-01-06,First Class,LW-16825,Laurel Workman,Corporate,United States,New York City,New York,10024,East,OFF-AP-10001005,Office Supplies,Appliances,Honeywell Quietcare HEPA Air Cleaner,235.95,3,0.0,77.8635,-144
7860,CA-2014-103429,2014-05-30,2014-01-06,First Class,LW-16825,Laurel Workman,Corporate,United States,New York City,New York,10024,East,OFF-PA-10001712,Office Supplies,Paper,Xerox 1948,39.96,4,0.0,17.982,-144
7862,CA-2015-142993,2015-12-10,2015-10-17,Standard Class,KA-16525,Kelly Andreada,Consumer,United States,Seattle,Washington,98103,West,TEC-AC-10003038,Technology,Accessories,Kingston Digital DataTraveler 16GB USB 2.0,17.9,2,0.0,3.401,-54
7863,CA-2015-142993,2015-12-10,2015-10-17,Standard Class,KA-16525,Kelly Andreada,Consumer,United States,Seattle,Washington,98103,West,OFF-ST-10000934,Office Supplies,Storage,"Contico 72""H Heavy-Duty Storage System",81.96,2,0.0,0.0,-54
7869,CA-2016-136994,2016-05-27,2016-02-06,Standard Class,LS-17245,Lynn Smith,Consumer,United States,Los Angeles,California,90045,West,OFF-PA-10000575,Office Supplies,Paper,"Wirebound Message Books, Four 2 3/4 x 5 White Forms per Page",13.38,2,0.0,6.1548,-111
7878,CA-2015-148705,2015-12-03,2015-03-18,Standard Class,EB-14170,Evan Bailliet,Consumer,United States,Charlotte,North Carolina,28205,South,OFF-LA-10001641,Office Supplies,Labels,Avery 518,5.04,2,0.2,1.764,-260
7879,CA-2016-160241,2016-11-29,2016-04-12,Second Class,DR-12940,Daniel Raglin,Home Office,United States,Aurora,Illinois,60505,Central,FUR-FU-10003806,Furniture,Furnishings,"Tenex Chairmat w/ Average Lip, 45"" x 53""",242.176,4,0.6,-302.72,-231
7908,CA-2016-112585,2016-07-30,2016-02-08,First Class,RW-19630,Rob Williams,Corporate,United States,San Francisco,California,94122,West,OFF-AP-10003849,Office Supplies,Appliances,Hoover Shoulder Vac Commercial Portable Vacuum,715.64,2,0.0,178.91,-173
7978,CA-2014-166051,2014-05-31,2014-05-06,Standard Class,JK-15625,Jim Karlsson,Consumer,United States,Jackson,Mississippi,39212,South,TEC-PH-10002680,Technology,Phones,Samsung Galaxy Note 3,659.97,3,0.0,197.991,-25
7979,CA-2014-166051,2014-05-31,2014-05-06,Standard Class,JK-15625,Jim Karlsson,Consumer,United States,Jackson,Mississippi,39212,South,TEC-PH-10002538,Technology,Phones,Grandstream GXP1160 VoIP phone,113.73,3,0.0,32.9817,-25
7982,CA-2014-113383,2014-10-09,2014-09-13,First Class,SF-20065,Sandra Flanagan,Consumer,United States,Clifton,New Jersey,7011,East,OFF-AP-10004532,Office Supplies,Appliances,Kensington 6 Outlet Guardian Standard Surge Protector,81.92,4,0.0,22.1184,-26
7983,CA-2014-113383,2014-10-09,2014-09-13,First Class,SF-20065,Sandra Flanagan,Consumer,United States,Clifton,New Jersey,7011,East,FUR-FU-10001986,Furniture,Furnishings,"Dana Fluorescent Magnifying Lamp, White, 36""",254.9,5,0.0,76.47,-26
8026,CA-2015-132465,2015-11-09,2015-09-15,Second Class,DM-13525,Don Miller,Corporate,United States,New York City,New York,10035,East,FUR-FU-10000277,Furniture,Furnishings,Deflect-o DuraMat Antistatic Studded Beveled Mat for Medium Pile Carpeting,210.68,2,0.0,50.5632,-55
8027,CA-2015-132465,2015-11-09,2015-09-15,Second Class,DM-13525,Don Miller,Corporate,United States,New York City,New York,10035,East,OFF-ST-10003641,Office Supplies,Storage,Space Solutions Industrial Galvanized Steel Shelving.,78.8,1,0.0,1.576,-55
8028,CA-2015-132465,2015-11-09,2015-09-15,Second Class,DM-13525,Don Miller,Corporate,United States,New York City,New York,10035,East,TEC-AC-10001998,Technology,Accessories,Logitech LS21 Speaker System - PC Multimedia - 2.1-CH - Wired,19.99,1,0.0,6.7966,-55
8029,CA-2015-132465,2015-11-09,2015-09-15,Second Class,DM-13525,Don Miller,Corporate,United States,New York City,New York,10035,East,OFF-ST-10001932,Office Supplies,Storage,Fellowes Staxonsteel Drawer Files,772.68,4,0.0,108.1752,-55
8038,CA-2017-169012,2017-10-07,2017-07-14,Standard Class,BF-11275,Beth Fritzler,Corporate,United States,Columbus,Georgia,31907,South,OFF-AP-10003278,Office Supplies,Appliances,Belkin 7-Outlet SurgeMaster Home Series,41.91,3,0.0,10.8966,-85
8039,CA-2017-109393,2017-06-30,2017-02-07,Second Class,JC-15775,John Castell,Consumer,United States,Los Angeles,California,90032,West,FUR-BO-10003966,Furniture,Bookcases,"Sauder Facets Collection Library, Sky Alder Finish",435.999,3,0.15,5.1294,-143
8043,US-2017-133081,2017-11-03,2017-03-15,Standard Class,PV-18985,Paul Van Hugh,Home Office,United States,Cambridge,Massachusetts,2138,East,TEC-AC-10001772,Technology,Accessories,Memorex Mini Travel Drive 16 GB USB 2.0 Flash Drive,63.88,4,0.0,24.9132,-233
8044,US-2017-133081,2017-11-03,2017-03-15,Standard Class,PV-18985,Paul Van Hugh,Home Office,United States,Cambridge,Massachusetts,2138,East,FUR-FU-10001379,Furniture,Furnishings,"Executive Impressions 16-1/2"" Circular Wall Clock",26.72,1,0.0,11.7568,-233
8054,CA-2017-152205,2017-09-28,2017-05-10,Standard Class,SF-20965,Sylvia Foulston,Corporate,United States,Philadelphia,Pennsylvania,19134,East,OFF-BI-10004094,Office Supplies,Binders,GBC Standard Plastic Binding Systems Combs,2.655,1,0.7,-1.8585,-141
8055,CA-2015-121188,2015-08-28,2015-04-09,Standard Class,CB-12025,Cassandra Brandow,Consumer,United States,Los Angeles,California,90049,West,OFF-ST-10001490,Office Supplies,Storage,"Hot File 7-Pocket, Floor Stand",892.35,5,0.0,267.705,-141
8056,CA-2015-121188,2015-08-28,2015-04-09,Standard Class,CB-12025,Cassandra Brandow,Consumer,United States,Los Angeles,California,90049,West,FUR-BO-10004695,Furniture,Bookcases,O'Sullivan 2-Door Barrister Bookcase in Odessa Pine,307.666,2,0.15,28.9568,-141
8057,CA-2015-121188,2015-08-28,2015-04-09,Standard Class,CB-12025,Cassandra Brandow,Consumer,United States,Los Angeles,California,90049,West,OFF-ST-10000736,Office Supplies,Storage,Carina Double Wide Media Storage Towers in Natural & Black,728.82,9,0.0,29.1528,-141
8058,CA-2015-121188,2015-08-28,2015-04-09,Standard Class,CB-12025,Cassandra Brandow,Consumer,United States,Los Angeles,California,90049,West,OFF-BI-10001617,Office Supplies,Binders,GBC Wire Binding Combs,41.36,5,0.2,13.959,-141
8059,CA-2015-121188,2015-08-28,2015-04-09,Standard Class,CB-12025,Cassandra Brandow,Consumer,United States,Los Angeles,California,90049,West,TEC-PH-10003589,Technology,Phones,invisibleSHIELD by ZAGG Smudge-Free Screen Protector,43.176,3,0.2,15.1116,-141
8060,CA-2015-121188,2015-08-28,2015-04-09,Standard Class,CB-12025,Cassandra Brandow,Consumer,United States,Los Angeles,California,90049,West,FUR-FU-10003981,Furniture,Furnishings,Eldon Wave Desk Accessories,4.16,2,0.0,1.7472,-141
8081,CA-2015-150714,2015-10-26,2015-01-11,Standard Class,KH-16690,Kristen Hastings,Corporate,United States,Springfield,Oregon,97477,West,OFF-LA-10001474,Office Supplies,Labels,Avery 477,146.544,6,0.2,47.6268,-288
8082,CA-2015-150714,2015-10-26,2015-01-11,Standard Class,KH-16690,Kristen Hastings,Corporate,United States,Springfield,Oregon,97477,West,OFF-PA-10001497,Office Supplies,Paper,Xerox 1914,131.904,3,0.2,47.8152,-288
8083,CA-2015-150714,2015-10-26,2015-01-11,Standard Class,KH-16690,Kristen Hastings,Corporate,United States,Springfield,Oregon,97477,West,OFF-AP-10003287,Office Supplies,Appliances,Tripp Lite TLP810NET Broadband Surge for Modem/Fax,203.88,5,0.2,20.388,-288
8084,CA-2015-150714,2015-10-26,2015-01-11,Standard Class,KH-16690,Kristen Hastings,Corporate,United States,Springfield,Oregon,97477,West,OFF-BI-10002982,Office Supplies,Binders,Avery Self-Adhesive Photo Pockets for Polaroid Photos,14.301,7,0.7,-10.4874,-288
8085,CA-2015-150714,2015-10-26,2015-01-11,Standard Class,KH-16690,Kristen Hastings,Corporate,United States,Springfield,Oregon,97477,West,OFF-ST-10001809,Office Supplies,Storage,Fellowes Officeware Wire Shelving,718.64,10,0.2,-161.694,-288
8087,CA-2017-120894,2017-04-28,2017-02-05,Standard Class,JL-15130,Jack Lebron,Consumer,United States,Wilmington,North Carolina,28403,South,OFF-AP-10000252,Office Supplies,Appliances,Harmony HEPA Quiet Air Purifiers,28.08,3,0.2,5.265,-82
8088,CA-2016-106621,2016-09-29,2016-01-10,Second Class,DM-12955,Dario Medina,Corporate,United States,Yuma,Arizona,85364,West,OFF-AR-10002375,Office Supplies,Art,Newell 351,10.496,4,0.2,1.1808,-263
8089,CA-2015-107020,2015-10-07,2015-07-14,Standard Class,MV-18190,Mike Vittorini,Consumer,United States,San Bernardino,California,92404,West,OFF-BI-10003719,Office Supplies,Binders,Large Capacity Hanging Post Binders,39.92,2,0.2,12.974,-85
8094,CA-2017-133046,2017-07-27,2017-01-08,Second Class,DK-13375,Dennis Kane,Consumer,United States,Seattle,Washington,98115,West,FUR-FU-10001940,Furniture,Furnishings,Staple-based wall hangings,23.88,3,0.0,10.5072,-200
8095,CA-2017-133046,2017-07-27,2017-01-08,Second Class,DK-13375,Dennis Kane,Consumer,United States,Seattle,Washington,98115,West,OFF-PA-10003883,Office Supplies,Paper,"Message Book, Phone, Wirebound Standard Line Memo, 2 3/4"" X 5""",26.2,4,0.0,12.052,-200
8096,CA-2017-133046,2017-07-27,2017-01-08,Second Class,DK-13375,Dennis Kane,Consumer,United States,Seattle,Washington,98115,West,OFF-PA-10002787,Office Supplies,Paper,Xerox 227,12.96,2,0.0,6.2208,-200
8097,CA-2017-133046,2017-07-27,2017-01-08,Second Class,DK-13375,Dennis Kane,Consumer,United States,Seattle,Washington,98115,West,TEC-AC-10000991,Technology,Accessories,Sony Micro Vault Click 8 GB USB 2.0 Flash Drive,234.95,5,0.0,32.893,-200
8100,CA-2016-169663,2016-10-03,2016-03-13,First Class,RH-19510,Rick Huthwaite,Home Office,United States,Los Angeles,California,90045,West,TEC-AC-10003038,Technology,Accessories,Kingston Digital DataTraveler 16GB USB 2.0,26.85,3,0.0,5.1015,-204
8101,CA-2016-169663,2016-10-03,2016-03-13,First Class,RH-19510,Rick Huthwaite,Home Office,United States,Los Angeles,California,90045,West,TEC-MA-10000984,Technology,Machines,Okidata MB760 Printer,3357.6,3,0.2,377.73,-204
8116,CA-2017-101014,2017-08-29,2017-04-09,Standard Class,RW-19540,Rick Wilson,Corporate,United States,Los Angeles,California,90049,West,FUR-FU-10003374,Furniture,Furnishings,Electrix Fluorescent Magnifier Lamps & Weighted Base,148.02,3,0.0,41.4456,-142
8118,US-2017-113201,2017-06-30,2017-05-07,Standard Class,TT-21220,Thomas Thornton,Consumer,United States,Los Angeles,California,90045,West,OFF-PA-10000675,Office Supplies,Paper,Xerox 1919,204.95,5,0.0,100.4255,-54
8126,CA-2015-137064,2015-06-02,2015-02-13,Standard Class,TS-21655,Trudy Schmidt,Consumer,United States,Houston,Texas,77070,Central,OFF-BI-10002049,Office Supplies,Binders,UniKeep View Case Binders,2.934,3,0.8,-4.9878,-109
8127,CA-2015-137064,2015-06-02,2015-02-13,Standard Class,TS-21655,Trudy Schmidt,Consumer,United States,Houston,Texas,77070,Central,TEC-AC-10003499,Technology,Accessories,Memorex Mini Travel Drive 8 GB USB 2.0 Flash Drive,18.528,2,0.2,4.4004,-109
8128,CA-2015-137064,2015-06-02,2015-02-13,Standard Class,TS-21655,Trudy Schmidt,Consumer,United States,Houston,Texas,77070,Central,OFF-ST-10003470,Office Supplies,Storage,"Tennsco Snap-Together Open Shelving Units, Starter Sets and Add-On Units",670.752,3,0.2,-125.766,-109
8129,CA-2017-157350,2017-08-26,2017-01-09,Standard Class,DP-13000,Darren Powers,Consumer,United States,Chicago,Illinois,60610,Central,FUR-FU-10000222,Furniture,Furnishings,"Seth Thomas 16"" Steel Case Clock",64.96,5,0.6,-43.848,-229
8137,CA-2016-118073,2016-12-08,2016-08-16,Standard Class,CS-12490,Cindy Schnelling,Corporate,United States,Lakeland,Florida,33801,South,FUR-TA-10002533,Furniture,Tables,BPI Conference Tables,562.2925,7,0.45,-255.5875,-114
8148,US-2017-146822,2017-09-06,2017-06-14,Standard Class,AG-10675,Anna Gayman,Consumer,United States,Salem,Virginia,24153,South,OFF-PA-10000249,Office Supplies,Paper,Easy-staple paper,49.12,4,0.0,23.0864,-84
8160,CA-2016-120803,2016-09-03,2016-03-13,Standard Class,RB-19465,Rick Bensley,Home Office,United States,Milford,Connecticut,6460,East,TEC-AC-10004469,Technology,Accessories,Microsoft Sculpt Comfort Mouse,199.75,5,0.0,87.89,-174
8162,CA-2015-120915,2015-09-28,2015-03-10,Second Class,JJ-15445,Jennifer Jackson,Consumer,United States,New York City,New York,10035,East,OFF-AP-10002578,Office Supplies,Appliances,"Fellowes Premier Superior Surge Suppressor, 10-Outlet, With Phone and Remote",293.52,6,0.0,76.3152,-202
8163,CA-2015-120915,2015-09-28,2015-03-10,Second Class,JJ-15445,Jennifer Jackson,Consumer,United States,New York City,New York,10035,East,TEC-PH-10003012,Technology,Phones,Nortel Meridian M3904 Professional Digital phone,307.98,2,0.0,89.3142,-202
8168,CA-2016-144148,2016-07-31,2016-05-08,Standard Class,AH-10690,Anna Häberlin,Corporate,United States,San Francisco,California,94122,West,FUR-TA-10002774,Furniture,Tables,Laminate Occasional Tables,863.128,7,0.2,-32.3673,-84
8173,CA-2014-114125,2014-09-07,2014-07-13,Standard Class,GH-14410,Gary Hansen,Home Office,United States,Los Angeles,California,90049,West,OFF-LA-10004559,Office Supplies,Labels,Avery 49,2.88,1,0.0,1.4112,-56
8174,CA-2014-114125,2014-09-07,2014-07-13,Standard Class,GH-14410,Gary Hansen,Home Office,United States,Los Angeles,California,90049,West,OFF-BI-10003291,Office Supplies,Binders,Wilson Jones Leather-Like Binders with DublLock Round Rings,41.904,6,0.2,14.1426,-56
8175,CA-2014-114125,2014-09-07,2014-07-13,Standard Class,GH-14410,Gary Hansen,Home Office,United States,Los Angeles,California,90049,West,OFF-ST-10001505,Office Supplies,Storage,"Perma STOR-ALL Hanging File Box, 13 1/8""W x 12 1/4""D x 10 1/2""H",23.92,4,0.0,4.0664,-56
8193,CA-2015-141327,2015-11-30,2015-03-12,First Class,LR-16915,Lena Radford,Consumer,United States,Durham,North Carolina,27707,South,OFF-BI-10000546,Office Supplies,Binders,Avery Durable Binders,6.048,7,0.7,-4.2336,-263
8194,CA-2015-141327,2015-11-30,2015-03-12,First Class,LR-16915,Lena Radford,Consumer,United States,Durham,North Carolina,27707,South,OFF-AP-10001293,Office Supplies,Appliances,Belkin 8 Outlet Surge Protector,98.352,3,0.2,9.8352,-263
8195,CA-2015-141327,2015-11-30,2015-03-12,First Class,LR-16915,Lena Radford,Consumer,United States,Durham,North Carolina,27707,South,FUR-FU-10000576,Furniture,Furnishings,Luxo Professional Fluorescent Magnifier Lamp with Clamp-Mount Base,335.744,2,0.2,25.1808,-263
8214,CA-2015-120845,2015-09-25,2015-02-10,Standard Class,ML-17395,Marina Lichtenstein,Corporate,United States,Murfreesboro,Tennessee,37130,South,OFF-BI-10001116,Office Supplies,Binders,"Wilson Jones 1"" Hanging DublLock Ring Binders",6.336,4,0.7,-4.6464,-227
8215,CA-2015-120845,2015-09-25,2015-02-10,Standard Class,ML-17395,Marina Lichtenstein,Corporate,United States,Murfreesboro,Tennessee,37130,South,OFF-PA-10004665,Office Supplies,Paper,Advantus Motivational Note Cards,10.48,1,0.2,3.799,-227
8216,CA-2015-120845,2015-09-25,2015-02-10,Standard Class,ML-17395,Marina Lichtenstein,Corporate,United States,Murfreesboro,Tennessee,37130,South,OFF-BI-10004506,Office Supplies,Binders,Wilson Jones data.warehouse D-Ring Binders with DublLock,2.469,1,0.7,-1.8106,-227
8217,CA-2015-120845,2015-09-25,2015-02-10,Standard Class,ML-17395,Marina Lichtenstein,Corporate,United States,Murfreesboro,Tennessee,37130,South,OFF-BI-10001982,Office Supplies,Binders,Wilson Jones Custom Binder Spines & Labels,3.264,2,0.7,-2.2848,-227
8224,CA-2016-104633,2016-12-06,2016-06-16,Standard Class,EA-14035,Erin Ashbrook,Corporate,United States,Pasadena,California,91104,West,OFF-PA-10000241,Office Supplies,Paper,"IBM Multi-Purpose Copy Paper, 8 1/2 x 11"", Case",185.88,6,0.0,83.646,-173
8225,CA-2016-104633,2016-12-06,2016-06-16,Standard Class,EA-14035,Erin Ashbrook,Corporate,United States,Pasadena,California,91104,West,OFF-PA-10004782,Office Supplies,Paper,Xerox 228,12.96,2,0.0,6.2208,-173
8231,CA-2016-162355,2016-06-30,2016-02-07,Second Class,PF-19165,Philip Fox,Consumer,United States,Sandy Springs,Georgia,30328,South,OFF-AR-10004344,Office Supplies,Art,Bulldog Vacuum Base Pencil Sharpener,35.97,3,0.0,9.7119,-144
8232,CA-2016-162355,2016-06-30,2016-02-07,Second Class,PF-19165,Philip Fox,Consumer,United States,Sandy Springs,Georgia,30328,South,FUR-BO-10004695,Furniture,Bookcases,O'Sullivan 2-Door Barrister Bookcase in Odessa Pine,1266.86,7,0.0,291.3778,-144
8244,CA-2014-109897,2014-12-08,2014-08-16,Standard Class,BW-11200,Ben Wallace,Consumer,United States,San Francisco,California,94122,West,TEC-PH-10003691,Technology,Phones,BlackBerry Q10,806.336,8,0.2,50.396,-114
8245,CA-2014-109897,2014-12-08,2014-08-16,Standard Class,BW-11200,Ben Wallace,Consumer,United States,San Francisco,California,94122,West,FUR-FU-10002878,Furniture,Furnishings,"Seth Thomas 14"" Day/Date Wall Clock",85.44,3,0.0,31.6128,-114
8249,CA-2016-133816,2016-10-05,2016-05-13,Second Class,CS-12400,Christopher Schild,Home Office,United States,Philadelphia,Pennsylvania,19134,East,TEC-PH-10001795,Technology,Phones,ClearOne CHATAttach 160 - speaker phone,743.988,2,0.4,-123.998,-145
8254,CA-2017-152310,2017-12-08,2017-08-19,Standard Class,DK-12895,Dana Kaydos,Consumer,United States,Seattle,Washington,98103,West,TEC-CO-10000971,Technology,Copiers,Hewlett Packard 310 Color Digital Copier,299.99,1,0.0,89.997,-111
8255,CA-2017-152310,2017-12-08,2017-08-19,Standard Class,DK-12895,Dana Kaydos,Consumer,United States,Seattle,Washington,98103,West,OFF-PA-10003134,Office Supplies,Paper,Xerox 1937,192.16,4,0.0,92.2368,-111
8256,CA-2017-152310,2017-12-08,2017-08-19,Standard Class,DK-12895,Dana Kaydos,Consumer,United States,Seattle,Washington,98103,West,TEC-PH-10002538,Technology,Phones,Grandstream GXP1160 VoIP phone,242.624,8,0.2,27.2952,-111
8257,CA-2017-152310,2017-12-08,2017-08-19,Standard Class,DK-12895,Dana Kaydos,Consumer,United States,Seattle,Washington,98103,West,OFF-ST-10001228,Office Supplies,Storage,Personal File Boxes with Fold-Down Carry Handle,46.74,3,0.0,11.685,-111
8258,CA-2017-152310,2017-12-08,2017-08-19,Standard Class,DK-12895,Dana Kaydos,Consumer,United States,Seattle,Washington,98103,West,TEC-AC-10000397,Technology,Accessories,"Perixx PERIBOARD-512B, Ergonomic Split Keyboard",174.95,5,0.0,12.2465,-111
8259,CA-2017-152310,2017-12-08,2017-08-19,Standard Class,DK-12895,Dana Kaydos,Consumer,United States,Seattle,Washington,98103,West,OFF-BI-10004308,Office Supplies,Binders,Avery Legal 4-Ring Binder,100.704,6,0.2,37.764,-111
8267,CA-2014-118304,2014-04-29,2014-04-05,Standard Class,KH-16360,Katherine Hughes,Consumer,United States,Dover,Delaware,19901,East,TEC-PH-10000376,Technology,Phones,Square Credit Card Reader,19.98,2,0.0,5.1948,-24
8275,CA-2017-164112,2017-06-30,2017-04-07,Standard Class,ND-18460,Neil Ducich,Corporate,United States,Mount Vernon,New York,10550,East,OFF-ST-10002615,Office Supplies,Storage,"Dual Level, Single-Width Filing Carts",1085.42,7,0.0,282.2092,-84
8287,CA-2014-156244,2014-12-08,2014-08-16,Standard Class,DH-13675,Duane Huffman,Home Office,United States,Miami,Florida,33180,South,OFF-PA-10000295,Office Supplies,Paper,Xerox 229,31.104,6,0.2,10.8864,-114
8288,CA-2014-156244,2014-12-08,2014-08-16,Standard Class,DH-13675,Duane Huffman,Home Office,United States,Miami,Florida,33180,South,OFF-AR-10004344,Office Supplies,Art,Bulldog Vacuum Base Pencil Sharpener,47.96,5,0.2,4.1965,-114
8289,CA-2014-156244,2014-12-08,2014-08-16,Standard Class,DH-13675,Duane Huffman,Home Office,United States,Miami,Florida,33180,South,TEC-AC-10002473,Technology,Accessories,Maxell 4.7GB DVD-R,158.928,7,0.2,41.7186,-114
8290,CA-2014-156244,2014-12-08,2014-08-16,Standard Class,DH-13675,Duane Huffman,Home Office,United States,Miami,Florida,33180,South,OFF-AP-10002403,Office Supplies,Appliances,Acco Smartsocket Color-Coded Six-Outlet AC Adapter Model Surge Protectors,211.248,6,0.2,15.8436,-114
8291,CA-2014-156244,2014-12-08,2014-08-16,Standard Class,DH-13675,Duane Huffman,Home Office,United States,Miami,Florida,33180,South,OFF-SU-10000432,Office Supplies,Supplies,Acco Side-Punched Conventional Columnar Pads,5.552,2,0.2,-1.041,-114
8292,CA-2014-156244,2014-12-08,2014-08-16,Standard Class,DH-13675,Duane Huffman,Home Office,United States,Miami,Florida,33180,South,OFF-LA-10000443,Office Supplies,Labels,Avery 501,2.952,1,0.2,0.9963,-114
8296,CA-2016-166380,2016-05-30,2016-03-06,Standard Class,EB-13750,Edward Becker,Corporate,United States,Arlington,Virginia,22204,South,OFF-EN-10002600,Office Supplies,Envelopes,"Redi-Strip #10 Envelopes, 4 1/8 x 9 1/2",26.55,9,0.0,12.744,-85
8297,CA-2016-166380,2016-05-30,2016-03-06,Standard Class,EB-13750,Edward Becker,Corporate,United States,Arlington,Virginia,22204,South,TEC-AC-10000109,Technology,Accessories,Sony Micro Vault Click 16 GB USB 2.0 Flash Drive,111.98,2,0.0,26.8752,-85
8300,US-2014-103338,2014-11-03,2014-03-15,Standard Class,RB-19435,Richard Bierner,Consumer,United States,Roseville,California,95661,West,OFF-AR-10001770,Office Supplies,Art,Economy #2 Pencils,7.98,3,0.0,2.0748,-233
8302,US-2017-167318,2017-07-26,2017-01-08,Standard Class,GZ-14545,George Zrebassa,Corporate,United States,Los Angeles,California,90036,West,TEC-AC-10003870,Technology,Accessories,Logitech Z-906 Speaker sys - home theater - 5.1-CH,1649.95,5,0.0,659.98,-199
8303,US-2017-167318,2017-07-26,2017-01-08,Standard Class,GZ-14545,George Zrebassa,Corporate,United States,Los Angeles,California,90036,West,FUR-CH-10000665,Furniture,Chairs,"Global Airflow Leather Mesh Back Chair, Black",362.352,3,0.2,45.294,-199
8304,US-2014-120313,2014-10-31,2014-02-11,Second Class,NL-18310,Nancy Lomonaco,Home Office,United States,San Francisco,California,94110,West,TEC-PH-10003092,Technology,Phones,Motorola L804,73.584,2,0.2,8.2782,-262
8306,CA-2016-128671,2016-11-08,2016-08-16,Standard Class,MT-18070,Michelle Tran,Home Office,United States,Tulsa,Oklahoma,74133,Central,OFF-PA-10001870,Office Supplies,Paper,Xerox 202,32.4,5,0.0,15.552,-84
8307,CA-2016-128671,2016-11-08,2016-08-16,Standard Class,MT-18070,Michelle Tran,Home Office,United States,Tulsa,Oklahoma,74133,Central,OFF-BI-10003305,Office Supplies,Binders,Avery Hanging File Binders,41.86,7,0.0,19.2556,-84
8308,CA-2016-128671,2016-11-08,2016-08-16,Standard Class,MT-18070,Michelle Tran,Home Office,United States,Tulsa,Oklahoma,74133,Central,OFF-BI-10003007,Office Supplies,Binders,"Premium Transparent Presentation Covers, No Pattern/Clear, 8 1/2"" x 11""",77.56,2,0.0,35.6776,-84
8314,CA-2014-161508,2014-12-07,2014-07-16,Standard Class,PV-18985,Paul Van Hugh,Home Office,United States,League City,Texas,77573,Central,FUR-CH-10002126,Furniture,Chairs,Hon Deluxe Fabric Upholstered Stacking Chairs,512.358,3,0.3,-14.6388,-144
8315,CA-2014-161508,2014-12-07,2014-07-16,Standard Class,PV-18985,Paul Van Hugh,Home Office,United States,League City,Texas,77573,Central,OFF-FA-10001561,Office Supplies,Fasteners,Stockwell Push Pins,3.488,2,0.2,0.5668,-144
8316,CA-2014-161508,2014-12-07,2014-07-16,Standard Class,PV-18985,Paul Van Hugh,Home Office,United States,League City,Texas,77573,Central,OFF-AR-10003158,Office Supplies,Art,Fluorescent Highlighters by Dixon,22.288,7,0.2,3.9004,-144
8317,CA-2014-161508,2014-12-07,2014-07-16,Standard Class,PV-18985,Paul Van Hugh,Home Office,United States,League City,Texas,77573,Central,OFF-PA-10001804,Office Supplies,Paper,Xerox 195,16.032,3,0.2,5.6112,-144
8318,CA-2017-130904,2017-11-04,2017-04-16,Standard Class,HM-14980,Henry MacAllister,Consumer,United States,Burlington,North Carolina,27217,South,OFF-AR-10000422,Office Supplies,Art,Pencil and Crayon Sharpener,1.752,1,0.2,0.1533,-202
8319,CA-2017-130904,2017-11-04,2017-04-16,Standard Class,HM-14980,Henry MacAllister,Consumer,United States,Burlington,North Carolina,27217,South,OFF-AR-10000127,Office Supplies,Art,Newell 321,20.992,8,0.2,2.3616,-202
8322,US-2016-149790,2016-09-26,2016-01-10,Standard Class,SC-20380,Shahid Collister,Consumer,United States,Houston,Texas,77095,Central,OFF-BI-10002026,Office Supplies,Binders,Ibico Recycled Linen-Style Covers,15.624,2,0.8,-24.9984,-260
8342,CA-2017-141481,2017-11-06,2017-06-14,First Class,ZD-21925,Zuschuss Donatelli,Consumer,United States,Los Angeles,California,90036,West,OFF-AP-10004532,Office Supplies,Appliances,Kensington 6 Outlet Guardian Standard Surge Protector,61.44,3,0.0,16.5888,-145
8347,US-2015-115238,2015-04-30,2015-04-05,Standard Class,JW-15220,Jane Waco,Corporate,United States,Lawrence,Massachusetts,1841,East,FUR-FU-10002960,Furniture,Furnishings,"Eldon 200 Class Desk Accessories, Burgundy",31.4,5,0.0,13.188,-25
8348,US-2015-115238,2015-04-30,2015-04-05,Standard Class,JW-15220,Jane Waco,Corporate,United States,Lawrence,Massachusetts,1841,East,FUR-FU-10002445,Furniture,Furnishings,"DAX Two-Tone Rosewood/Black Document Frame, Desktop, 5 x 7",9.48,1,0.0,3.792,-25
8349,US-2015-115238,2015-04-30,2015-04-05,Standard Class,JW-15220,Jane Waco,Corporate,United States,Lawrence,Massachusetts,1841,East,TEC-PH-10001300,Technology,Phones,"iKross Bluetooth Portable Keyboard + Cell Phone Stand Holder + Brush for Apple iPhone 5S 5C 5, 4S 4",209.5,10,0.0,58.66,-25
8350,US-2015-115238,2015-04-30,2015-04-05,Standard Class,JW-15220,Jane Waco,Corporate,United States,Lawrence,Massachusetts,1841,East,FUR-FU-10001025,Furniture,Furnishings,"Eldon Imàge Series Desk Accessories, Clear",24.3,5,0.0,10.449,-25
8351,US-2015-115238,2015-04-30,2015-04-05,Standard Class,JW-15220,Jane Waco,Corporate,United States,Lawrence,Massachusetts,1841,East,OFF-PA-10002689,Office Supplies,Paper,Weyerhaeuser First Choice Laser/Copy Paper (20Lb. and 88 Bright),6.48,1,0.0,3.1104,-25
8358,CA-2014-110555,2014-11-04,2014-04-18,Standard Class,MM-18055,Michelle Moray,Consumer,United States,Great Falls,Montana,59405,West,OFF-ST-10000876,Office Supplies,Storage,Eldon Simplefile Box Office,87.08,7,0.0,24.3824,-200
8359,CA-2014-110555,2014-11-04,2014-04-18,Standard Class,MM-18055,Michelle Moray,Consumer,United States,Great Falls,Montana,59405,West,TEC-PH-10000586,Technology,Phones,AT&T SB67148 SynJ,105.584,2,0.2,9.2386,-200
8360,CA-2014-110555,2014-11-04,2014-04-18,Standard Class,MM-18055,Michelle Moray,Consumer,United States,Great Falls,Montana,59405,West,TEC-AC-10003399,Technology,Accessories,Memorex Mini Travel Drive 64 GB USB 2.0 Flash Drive,217.44,6,0.0,91.3248,-200
8365,CA-2017-137631,2017-04-28,2017-02-05,Standard Class,JL-15235,Janet Lee,Consumer,United States,Kissimmee,Florida,34741,South,TEC-PH-10002624,Technology,Phones,Samsung Galaxy S4 Mini,751.984,2,0.2,84.5982,-82
8370,CA-2016-118745,2016-11-06,2016-06-16,Standard Class,SV-20365,Seth Vernon,Consumer,United States,Los Angeles,California,90049,West,FUR-TA-10003473,Furniture,Tables,Bretford Rectangular Conference Table Tops,902.712,3,0.2,33.8517,-143
8373,CA-2016-113726,2016-11-24,2016-01-12,Standard Class,SC-20680,Steve Carroll,Home Office,United States,Seattle,Washington,98105,West,FUR-FU-10003535,Furniture,Furnishings,Howard Miller Distant Time Traveler Alarm Clock,82.26,3,0.0,33.7266,-317
8378,CA-2015-162964,2015-12-11,2015-11-18,Standard Class,MF-18250,Monica Federle,Corporate,United States,Houston,Texas,77095,Central,OFF-ST-10002344,Office Supplies,Storage,"Carina 42""Hx23 3/4""W Media Storage Unit",64.784,1,0.2,-14.5764,-23
8379,CA-2015-162964,2015-12-11,2015-11-18,Standard Class,MF-18250,Monica Federle,Corporate,United States,Houston,Texas,77095,Central,OFF-PA-10003349,Office Supplies,Paper,Xerox 1957,15.552,3,0.2,5.6376,-23
8380,CA-2015-162964,2015-12-11,2015-11-18,Standard Class,MF-18250,Monica Federle,Corporate,United States,Houston,Texas,77095,Central,OFF-EN-10003055,Office Supplies,Envelopes,"Blue String-Tie & Button Interoffice Envelopes, 10 x 13",223.888,7,0.2,69.965,-23
8383,CA-2016-163048,2016-08-02,2016-02-15,Standard Class,MH-17440,Mark Haberlin,Corporate,United States,Houston,Texas,77036,Central,FUR-CH-10001270,Furniture,Chairs,Harbour Creations Steel Folding Chair,241.5,4,0.3,0.0,-169
8387,CA-2015-149601,2015-05-28,2015-03-06,Standard Class,TB-21625,Trudy Brown,Consumer,United States,Manchester,Connecticut,6040,East,OFF-ST-10001558,Office Supplies,Storage,Acco Perma 4000 Stacking Storage Drawers,16.24,1,0.0,2.436,-83
8388,CA-2015-149601,2015-05-28,2015-03-06,Standard Class,TB-21625,Trudy Brown,Consumer,United States,Manchester,Connecticut,6040,East,OFF-ST-10001328,Office Supplies,Storage,"Personal Filing Tote with Lid, Black/Gray",77.55,5,0.0,21.714,-83
8413,CA-2017-132290,2017-10-03,2017-03-14,Standard Class,MD-17350,Maribeth Dona,Consumer,United States,Dallas,Texas,75217,Central,FUR-TA-10002228,Furniture,Tables,"Bevis Traditional Conference Table Top, Plinth Base",933.408,4,0.3,-173.3472,-203
8422,CA-2017-150091,2017-12-10,2017-10-16,Standard Class,NP-18670,Nora Paige,Consumer,United States,Lakewood,New Jersey,8701,East,TEC-AC-10002167,Technology,Accessories,Imation 8gb Micro Traveldrive Usb 2.0 Flash Drive,45.0,3,0.0,4.95,-55
8423,CA-2017-150091,2017-12-10,2017-10-16,Standard Class,NP-18670,Nora Paige,Consumer,United States,Lakewood,New Jersey,8701,East,OFF-FA-10000621,Office Supplies,Fasteners,"OIC Colored Binder Clips, Assorted Sizes",17.9,5,0.0,8.771,-55
8424,CA-2017-150091,2017-12-10,2017-10-16,Standard Class,NP-18670,Nora Paige,Consumer,United States,Lakewood,New Jersey,8701,East,FUR-FU-10004053,Furniture,Furnishings,DAX Two-Tone Silver Metal Document Frame,40.48,2,0.0,17.4064,-55
8425,CA-2017-150091,2017-12-10,2017-10-16,Standard Class,NP-18670,Nora Paige,Consumer,United States,Lakewood,New Jersey,8701,East,FUR-BO-10003404,Furniture,Bookcases,"Global Adaptabilites Bookcase, Cherry/Storm Gray Finish",2154.9,5,0.0,129.294,-55
8429,US-2017-132220,2017-12-11,2017-11-16,Standard Class,DJ-13510,Don Jones,Corporate,United States,Tempe,Arizona,85281,West,TEC-AC-10004227,Technology,Accessories,SanDisk Ultra 16 GB MicroSDHC Class 10 Memory Card,62.352,6,0.2,-10.9116,-25
8439,CA-2014-108861,2014-05-28,2014-01-06,Standard Class,MM-17260,Magdelene Morse,Consumer,United States,Seattle,Washington,98105,West,OFF-BI-10003876,Office Supplies,Binders,"Green Canvas Binder for 8-1/2"" x 14"" Sheets",136.96,4,0.2,51.36,-142
8457,US-2017-118556,2017-05-28,2017-02-06,Second Class,TH-21235,Tiffany House,Corporate,United States,Chicago,Illinois,60653,Central,FUR-CH-10001146,Furniture,Chairs,"Global Task Chair, Black",106.869,3,0.3,-29.0073,-111
8458,US-2017-118556,2017-05-28,2017-02-06,Second Class,TH-21235,Tiffany House,Corporate,United States,Chicago,Illinois,60653,Central,OFF-BI-10004364,Office Supplies,Binders,Storex Dura Pro Binders,3.564,3,0.8,-6.237,-111
8461,CA-2014-146500,2014-08-30,2014-04-09,Standard Class,AT-10735,Annie Thurman,Consumer,United States,Bristol,Connecticut,6010,East,OFF-BI-10002432,Office Supplies,Binders,Wilson Jones Standard D-Ring Binders,25.3,5,0.0,11.891,-143
8462,CA-2014-146500,2014-08-30,2014-04-09,Standard Class,AT-10735,Annie Thurman,Consumer,United States,Bristol,Connecticut,6010,East,OFF-ST-10000563,Office Supplies,Storage,Fellowes Bankers Box Stor/Drawer Steel Plus,95.94,3,0.0,9.594,-143
8464,CA-2014-100881,2014-03-28,2014-01-04,Standard Class,DR-12940,Daniel Raglin,Home Office,United States,Albuquerque,New Mexico,87105,West,TEC-PH-10003273,Technology,Phones,AT&T TR1909W,302.376,3,0.2,22.6782,-83
8465,CA-2015-144043,2015-10-05,2015-05-15,Standard Class,AB-10165,Alan Barnes,Consumer,United States,Louisville,Colorado,80027,West,TEC-AC-10002718,Technology,Accessories,Belkin Standard 104 key USB Keyboard,46.688,4,0.2,-2.918,-143
8466,CA-2015-116512,2015-09-04,2015-04-14,Standard Class,MC-18100,Mick Crebagga,Consumer,United States,New York City,New York,10024,East,OFF-ST-10001505,Office Supplies,Storage,"Perma STOR-ALL Hanging File Box, 13 1/8""W x 12 1/4""D x 10 1/2""H",17.94,3,0.0,3.0498,-143
8467,CA-2015-101000,2015-09-04,2015-04-14,Standard Class,IG-15085,Ivan Gibson,Consumer,United States,Norwich,Connecticut,6360,East,OFF-AP-10000179,Office Supplies,Appliances,Honeywell Enviracaire Portable HEPA Air Cleaner for up to 10 x 16 Room,370.14,3,0.0,144.3546,-143
8475,CA-2017-169404,2017-09-04,2017-04-14,Standard Class,NC-18625,Noah Childs,Corporate,United States,York,Pennsylvania,17403,East,OFF-BI-10004492,Office Supplies,Binders,Tuf-Vin Binders,37.896,4,0.7,-29.0536,-143
8476,CA-2017-169404,2017-09-04,2017-04-14,Standard Class,NC-18625,Noah Childs,Corporate,United States,York,Pennsylvania,17403,East,OFF-PA-10001033,Office Supplies,Paper,Xerox 1893,65.584,2,0.2,23.7742,-143
8477,CA-2017-134880,2017-10-27,2017-01-11,Standard Class,TW-21025,Tamara Willingham,Home Office,United States,Mesa,Arizona,85204,West,OFF-PA-10004039,Office Supplies,Paper,Xerox 1882,44.784,1,0.2,16.2342,-289
8480,US-2016-119270,2016-12-03,2016-03-16,Standard Class,SW-20245,Scot Wooten,Consumer,United States,Los Angeles,California,90036,West,OFF-PA-10004022,Office Supplies,Paper,Hammermill Color Copier Paper (28Lb. and 96 Bright),19.98,2,0.0,8.991,-262
8483,US-2017-118535,2017-11-02,2017-02-15,Standard Class,DJ-13510,Don Jones,Corporate,United States,New York City,New York,10024,East,OFF-LA-10001297,Office Supplies,Labels,Avery 473,20.7,2,0.0,9.936,-260
8522,CA-2016-141887,2016-11-01,2016-01-15,Standard Class,MP-17470,Mark Packer,Home Office,United States,Columbus,Ohio,43229,East,FUR-FU-10002268,Furniture,Furnishings,Ultra Door Push Plate,54.992,14,0.2,8.9362,-291
8531,CA-2016-156748,2016-11-30,2016-06-12,Standard Class,BS-11755,Bruce Stewart,Consumer,United States,Detroit,Michigan,48227,Central,OFF-PA-10000380,Office Supplies,Paper,"REDIFORM Incoming/Outgoing Call Register, 11"" X 8 1/2"", 100 Messages",33.36,4,0.0,16.68,-171
8532,CA-2016-156748,2016-11-30,2016-06-12,Standard Class,BS-11755,Bruce Stewart,Consumer,United States,Detroit,Michigan,48227,Central,OFF-PA-10002713,Office Supplies,Paper,"Adams Phone Message Book, 200 Message Capacity, 8 1/16” x 11”",13.76,2,0.0,6.3296,-171
8533,CA-2016-156748,2016-11-30,2016-06-12,Standard Class,BS-11755,Bruce Stewart,Consumer,United States,Detroit,Michigan,48227,Central,OFF-ST-10001370,Office Supplies,Storage,Sensible Storage WireTech Storage Systems,496.86,7,0.0,24.843,-171
8534,CA-2016-156748,2016-11-30,2016-06-12,Standard Class,BS-11755,Bruce Stewart,Consumer,United States,Detroit,Michigan,48227,Central,FUR-CH-10000513,Furniture,Chairs,High-Back Leather Manager's Chair,389.97,3,0.0,35.0973,-171
8540,CA-2017-147354,2017-09-03,2017-03-13,Standard Class,KB-16315,Karl Braun,Consumer,United States,Los Angeles,California,90008,West,TEC-CO-10000971,Technology,Copiers,Hewlett Packard 310 Color Digital Copier,479.984,2,0.2,59.998,-174
8541,CA-2017-147354,2017-09-03,2017-03-13,Standard Class,KB-16315,Karl Braun,Consumer,United States,Los Angeles,California,90008,West,OFF-BI-10003910,Office Supplies,Binders,DXL Angle-View Binders with Locking Rings by Samsill,30.84,5,0.2,9.6375,-174
8553,CA-2014-140473,2014-05-30,2014-03-06,Standard Class,MC-17425,Mark Cousins,Corporate,United States,Chicago,Illinois,60623,Central,TEC-CO-10004202,Technology,Copiers,Brother DCP1000 Digital 3 in 1 Multifunction Machine,719.976,3,0.2,134.9955,-85
8564,US-2017-108315,2017-04-30,2017-04-05,Standard Class,MH-18115,Mick Hernandez,Home Office,United States,Sanford,Florida,32771,South,OFF-BI-10000822,Office Supplies,Binders,"Acco PRESSTEX Data Binder with Storage Hooks, Light Blue, 9 1/2"" X 11""",4.842,3,0.7,-3.5508,-25
8565,US-2017-108315,2017-04-30,2017-04-05,Standard Class,MH-18115,Mick Hernandez,Home Office,United States,Sanford,Florida,32771,South,FUR-FU-10000747,Furniture,Furnishings,Tenex B1-RE Series Chair Mats for Low Pile Carpets,220.704,6,0.2,-8.2764,-25
8573,CA-2014-121629,2014-11-28,2014-02-12,Standard Class,BT-11680,Brian Thompson,Consumer,United States,Houston,Texas,77041,Central,TEC-MA-10004679,Technology,Machines,StarTech.com 10/100 VDSL2 Ethernet Extender Kit,998.85,5,0.4,-199.77,-289
8587,CA-2017-162015,2017-11-07,2017-07-18,Standard Class,KB-16240,Karen Bern,Corporate,United States,Los Angeles,California,90049,West,TEC-AC-10003832,Technology,Accessories,Logitech P710e Mobile Speakerphone,1287.45,5,0.0,244.6155,-112
8588,CA-2017-162015,2017-11-07,2017-07-18,Standard Class,KB-16240,Karen Bern,Corporate,United States,Los Angeles,California,90049,West,OFF-AP-10003040,Office Supplies,Appliances,Fellowes 8 Outlet Superior Workstation Surge Protector w/o Phone/Fax/Modem Protection,168.1,5,0.0,43.706,-112
8590,CA-2017-145338,2017-01-29,2017-01-02,First Class,BD-11770,Bryan Davis,Consumer,United States,Philadelphia,Pennsylvania,19120,East,OFF-AR-10002053,Office Supplies,Art,"Premium Writing Pencils, Soft, #2 by Central Association for the Blind",4.768,2,0.2,0.4768,-27
8591,CA-2017-126676,2017-09-29,2017-01-10,First Class,FH-14365,Fred Hopkins,Corporate,United States,Hempstead,New York,11550,East,OFF-EN-10004846,Office Supplies,Envelopes,Letter or Legal Size Expandable Poly String Tie Envelopes,7.98,3,0.0,3.9102,-262
8599,CA-2014-141110,2014-11-26,2014-01-12,Standard Class,LS-17200,Luke Schmidt,Corporate,United States,Fresno,California,93727,West,OFF-BI-10002012,Office Supplies,Binders,Wilson Jones Easy Flow II Sheet Lifters,4.32,3,0.2,1.512,-318
8600,CA-2014-141110,2014-11-26,2014-01-12,Standard Class,LS-17200,Luke Schmidt,Corporate,United States,Fresno,California,93727,West,OFF-PA-10002586,Office Supplies,Paper,Xerox 1970,14.94,3,0.0,7.0218,-318
8601,CA-2014-141110,2014-11-26,2014-01-12,Standard Class,LS-17200,Luke Schmidt,Corporate,United States,Fresno,California,93727,West,OFF-AP-10000692,Office Supplies,Appliances,Fellowes Mighty 8 Compact Surge Protector,40.54,2,0.0,11.3512,-318
8602,CA-2014-141110,2014-11-26,2014-01-12,Standard Class,LS-17200,Luke Schmidt,Corporate,United States,Fresno,California,93727,West,OFF-BI-10001553,Office Supplies,Binders,SpineVue Locking Slant-D Ring Binders by Cardinal,7.312,1,0.2,2.5592,-318
8613,CA-2016-146437,2016-01-28,2016-01-02,Second Class,HG-14965,Henry Goldwyn,Corporate,United States,Los Angeles,California,90036,West,OFF-AR-10000588,Office Supplies,Art,Newell 345,39.68,2,0.0,10.3168,-26
8615,CA-2016-165918,2016-10-09,2016-09-14,Standard Class,BD-11770,Bryan Davis,Consumer,United States,Edmonds,Washington,98026,West,OFF-LA-10003720,Office Supplies,Labels,Avery 487,7.38,2,0.0,3.4686,-25
8616,CA-2016-165918,2016-10-09,2016-09-14,Standard Class,BD-11770,Bryan Davis,Consumer,United States,Edmonds,Washington,98026,West,OFF-BI-10004364,Office Supplies,Binders,Storex Dura Pro Binders,14.256,3,0.2,4.455,-25
8617,CA-2016-165918,2016-10-09,2016-09-14,Standard Class,BD-11770,Bryan Davis,Consumer,United States,Edmonds,Washington,98026,West,OFF-PA-10000100,Office Supplies,Paper,Xerox 1945,81.98,2,0.0,40.1702,-25
8618,CA-2016-165918,2016-10-09,2016-09-14,Standard Class,BD-11770,Bryan Davis,Consumer,United States,Edmonds,Washington,98026,West,OFF-BI-10004826,Office Supplies,Binders,JM Magazine Binder,39.624,3,0.2,13.8684,-25
8623,US-2016-114230,2016-11-27,2016-01-12,Standard Class,CM-12235,Chris McAfee,Consumer,United States,Phoenix,Arizona,85023,West,OFF-ST-10000876,Office Supplies,Storage,Eldon Simplefile Box Office,39.808,4,0.2,3.9808,-320
8636,CA-2014-160094,2014-04-30,2014-02-05,First Class,JM-16195,Justin MacKendrick,Consumer,United States,Louisville,Kentucky,40214,South,OFF-AR-10004010,Office Supplies,Art,Hunt Boston Vacuum Mount KS Pencil Sharpener,174.95,5,0.0,45.487,-84
8637,CA-2014-160094,2014-04-30,2014-02-05,First Class,JM-16195,Justin MacKendrick,Consumer,United States,Louisville,Kentucky,40214,South,OFF-ST-10000585,Office Supplies,Storage,Economy Rollaway Files,826.0,5,0.0,214.76,-84
8638,CA-2017-151281,2017-04-27,2017-02-05,Standard Class,HM-14980,Henry MacAllister,Consumer,United States,Seattle,Washington,98105,West,FUR-FU-10000397,Furniture,Furnishings,Luxo Economy Swing Arm Lamp,139.58,7,0.0,39.0824,-81
8641,US-2017-148551,2017-12-01,2017-01-16,Standard Class,DB-13120,David Bremer,Corporate,United States,Dallas,Texas,75217,Central,OFF-BI-10000545,Office Supplies,Binders,GBC Ibimaster 500 Manual ProClick Binding System,760.98,5,0.8,-1141.47,-319
8649,CA-2016-164574,2016-07-29,2016-03-08,Standard Class,RH-19555,Ritsa Hightower,Consumer,United States,Charlotte,North Carolina,28205,South,OFF-ST-10003816,Office Supplies,Storage,Fellowes High-Stak Drawer Files,704.76,5,0.2,26.4285,-143
8650,CA-2016-164574,2016-07-29,2016-03-08,Standard Class,RH-19555,Ritsa Hightower,Consumer,United States,Charlotte,North Carolina,28205,South,OFF-BI-10002429,Office Supplies,Binders,"Premier Elliptical Ring Binder, Black",27.396,3,0.7,-20.0904,-143
8662,CA-2015-131856,2015-12-05,2015-05-17,Standard Class,JG-15160,James Galang,Consumer,United States,Houston,Texas,77041,Central,FUR-FU-10000175,Furniture,Furnishings,DAX Wood Document Frame.,21.968,4,0.6,-15.9268,-202
8663,CA-2015-131856,2015-12-05,2015-05-17,Standard Class,JG-15160,James Galang,Consumer,United States,Houston,Texas,77041,Central,TEC-PH-10001336,Technology,Phones,Digium D40 VoIP phone,619.152,6,0.2,69.6546,-202
8664,CA-2015-131856,2015-12-05,2015-05-17,Standard Class,JG-15160,James Galang,Consumer,United States,Houston,Texas,77041,Central,OFF-PA-10001954,Office Supplies,Paper,Xerox 1964,127.904,7,0.2,41.5688,-202
8665,CA-2017-126634,2017-03-30,2017-01-04,Second Class,AB-10165,Alan Barnes,Consumer,United States,Lakewood,California,90712,West,FUR-FU-10004973,Furniture,Furnishings,Flat Face Poster Frame,94.2,5,0.0,39.564,-85
8684,CA-2017-101665,2017-11-25,2017-01-12,Standard Class,TZ-21580,Tracy Zic,Consumer,United States,San Francisco,California,94122,West,OFF-AR-10002335,Office Supplies,Art,DIXON Oriole Pencils,5.16,2,0.0,1.3416,-317
8714,CA-2017-136623,2017-11-07,2017-07-16,Standard Class,TS-21430,Tom Stivers,Corporate,United States,San Diego,California,92105,West,TEC-PH-10000004,Technology,Phones,Belkin iPhone and iPad Lightning Cable,71.952,6,0.2,5.3964,-114
8715,CA-2017-136623,2017-11-07,2017-07-16,Standard Class,TS-21430,Tom Stivers,Corporate,United States,San Diego,California,92105,West,OFF-BI-10003708,Office Supplies,Binders,"Acco Four Pocket Poly Ring Binder with Label Holder, Smoke, 1""",29.8,5,0.2,9.3125,-114
8717,CA-2016-120824,2016-12-06,2016-06-16,Second Class,AW-10930,Arthur Wiediger,Home Office,United States,Houston,Texas,77070,Central,OFF-AP-10001242,Office Supplies,Appliances,APC 7 Outlet Network SurgeArrest Surge Protector,64.384,4,0.8,-160.96,-173
8718,CA-2016-120824,2016-12-06,2016-06-16,Second Class,AW-10930,Arthur Wiediger,Home Office,United States,Houston,Texas,77070,Central,FUR-FU-10001424,Furniture,Furnishings,Dax Clear Box Frame,6.984,2,0.6,-4.5396,-173
8719,CA-2016-120824,2016-12-06,2016-06-16,Second Class,AW-10930,Arthur Wiediger,Home Office,United States,Houston,Texas,77070,Central,OFF-AR-10003469,Office Supplies,Art,Nontoxic Chalk,11.264,8,0.2,3.9424,-173
8720,CA-2016-120824,2016-12-06,2016-06-16,Second Class,AW-10930,Arthur Wiediger,Home Office,United States,Houston,Texas,77070,Central,OFF-PA-10000232,Office Supplies,Paper,Xerox 1975,15.552,3,0.2,5.6376,-173
8721,CA-2016-120824,2016-12-06,2016-06-16,Second Class,AW-10930,Arthur Wiediger,Home Office,United States,Houston,Texas,77070,Central,FUR-CH-10000229,Furniture,Chairs,Global Enterprise Series Seating High-Back Swivel/Tilt Chairs,379.372,2,0.3,-119.2312,-173
8722,CA-2016-120824,2016-12-06,2016-06-16,Second Class,AW-10930,Arthur Wiediger,Home Office,United States,Houston,Texas,77070,Central,OFF-ST-10002562,Office Supplies,Storage,Staple magnet,67.536,9,0.2,6.7536,-173
8723,CA-2016-120824,2016-12-06,2016-06-16,Second Class,AW-10930,Arthur Wiediger,Home Office,United States,Houston,Texas,77070,Central,OFF-BI-10001525,Office Supplies,Binders,"Acco Pressboard Covers with Storage Hooks, 14 7/8"" x 11"", Executive Red",1.524,2,0.8,-2.667,-173
8732,CA-2015-111017,2015-07-31,2015-06-08,Standard Class,SC-20695,Steve Chapman,Corporate,United States,Saint Louis,Missouri,63116,Central,OFF-SU-10002573,Office Supplies,Supplies,"Acme 10"" Easy Grip Assistive Scissors",52.59,3,0.0,15.777,-53
8770,CA-2016-151148,2016-12-09,2016-09-13,Same Day,PO-19180,Philisse Overcash,Home Office,United States,Louisville,Colorado,80027,West,TEC-PH-10001870,Technology,Phones,Lunatik TT5L-002 Taktik Strike Impact Protection System for iPhone 5,146.952,3,0.2,9.1845,-87
8771,CA-2016-151148,2016-12-09,2016-09-13,Same Day,PO-19180,Philisse Overcash,Home Office,United States,Louisville,Colorado,80027,West,FUR-CH-10002304,Furniture,Chairs,"Global Stack Chair without Arms, Black",83.136,4,0.2,5.196,-87
8786,CA-2017-145765,2017-05-28,2017-02-06,Standard Class,CM-11815,Candace McMahon,Corporate,United States,Phoenix,Arizona,85023,West,TEC-PH-10001305,Technology,Phones,Panasonic KX TS208W Corded phone,195.96,5,0.2,19.596,-111
8787,CA-2017-145765,2017-05-28,2017-02-06,Standard Class,CM-11815,Candace McMahon,Corporate,United States,Phoenix,Arizona,85023,West,OFF-PA-10001534,Office Supplies,Paper,Xerox 230,15.552,3,0.2,5.4432,-111
8788,CA-2017-145765,2017-05-28,2017-02-06,Standard Class,CM-11815,Candace McMahon,Corporate,United States,Phoenix,Arizona,85023,West,TEC-AC-10000844,Technology,Accessories,Logitech Gaming G510s - Keyboard,271.968,4,0.2,54.3936,-111
8807,CA-2016-113082,2016-12-09,2016-09-16,Standard Class,MC-17590,Matt Collister,Corporate,United States,Utica,New York,13501,East,FUR-FU-10002813,Furniture,Furnishings,"DAX Contemporary Wood Frame with Silver Metal Mat, Desktop, 11 x 14 Size",40.48,2,0.0,14.5728,-84
8811,CA-2017-120614,2017-05-30,2017-04-06,Standard Class,SM-20950,Suzanne McNair,Corporate,United States,Los Angeles,California,90004,West,OFF-PA-10004911,Office Supplies,Paper,"Rediform S.O.S. 1-Up Phone Message Bk, 4-1/4x3-1/16 Bk, 1 Form/Pg, 40 Messages/Bk, 3/Pk",37.52,4,0.0,18.0096,-54
8812,US-2016-140172,2016-08-03,2016-03-13,Standard Class,SP-20650,Stephanie Phelps,Corporate,United States,Jackson,Michigan,49201,Central,OFF-AP-10004233,Office Supplies,Appliances,Honeywell Enviracaire Portable Air Cleaner for up to 8 x 10 Room,207.144,3,0.1,48.3336,-143
8813,US-2016-140172,2016-08-03,2016-03-13,Standard Class,SP-20650,Stephanie Phelps,Corporate,United States,Jackson,Michigan,49201,Central,OFF-AR-10002766,Office Supplies,Art,Prang Drawing Pencil Set,13.9,5,0.0,3.753,-143
8820,CA-2015-142930,2015-11-28,2015-02-12,Standard Class,EB-14170,Evan Bailliet,Consumer,United States,Austin,Texas,78745,Central,OFF-PA-10003395,Office Supplies,Paper,Xerox 1941,335.52,4,0.2,117.432,-289
8842,US-2016-112396,2016-09-02,2016-02-13,Standard Class,JR-16210,Justin Ritter,Corporate,United States,San Francisco,California,94110,West,TEC-AC-10003628,Technology,Accessories,Logitech 910-002974 M325 Wireless Mouse for Web Scrolling,89.97,3,0.0,39.5868,-202
8843,US-2016-112396,2016-09-02,2016-02-13,Standard Class,JR-16210,Justin Ritter,Corporate,United States,San Francisco,California,94110,West,TEC-AC-10004761,Technology,Accessories,Maxell 4.7GB DVD+RW 3/Pack,31.86,2,0.0,11.151,-202
8861,CA-2015-125934,2015-11-09,2015-09-18,Standard Class,SN-20560,Skye Norling,Home Office,United States,Paterson,New Jersey,7501,East,OFF-LA-10000414,Office Supplies,Labels,Avery 503,31.05,3,0.0,14.904,-52
8862,CA-2015-125934,2015-11-09,2015-09-18,Standard Class,SN-20560,Skye Norling,Home Office,United States,Paterson,New Jersey,7501,East,FUR-FU-10002107,Furniture,Furnishings,Eldon Pizzaz Desk Accessories,8.92,4,0.0,3.9248,-52
8863,CA-2015-125934,2015-11-09,2015-09-18,Standard Class,SN-20560,Skye Norling,Home Office,United States,Paterson,New Jersey,7501,East,OFF-BI-10004593,Office Supplies,Binders,Ibico Laser Imprintable Binding System Covers,209.6,4,0.0,96.416,-52
8864,CA-2015-125934,2015-11-09,2015-09-18,Standard Class,SN-20560,Skye Norling,Home Office,United States,Paterson,New Jersey,7501,East,OFF-AP-10003860,Office Supplies,Appliances,Fellowes Advanced 8 Outlet Surge Suppressor with Phone/Fax Protection,111.04,4,0.0,29.9808,-52
8865,CA-2015-125934,2015-11-09,2015-09-18,Standard Class,SN-20560,Skye Norling,Home Office,United States,Paterson,New Jersey,7501,East,OFF-PA-10000556,Office Supplies,Paper,Xerox 208,38.88,6,0.0,18.6624,-52
8882,CA-2016-135594,2016-06-30,2016-03-07,Second Class,AH-10120,Adrian Hane,Home Office,United States,Aurora,Illinois,60505,Central,TEC-AC-10003038,Technology,Accessories,Kingston Digital DataTraveler 16GB USB 2.0,50.12,7,0.2,-0.6265,-115
8901,CA-2016-150483,2016-05-31,2016-04-06,Standard Class,BP-11290,Beth Paige,Consumer,United States,Decatur,Illinois,62521,Central,FUR-FU-10001379,Furniture,Furnishings,"Executive Impressions 16-1/2"" Circular Wall Clock",32.064,3,0.6,-12.8256,-55
8902,CA-2016-150483,2016-05-31,2016-04-06,Standard Class,BP-11290,Beth Paige,Consumer,United States,Decatur,Illinois,62521,Central,OFF-PA-10001846,Office Supplies,Paper,Xerox 1899,18.496,4,0.2,6.7048,-55
8903,CA-2016-150483,2016-05-31,2016-04-06,Standard Class,BP-11290,Beth Paige,Consumer,United States,Decatur,Illinois,62521,Central,FUR-CH-10000422,Furniture,Chairs,Global Highback Leather Tilter in Burgundy,191.079,3,0.3,-38.2158,-55
8904,CA-2016-150483,2016-05-31,2016-04-06,Standard Class,BP-11290,Beth Paige,Consumer,United States,Decatur,Illinois,62521,Central,OFF-PA-10004621,Office Supplies,Paper,Xerox 212,10.368,2,0.2,3.6288,-55
8909,CA-2015-109603,2015-01-26,2015-01-02,Standard Class,EM-13825,Elizabeth Moffitt,Corporate,United States,Moreno Valley,California,92553,West,OFF-PA-10003790,Office Supplies,Paper,Xerox 1991,182.72,8,0.0,84.0512,-24
8910,CA-2017-160661,2017-10-28,2017-01-11,Standard Class,SA-20830,Sue Ann Reed,Consumer,United States,Everett,Massachusetts,2149,East,OFF-LA-10002475,Office Supplies,Labels,Avery 519,21.93,3,0.0,10.3071,-290
8915,US-2016-144057,2016-09-05,2016-05-13,Standard Class,CV-12805,Cynthia Voltz,Corporate,United States,Austin,Texas,78745,Central,OFF-ST-10001490,Office Supplies,Storage,"Hot File 7-Pocket, Floor Stand",856.656,6,0.2,107.082,-115
8916,US-2016-144057,2016-09-05,2016-05-13,Standard Class,CV-12805,Cynthia Voltz,Corporate,United States,Austin,Texas,78745,Central,OFF-BI-10002852,Office Supplies,Binders,Ibico Standard Transparent Covers,13.184,4,0.8,-20.4352,-115
8917,US-2016-144057,2016-09-05,2016-05-13,Standard Class,CV-12805,Cynthia Voltz,Corporate,United States,Austin,Texas,78745,Central,OFF-AP-10000390,Office Supplies,Appliances,Euro Pro Shark Stick Mini Vacuum,48.784,4,0.8,-131.7168,-115
8918,US-2016-144057,2016-09-05,2016-05-13,Standard Class,CV-12805,Cynthia Voltz,Corporate,United States,Austin,Texas,78745,Central,OFF-PA-10004327,Office Supplies,Paper,Xerox 1911,76.64,2,0.2,26.824,-115
8919,US-2016-144057,2016-09-05,2016-05-13,Standard Class,CV-12805,Cynthia Voltz,Corporate,United States,Austin,Texas,78745,Central,OFF-BI-10002353,Office Supplies,Binders,GBC VeloBind Cover Sets,18.528,6,0.8,-27.792,-115
8921,CA-2014-132983,2014-04-28,2014-03-05,Standard Class,DS-13180,David Smith,Corporate,United States,Jamestown,New York,14701,East,TEC-AC-10000736,Technology,Accessories,Logitech G600 MMO Gaming Mouse,159.98,2,0.0,57.5928,-54
8924,CA-2017-133928,2017-11-06,2017-06-17,Standard Class,ZC-21910,Zuschuss Carroll,Consumer,United States,Hickory,North Carolina,28601,South,OFF-BI-10001525,Office Supplies,Binders,"Acco Pressboard Covers with Storage Hooks, 14 7/8"" x 11"", Executive Red",4.572,4,0.7,-3.81,-142
9010,CA-2017-106047,2017-12-07,2017-07-18,Standard Class,CS-11860,Cari Schnelling,Consumer,United States,Fairfield,Ohio,45014,East,OFF-PA-10000791,Office Supplies,Paper,"Wirebound Message Books, Four 2 3/4 x 5 Forms per Page, 200 Sets per Book",3.816,1,0.2,1.1925,-142
9024,CA-2015-165799,2015-06-29,2015-02-07,First Class,SG-20470,Sheri Gordon,Consumer,United States,New York City,New York,10024,East,FUR-CH-10001482,Furniture,Chairs,Office Star - Mesh Screen back chair with Vinyl seat,117.882,1,0.1,1.3098,-142
9025,CA-2016-102127,2016-06-26,2016-02-07,Standard Class,VP-21760,Victoria Pisteka,Corporate,United States,New York City,New York,10035,East,TEC-AC-10002018,Technology,Accessories,AmazonBasics 3-Button USB Wired Mouse,20.97,3,0.0,9.0171,-140
9026,CA-2016-102127,2016-06-26,2016-02-07,Standard Class,VP-21760,Victoria Pisteka,Corporate,United States,New York City,New York,10035,East,TEC-AC-10000397,Technology,Accessories,"Perixx PERIBOARD-512B, Ergonomic Split Keyboard",139.96,4,0.0,9.7972,-140
9027,CA-2016-102127,2016-06-26,2016-02-07,Standard Class,VP-21760,Victoria Pisteka,Corporate,United States,New York City,New York,10035,East,FUR-FU-10003976,Furniture,Furnishings,"DAX Executive Solid Wood Document Frame, Desktop or Hang, Mahogany, 5 x 7",37.74,3,0.0,12.8316,-140
9042,CA-2014-114335,2014-09-28,2014-03-10,Standard Class,XP-21865,Xylona Preis,Consumer,United States,Hollywood,Florida,33021,South,FUR-FU-10000277,Furniture,Furnishings,Deflect-o DuraMat Antistatic Studded Beveled Mat for Medium Pile Carpeting,337.088,4,0.2,16.8544,-202
9056,CA-2015-128993,2015-12-09,2015-09-17,Second Class,CC-12670,Craig Carreira,Consumer,United States,Seattle,Washington,98103,West,TEC-AC-10004209,Technology,Accessories,Memorex Froggy Flash Drive 4 GB,21.98,2,0.0,8.5722,-83
9072,CA-2015-136105,2015-12-06,2015-06-16,Standard Class,SZ-20035,Sam Zeldin,Home Office,United States,Columbus,Indiana,47201,Central,OFF-ST-10002444,Office Supplies,Storage,Recycled Eldon Regeneration Jumbo File,24.56,2,0.0,6.8768,-173
9081,CA-2017-166898,2017-11-09,2017-09-13,Second Class,KH-16630,Ken Heidel,Corporate,United States,Santa Ana,California,92704,West,TEC-PH-10002564,Technology,Phones,OtterBox Defender Series Case - Samsung Galaxy S4,143.952,6,0.2,17.994,-57
9082,CA-2017-166898,2017-11-09,2017-09-13,Second Class,KH-16630,Ken Heidel,Corporate,United States,Santa Ana,California,92704,West,OFF-PA-10002262,Office Supplies,Paper,Xerox 192,19.44,3,0.0,9.3312,-57
9092,CA-2015-162950,2015-06-28,2015-03-07,Second Class,DW-13585,Dorothy Wardle,Corporate,United States,Troy,Ohio,45373,East,OFF-PA-10003177,Office Supplies,Paper,Xerox 1999,15.552,3,0.2,5.4432,-113
9093,CA-2015-162950,2015-06-28,2015-03-07,Second Class,DW-13585,Dorothy Wardle,Corporate,United States,Troy,Ohio,45373,East,FUR-BO-10001918,Furniture,Bookcases,"Sauder Forest Hills Library with Doors, Woodland Oak Finish",482.94,6,0.5,-376.6932,-113
9098,US-2014-158365,2014-12-04,2014-04-17,Standard Class,SV-20785,Stewart Visinsky,Consumer,United States,Bloomington,Indiana,47401,Central,OFF-PA-10000289,Office Supplies,Paper,Xerox 213,32.4,5,0.0,15.552,-231
9099,CA-2017-152933,2017-12-10,2017-10-16,Standard Class,MG-17650,Matthew Grinstein,Home Office,United States,Dallas,Texas,75081,Central,TEC-PH-10002085,Technology,Phones,Clarity 53712,369.544,7,0.2,27.7158,-55
9100,CA-2017-152933,2017-12-10,2017-10-16,Standard Class,MG-17650,Matthew Grinstein,Home Office,United States,Dallas,Texas,75081,Central,OFF-PA-10001934,Office Supplies,Paper,Xerox 1993,10.368,2,0.2,3.7584,-55
9101,CA-2017-152933,2017-12-10,2017-10-16,Standard Class,MG-17650,Matthew Grinstein,Home Office,United States,Dallas,Texas,75081,Central,TEC-AC-10003033,Technology,Accessories,Plantronics CS510 - Over-the-Head monaural Wireless Headset System,791.88,3,0.2,128.6805,-55
9127,CA-2015-157028,2015-11-28,2015-03-12,Standard Class,MA-17995,Michelle Arnett,Home Office,United States,Las Cruces,New Mexico,88001,West,OFF-AR-10004441,Office Supplies,Art,BIC Brite Liner Highlighters,8.28,2,0.0,3.4776,-261
9128,CA-2017-112473,2017-05-25,2017-01-06,Standard Class,JL-15505,Jeremy Lonsdale,Consumer,United States,Houston,Texas,77070,Central,OFF-ST-10002182,Office Supplies,Storage,"Iris 3-Drawer Stacking Bin, Black",50.136,3,0.2,-11.2806,-139
9132,CA-2017-100055,2017-05-28,2017-01-06,Standard Class,MD-17860,Michael Dominguez,Corporate,United States,Laurel,Maryland,20707,East,FUR-FU-10001473,Furniture,Furnishings,DAX Wood Document Frame,27.46,2,0.0,9.8856,-142
9133,CA-2017-100055,2017-05-28,2017-01-06,Standard Class,MD-17860,Michael Dominguez,Corporate,United States,Laurel,Maryland,20707,East,OFF-AP-10001469,Office Supplies,Appliances,Fellowes 8 Outlet Superior Workstation Surge Protector,125.13,3,0.0,36.2877,-142
9134,CA-2015-157805,2015-08-31,2015-04-09,Standard Class,RH-19510,Rick Huthwaite,Home Office,United States,San Diego,California,92037,West,TEC-PH-10004447,Technology,Phones,Toshiba IPT2010-SD IP Telephone,555.96,5,0.2,41.697,-144
9135,CA-2016-124254,2016-12-04,2016-04-17,Standard Class,TB-21175,Thomas Boland,Corporate,United States,Wilson,North Carolina,27893,South,OFF-ST-10001469,Office Supplies,Storage,Fellowes Bankers Box Recycled Super Stor/Drawer,129.552,3,0.2,-22.6716,-231
9136,CA-2016-124254,2016-12-04,2016-04-17,Standard Class,TB-21175,Thomas Boland,Corporate,United States,Wilson,North Carolina,27893,South,OFF-ST-10000060,Office Supplies,Storage,Fellowes Bankers Box Staxonsteel Drawer File/Stacking System,51.984,1,0.2,-5.1984,-231
9137,CA-2016-124254,2016-12-04,2016-04-17,Standard Class,TB-21175,Thomas Boland,Corporate,United States,Wilson,North Carolina,27893,South,OFF-PA-10000807,Office Supplies,Paper,"TOPS ""Important Message"" Pads, Canary, 4-1/4 x 5-1/2, 50 Sheets per Pad",10.272,3,0.2,3.4668,-231
9141,CA-2017-123029,2017-09-30,2017-02-10,Second Class,BT-11530,Bradley Talbott,Home Office,United States,Los Angeles,California,90049,West,TEC-AC-10002402,Technology,Accessories,Razer Kraken PRO Over Ear PC and Music Headset,159.98,2,0.0,47.994,-232
9160,CA-2016-118934,2016-09-08,2016-08-14,Standard Class,GH-14410,Gary Hansen,Home Office,United States,Hendersonville,Tennessee,37075,South,OFF-BI-10003314,Office Supplies,Binders,Tuff Stuff Recycled Round Ring Binders,4.338,3,0.7,-3.0366,-25
9161,CA-2016-118934,2016-09-08,2016-08-14,Standard Class,GH-14410,Gary Hansen,Home Office,United States,Hendersonville,Tennessee,37075,South,OFF-BI-10004465,Office Supplies,Binders,Avery Durable Slant Ring Binders,11.88,5,0.7,-7.92,-25
9175,CA-2017-119424,2017-12-06,2017-06-14,Second Class,SB-20185,Sarah Brown,Consumer,United States,Kent,Washington,98031,West,TEC-PH-10002564,Technology,Phones,OtterBox Defender Series Case - Samsung Galaxy S4,71.976,3,0.2,8.997,-175
9176,CA-2017-119424,2017-12-06,2017-06-14,Second Class,SB-20185,Sarah Brown,Consumer,United States,Kent,Washington,98031,West,OFF-PA-10001639,Office Supplies,Paper,Xerox 203,19.44,3,0.0,9.3312,-175
9195,CA-2014-146843,2014-11-30,2014-06-12,Standard Class,PB-19150,Philip Brown,Consumer,United States,Avondale,Arizona,85323,West,OFF-SU-10001664,Office Supplies,Supplies,Acme Office Executive Series Stainless Steel Trimmers,47.992,7,0.2,3.5994,-171
9196,CA-2014-146843,2014-11-30,2014-06-12,Standard Class,PB-19150,Philip Brown,Consumer,United States,Avondale,Arizona,85323,West,TEC-AC-10002550,Technology,Accessories,"Memorex 25GB 6X Branded Blu-Ray Recordable Disc, 30/Pack",102.24,4,0.2,-16.614,-171
9197,CA-2014-103310,2014-10-05,2014-05-15,Standard Class,GM-14680,Greg Matthias,Consumer,United States,San Jose,California,95123,West,OFF-PA-10004353,Office Supplies,Paper,Southworth 25% Cotton Premium Laser Paper and Envelopes,39.96,2,0.0,19.1808,-143
9198,CA-2014-103310,2014-10-05,2014-05-15,Standard Class,GM-14680,Greg Matthias,Consumer,United States,San Jose,California,95123,West,TEC-PH-10001817,Technology,Phones,Wilson Electronics DB Pro Signal Booster,1432.0,5,0.2,125.3,-143
9199,CA-2014-103310,2014-10-05,2014-05-15,Standard Class,GM-14680,Greg Matthias,Consumer,United States,San Jose,California,95123,West,OFF-SU-10004737,Office Supplies,Supplies,Acme Design Stainless Steel Bent Scissors,41.04,6,0.0,11.0808,-143
9200,CA-2014-103310,2014-10-05,2014-05-15,Standard Class,GM-14680,Greg Matthias,Consumer,United States,San Jose,California,95123,West,FUR-CH-10002320,Furniture,Chairs,Hon Pagoda Stacking Chairs,256.784,1,0.2,32.098,-143
9203,CA-2016-153836,2016-10-30,2016-03-11,Standard Class,EH-13765,Edward Hooks,Corporate,United States,New York City,New York,10011,East,OFF-BI-10004817,Office Supplies,Binders,GBC Personal VeloBind Strips,28.752,3,0.2,10.0632,-233
9204,CA-2016-153836,2016-10-30,2016-03-11,Standard Class,EH-13765,Edward Hooks,Corporate,United States,New York City,New York,10011,East,OFF-AR-10004602,Office Supplies,Art,Boston KS Multi-Size Manual Pencil Sharpener,114.95,5,0.0,32.186,-233
9215,US-2017-120908,2017-09-30,2017-02-10,First Class,BF-10975,Barbara Fisher,Corporate,United States,Philadelphia,Pennsylvania,19120,East,OFF-LA-10004677,Office Supplies,Labels,Self-Adhesive Address Labels for Typewriters with Dispenser Box,20.664,7,0.2,6.9741,-232
9239,CA-2017-138156,2017-11-02,2017-02-14,First Class,MM-17260,Magdelene Morse,Consumer,United States,Columbus,Ohio,43229,East,FUR-FU-10003601,Furniture,Furnishings,"Deflect-o RollaMat Studded, Beveled Mat for Medium Pile Carpeting",147.568,2,0.2,-3.6892,-261
9240,CA-2017-110310,2017-10-27,2017-02-11,Standard Class,NB-18655,Nona Balk,Corporate,United States,Tallahassee,Florida,32303,South,OFF-PA-10001685,Office Supplies,Paper,Easy-staple paper,56.784,7,0.2,20.5842,-258
9241,CA-2017-110310,2017-10-27,2017-02-11,Standard Class,NB-18655,Nona Balk,Corporate,United States,Tallahassee,Florida,32303,South,OFF-BI-10001097,Office Supplies,Binders,Avery Hole Reinforcements,5.607,3,0.7,-3.9249,-258
9242,CA-2017-110310,2017-10-27,2017-02-11,Standard Class,NB-18655,Nona Balk,Corporate,United States,Tallahassee,Florida,32303,South,OFF-AR-10001662,Office Supplies,Art,Rogers Handheld Barrel Pencil Sharpener,6.576,3,0.2,0.5754,-258
9243,CA-2014-113271,2014-09-07,2014-07-14,Standard Class,DS-13030,Darrin Sayre,Home Office,United States,San Francisco,California,94122,West,OFF-BI-10002609,Office Supplies,Binders,Avery Hidden Tab Dividers for Binding Systems,14.304,6,0.2,4.6488,-55
9244,CA-2014-113271,2014-09-07,2014-07-14,Standard Class,DS-13030,Darrin Sayre,Home Office,United States,San Francisco,California,94122,West,FUR-BO-10004218,Furniture,Bookcases,"Bush Heritage Pine Collection 5-Shelf Bookcase, Albany Pine Finish, *Special Order",119.833,1,0.15,7.049,-55
9245,CA-2014-113271,2014-09-07,2014-07-14,Standard Class,DS-13030,Darrin Sayre,Home Office,United States,San Francisco,California,94122,West,OFF-AR-10003251,Office Supplies,Art,Prang Drawing Pencil Set,5.56,2,0.0,2.224,-55
9246,CA-2014-113271,2014-09-07,2014-07-14,Standard Class,DS-13030,Darrin Sayre,Home Office,United States,San Francisco,California,94122,West,OFF-PA-10002365,Office Supplies,Paper,Xerox 1967,32.4,5,0.0,15.552,-55
9255,CA-2014-168368,2014-11-02,2014-02-15,Second Class,GA-14725,Guy Armstrong,Consumer,United States,Columbia,Missouri,65203,Central,FUR-CH-10001146,Furniture,Chairs,"Global Value Mid-Back Manager's Chair, Gray",60.89,1,0.0,15.2225,-260
9256,CA-2014-168368,2014-11-02,2014-02-15,Second Class,GA-14725,Guy Armstrong,Consumer,United States,Columbia,Missouri,65203,Central,OFF-LA-10004853,Office Supplies,Labels,Avery 483,14.94,3,0.0,6.8724,-260
9257,CA-2014-168368,2014-11-02,2014-02-15,Second Class,GA-14725,Guy Armstrong,Consumer,United States,Columbia,Missouri,65203,Central,OFF-BI-10004728,Office Supplies,Binders,Wilson Jones Turn Tabs Binder Tool for Ring Binders,9.64,2,0.0,4.4344,-260
9258,CA-2014-168368,2014-11-02,2014-02-15,Second Class,GA-14725,Guy Armstrong,Consumer,United States,Columbia,Missouri,65203,Central,FUR-FU-10002298,Furniture,Furnishings,"Rubbermaid ClusterMat Chairmats, Mat Size- 66"" x 60"", Lip 20"" x 11"" -90 Degree Angle",332.94,3,0.0,53.2704,-260
9259,CA-2014-168368,2014-11-02,2014-02-15,Second Class,GA-14725,Guy Armstrong,Consumer,United States,Columbia,Missouri,65203,Central,OFF-BI-10004654,Office Supplies,Binders,VariCap6 Expandable Binder,51.9,3,0.0,24.393,-260
9260,CA-2014-168368,2014-11-02,2014-02-15,Second Class,GA-14725,Guy Armstrong,Consumer,United States,Columbia,Missouri,65203,Central,OFF-ST-10002583,Office Supplies,Storage,Fellowes Neat Ideas Storage Cubes,64.96,2,0.0,2.5984,-260
9265,US-2017-128118,2017-11-24,2017-01-12,Standard Class,MY-17380,Maribeth Yedwab,Corporate,United States,Memphis,Tennessee,38109,South,OFF-BI-10000216,Office Supplies,Binders,"Mead 1st Gear 2"" Zipper Binder, Asst. Colors",11.673,3,0.7,-7.782,-316
9266,US-2017-128118,2017-11-24,2017-01-12,Standard Class,MY-17380,Maribeth Yedwab,Corporate,United States,Memphis,Tennessee,38109,South,OFF-EN-10003448,Office Supplies,Envelopes,"Peel & Seel Recycled Catalog Envelopes, Brown",64.848,7,0.2,24.318,-316
9272,CA-2016-100510,2016-12-05,2016-05-17,Standard Class,HM-14860,Harry Marie,Corporate,United States,New York City,New York,10024,East,FUR-FU-10000320,Furniture,Furnishings,OIC Stacking Trays,10.02,3,0.0,4.4088,-202
9273,CA-2016-100510,2016-12-05,2016-05-17,Standard Class,HM-14860,Harry Marie,Corporate,United States,New York City,New York,10024,East,TEC-PH-10001835,Technology,Phones,Jawbone JAMBOX Wireless Bluetooth Speaker,631.96,4,0.0,303.3408,-202
9282,US-2017-152898,2017-11-09,2017-09-15,Standard Class,CB-12025,Cassandra Brandow,Consumer,United States,Richmond,Virginia,23223,South,OFF-AP-10000027,Office Supplies,Appliances,Hoover Commercial SteamVac,67.9,5,0.0,20.37,-55
9289,US-2017-165456,2017-11-30,2017-03-12,First Class,TB-21625,Trudy Brown,Consumer,United States,Philadelphia,Pennsylvania,19134,East,FUR-CH-10003981,Furniture,Chairs,Global Commerce Series Low-Back Swivel/Tilt Chairs,1079.316,6,0.3,-15.4188,-263
9295,CA-2017-161340,2017-05-28,2017-01-06,Standard Class,AM-10360,Alice McCarthy,Corporate,United States,Cleveland,Ohio,44105,East,OFF-PA-10002464,Office Supplies,Paper,HP Office Recycled Paper (20Lb. and 87 Bright),13.872,3,0.2,5.0286,-142
9296,CA-2017-161340,2017-05-28,2017-01-06,Standard Class,AM-10360,Alice McCarthy,Corporate,United States,Cleveland,Ohio,44105,East,FUR-BO-10004709,Furniture,Bookcases,"Bush Westfield Collection Bookcases, Medium Cherry Finish",115.96,4,0.5,-64.9376,-142
9331,US-2015-153283,2015-12-11,2015-11-18,Standard Class,EB-14110,Eugene Barchas,Consumer,United States,New York City,New York,10035,East,OFF-EN-10001539,Office Supplies,Envelopes,Staple envelope,15.56,2,0.0,7.3132,-23
9332,CA-2016-108056,2016-09-29,2016-03-10,Standard Class,ES-14080,Erin Smith,Corporate,United States,Springfield,Oregon,97477,West,TEC-PH-10001817,Technology,Phones,Wilson Electronics DB Pro Signal Booster,859.2,3,0.2,75.18,-203
9333,CA-2017-127726,2017-11-09,2017-09-13,Second Class,SS-20410,Shahid Shariari,Consumer,United States,Georgetown,Kentucky,40324,South,OFF-AP-10002578,Office Supplies,Appliances,"Fellowes Premier Superior Surge Suppressor, 10-Outlet, With Phone and Remote",195.68,4,0.0,50.8768,-57
9334,CA-2017-127726,2017-11-09,2017-09-13,Second Class,SS-20410,Shahid Shariari,Consumer,United States,Georgetown,Kentucky,40324,South,OFF-FA-10000992,Office Supplies,Fasteners,"Acco Clips to Go Binder Clips, 24 Clips in Two Sizes",14.2,4,0.0,6.674,-57
9367,CA-2014-108147,2014-08-06,2014-06-13,Standard Class,RD-19480,Rick Duston,Consumer,United States,Long Beach,New York,11561,East,OFF-BI-10003876,Office Supplies,Binders,"Green Canvas Binder for 8-1/2"" x 14"" Sheets",68.48,2,0.2,25.68,-54
9368,CA-2014-108147,2014-08-06,2014-06-13,Standard Class,RD-19480,Rick Duston,Consumer,United States,Long Beach,New York,11561,East,OFF-ST-10003470,Office Supplies,Storage,"Tennsco Snap-Together Open Shelving Units, Starter Sets and Add-On Units",1676.88,6,0.0,83.844,-54
9379,CA-2016-117625,2016-10-05,2016-05-15,Standard Class,GM-14500,Gene McClure,Consumer,United States,Chicago,Illinois,60610,Central,OFF-EN-10001535,Office Supplies,Envelopes,Grip Seal Envelopes,7.072,2,0.2,2.3868,-143
9385,CA-2017-100433,2017-11-08,2017-08-16,Standard Class,SJ-20125,Sanjit Jacobs,Home Office,United States,New York City,New York,10009,East,OFF-PA-10003441,Office Supplies,Paper,Xerox 226,25.92,4,0.0,12.4416,-84
9403,CA-2016-105459,2016-12-08,2016-08-17,Second Class,NP-18700,Nora Preis,Consumer,United States,New York City,New York,10024,East,FUR-TA-10001095,Furniture,Tables,Chromcraft Round Conference Tables,209.148,2,0.4,-66.2302,-113
9404,CA-2016-105459,2016-12-08,2016-08-17,Second Class,NP-18700,Nora Preis,Consumer,United States,New York City,New York,10024,East,OFF-ST-10000078,Office Supplies,Storage,Tennsco 6- and 18-Compartment Lockers,1591.02,6,0.0,286.3836,-113
9412,CA-2016-108959,2016-10-03,2016-03-14,Second Class,MH-17785,Maya Herman,Corporate,United States,Glendale,Arizona,85301,West,OFF-ST-10001272,Office Supplies,Storage,"Mini 13-1/2 Capacity Data Binder Rack, Pearl",104.696,1,0.2,6.5435,-203
9418,CA-2014-148285,2014-10-27,2014-01-11,Standard Class,RD-19810,Ross DeVincentis,Home Office,United States,Fayetteville,North Carolina,28314,South,OFF-PA-10001166,Office Supplies,Paper,Xerox 2,10.368,2,0.2,3.6288,-289
9419,CA-2014-148285,2014-10-27,2014-01-11,Standard Class,RD-19810,Ross DeVincentis,Home Office,United States,Fayetteville,North Carolina,28314,South,OFF-PA-10000349,Office Supplies,Paper,Easy-staple paper,11.952,3,0.2,4.0338,-289
9426,CA-2014-116246,2014-12-09,2014-09-17,Second Class,LW-17215,Luke Weiss,Consumer,United States,New York City,New York,10035,East,FUR-CH-10002024,Furniture,Chairs,HON 5400 Series Task Chairs for Big and Tall,3785.292,6,0.1,420.588,-83
9428,CA-2014-167486,2014-11-27,2014-01-12,Standard Class,JO-15145,Jack O'Briant,Corporate,United States,Buffalo,New York,14215,East,FUR-FU-10003268,Furniture,Furnishings,Eldon Radial Chair Mat for Low to Medium Pile Carpets,199.9,5,0.0,39.98,-319
9429,CA-2014-152100,2014-11-05,2014-05-16,Standard Class,VW-21775,Victoria Wilson,Corporate,United States,Huntsville,Texas,77340,Central,FUR-CH-10000015,Furniture,Chairs,Hon Multipurpose Stacking Arm Chairs,1212.96,8,0.3,-69.312,-173
9430,CA-2015-166219,2015-08-28,2015-01-09,Standard Class,BP-11185,Ben Peterman,Corporate,United States,Dallas,Texas,75081,Central,TEC-PH-10004165,Technology,Phones,Mitel MiVoice 5330e IP Phone,1099.96,5,0.2,82.497,-231
9431,CA-2015-166219,2015-08-28,2015-01-09,Standard Class,BP-11185,Ben Peterman,Corporate,United States,Dallas,Texas,75081,Central,FUR-TA-10004607,Furniture,Tables,Hon 2111 Invitation Series Straight Table,103.481,1,0.3,-16.2613,-231
9439,CA-2017-126144,2017-07-31,2017-05-08,Standard Class,GM-14680,Greg Matthias,Consumer,United States,Philadelphia,Pennsylvania,19134,East,TEC-PH-10001079,Technology,Phones,Polycom SoundPoint Pro SE-225 Corded phone,285.576,4,0.4,-57.1152,-84
9440,US-2014-154655,2014-12-10,2014-10-17,Standard Class,BP-11050,Barry Pond,Corporate,United States,Chicago,Illinois,60623,Central,OFF-SU-10000898,Office Supplies,Supplies,"Acme Hot Forged Carbon Steel Scissors with Nickel-Plated Handles, 3 7/8"" Cut, 8""L",22.24,2,0.2,2.502,-54
9446,CA-2015-168277,2015-05-29,2015-03-06,Standard Class,KB-16315,Karl Braun,Consumer,United States,Indianapolis,Indiana,46203,Central,OFF-LA-10004484,Office Supplies,Labels,Avery 476,12.39,3,0.0,5.6994,-84
9448,CA-2017-136882,2017-05-27,2017-03-06,Standard Class,DN-13690,Duane Noonan,Consumer,United States,Tulsa,Oklahoma,74133,Central,FUR-FU-10003664,Furniture,Furnishings,"Electrix Architect's Clamp-On Swing Arm Lamp, Black",477.3,5,0.0,138.417,-82
9452,CA-2015-129546,2015-09-28,2015-05-10,Standard Class,RP-19855,Roy Phan,Corporate,United States,Los Angeles,California,90032,West,OFF-AP-10002495,Office Supplies,Appliances,"Acco Smartsocket Table Surge Protector, 6 Color-Coded Adapter Outlets",186.15,3,0.0,55.845,-141
9453,CA-2015-129546,2015-09-28,2015-05-10,Standard Class,RP-19855,Roy Phan,Corporate,United States,Los Angeles,California,90032,West,OFF-BI-10004001,Office Supplies,Binders,GBC Recycled VeloBinder Covers,81.792,6,0.2,26.5824,-141
9454,CA-2015-129546,2015-09-28,2015-05-10,Standard Class,RP-19855,Roy Phan,Corporate,United States,Los Angeles,California,90032,West,OFF-SU-10004884,Office Supplies,Supplies,Acme Galleria Hot Forged Steel Scissors with Colored Handles,47.19,3,0.0,13.6851,-141
9455,CA-2015-129546,2015-09-28,2015-05-10,Standard Class,RP-19855,Roy Phan,Corporate,United States,Los Angeles,California,90032,West,TEC-PH-10003555,Technology,Phones,Motorola HK250 Universal Bluetooth Headset,36.784,2,0.2,-8.2764,-141
9457,CA-2017-151855,2017-05-27,2017-03-06,Standard Class,BW-11110,Bart Watters,Corporate,United States,Greensboro,North Carolina,27405,South,TEC-AC-10002380,Technology,Accessories,Sony 8GB Class 10 Micro SDHC R40 Memory Card,27.192,3,0.2,0.3399,-82
9458,CA-2017-151855,2017-05-27,2017-03-06,Standard Class,BW-11110,Bart Watters,Corporate,United States,Greensboro,North Carolina,27405,South,OFF-BI-10004209,Office Supplies,Binders,"Fellowes Twister Kit, Gray/Clear, 3/pkg",12.06,5,0.7,-10.05,-82
9475,CA-2015-100818,2015-05-31,2015-05-06,Second Class,JM-15265,Janet Molinari,Corporate,United States,Chicago,Illinois,60653,Central,OFF-LA-10000443,Office Supplies,Labels,Avery 501,5.904,2,0.2,1.9926,-25
9476,CA-2015-100818,2015-05-31,2015-05-06,Second Class,JM-15265,Janet Molinari,Corporate,United States,Chicago,Illinois,60653,Central,OFF-PA-10001125,Office Supplies,Paper,Xerox 1988,173.488,7,0.2,54.215,-25
9477,CA-2015-100818,2015-05-31,2015-05-06,Second Class,JM-15265,Janet Molinari,Corporate,United States,Chicago,Illinois,60653,Central,FUR-FU-10002703,Furniture,Furnishings,"Tenex Traditional Chairmats for Hard Floors, Average Lip, 36"" x 48""",51.56,2,0.6,-61.872,-25
9478,CA-2015-100818,2015-05-31,2015-05-06,Second Class,JM-15265,Janet Molinari,Corporate,United States,Chicago,Illinois,60653,Central,OFF-BI-10004364,Office Supplies,Binders,Storex Dura Pro Binders,3.564,3,0.8,-6.237,-25
9496,US-2016-123610,2016-12-05,2016-05-16,Standard Class,VM-21835,Vivian Mathis,Consumer,United States,Mission Viejo,California,92691,West,TEC-AC-10004518,Technology,Accessories,Memorex Mini Travel Drive 32 GB USB 2.0 Flash Drive,120.0,6,0.0,46.8,-203
9497,US-2016-123610,2016-12-05,2016-05-16,Standard Class,VM-21835,Vivian Mathis,Consumer,United States,Mission Viejo,California,92691,West,OFF-AP-10002222,Office Supplies,Appliances,Staple holder,8.67,1,0.0,2.3409,-203
9513,CA-2017-142461,2017-05-30,2017-03-06,Second Class,KT-16480,Kean Thornton,Consumer,United States,Dallas,Texas,75217,Central,FUR-BO-10001811,Furniture,Bookcases,"Atlantic Metals Mobile 5-Shelf Bookcases, Custom Colors",204.6664,1,0.32,-6.0196,-85
9537,CA-2017-124191,2017-12-06,2017-06-14,Second Class,TS-21610,Troy Staebel,Consumer,United States,Chicago,Illinois,60610,Central,FUR-FU-10002364,Furniture,Furnishings,"Eldon Expressions Wood Desk Accessories, Oak",8.856,3,0.6,-6.8634,-175
9541,CA-2015-135727,2015-11-05,2015-05-16,Second Class,PS-18970,Paul Stevenson,Home Office,United States,Phoenix,Arizona,85023,West,FUR-CH-10004540,Furniture,Chairs,Global Chrome Stack Chair,191.968,7,0.2,16.7972,-173
9546,CA-2014-166590,2014-10-29,2014-02-11,Standard Class,NC-18625,Noah Childs,Corporate,United States,Columbus,Indiana,47201,Central,TEC-AC-10003433,Technology,Accessories,Maxell 4.7GB DVD+R 5/Pack,1.98,2,0.0,0.891,-260
9547,CA-2014-166590,2014-10-29,2014-02-11,Standard Class,NC-18625,Noah Childs,Corporate,United States,Columbus,Indiana,47201,Central,OFF-PA-10000482,Office Supplies,Paper,"Snap-A-Way Black Print Carbonless Ruled Speed Letter, Triplicate",75.88,2,0.0,35.6636,-260
9553,CA-2015-163923,2015-05-30,2015-03-06,Standard Class,BD-11560,Brendan Dodson,Home Office,United States,Springfield,Virginia,22153,South,TEC-AC-10000358,Technology,Accessories,Imation Secure Drive + Hardware Encrypted USB flash drive - 16 GB,151.96,4,0.0,36.4704,-85
9555,CA-2015-111612,2015-11-28,2015-02-12,Standard Class,EB-14110,Eugene Barchas,Consumer,United States,Columbus,Ohio,43229,East,FUR-FU-10003799,Furniture,Furnishings,"Seth Thomas 13 1/2"" Wall Clock",71.12,5,0.2,9.779,-289
9556,CA-2015-111612,2015-11-28,2015-02-12,Standard Class,EB-14110,Eugene Barchas,Consumer,United States,Columbus,Ohio,43229,East,OFF-FA-10003021,Office Supplies,Fasteners,Staples,3.008,2,0.2,0.564,-289
9590,CA-2014-119172,2014-11-05,2014-05-15,Standard Class,HD-14785,Harold Dahlen,Home Office,United States,Chicago,Illinois,60610,Central,OFF-PA-10003036,Office Supplies,Paper,"Black Print Carbonless 8 1/2"" x 8 1/4"" Rapid Memo Book",17.472,3,0.2,5.6784,-174
9591,CA-2014-119172,2014-11-05,2014-05-15,Standard Class,HD-14785,Harold Dahlen,Home Office,United States,Chicago,Illinois,60610,Central,OFF-BI-10002026,Office Supplies,Binders,Avery Arch Ring Binders,104.58,9,0.8,-172.557,-174
9592,US-2016-105452,2016-07-28,2016-01-08,Standard Class,BF-11005,Barry Franz,Home Office,United States,Pasadena,Texas,77506,Central,FUR-FU-10003691,Furniture,Furnishings,"Eldon Image Series Desk Accessories, Ebony",24.7,5,0.6,-9.88,-202
9593,US-2016-105452,2016-07-28,2016-01-08,Standard Class,BF-11005,Barry Franz,Home Office,United States,Pasadena,Texas,77506,Central,FUR-FU-10003806,Furniture,Furnishings,"Tenex Chairmat w/ Average Lip, 45"" x 53""",302.72,5,0.6,-378.4,-202
9639,US-2017-125808,2017-12-11,2017-11-15,Second Class,EP-13915,Emily Phan,Consumer,United States,Los Angeles,California,90032,West,OFF-PA-10001846,Office Supplies,Paper,Xerox 1899,11.56,2,0.0,5.6644,-26
9645,US-2017-107979,2017-08-06,2017-06-13,Standard Class,FO-14305,Frank Olsen,Consumer,United States,Glendale,Arizona,85301,West,TEC-AC-10002006,Technology,Accessories,Memorex Micro Travel Drive 16 GB,89.544,7,0.2,12.3123,-54
9646,US-2017-107979,2017-08-06,2017-06-13,Standard Class,FO-14305,Frank Olsen,Consumer,United States,Glendale,Arizona,85301,West,OFF-ST-10002485,Office Supplies,Storage,Rogers Deluxe File Chest,35.168,2,0.2,-8.3524,-54
9647,US-2017-107979,2017-08-06,2017-06-13,Standard Class,FO-14305,Frank Olsen,Consumer,United States,Glendale,Arizona,85301,West,OFF-BI-10000778,Office Supplies,Binders,GBC VeloBinder Electric Binding Machine,72.588,2,0.7,-48.392,-54
9664,CA-2017-132619,2017-08-31,2017-05-09,Standard Class,MS-17770,Maxwell Schwartz,Consumer,United States,San Francisco,California,94109,West,OFF-ST-10001511,Office Supplies,Storage,Space Solutions Commercial Steel Shelving,193.95,3,0.0,9.6975,-114
9677,US-2014-120175,2014-11-28,2014-03-12,Standard Class,MC-17635,Matthew Clasen,Corporate,United States,Richmond,Indiana,47374,Central,OFF-EN-10003862,Office Supplies,Envelopes,Laser & Ink Jet Business Envelopes,64.02,6,0.0,29.4492,-261
9687,CA-2017-116498,2017-05-30,2017-03-06,Standard Class,KA-16525,Kelly Andreada,Consumer,United States,San Diego,California,92037,West,OFF-AR-10003405,Office Supplies,Art,"Dixon My First Ticonderoga Pencil, #2",35.1,6,0.0,10.179,-85
9688,US-2017-130603,2017-09-30,2017-06-10,Standard Class,SC-20050,Sample Company A,Home Office,United States,Arlington,Texas,76017,Central,OFF-BI-10000301,Office Supplies,Binders,GBC Instant Report Kit,11.646,9,0.8,-17.469,-112
9693,CA-2015-107902,2015-08-28,2015-02-09,Standard Class,SM-20950,Suzanne McNair,Corporate,United States,Fairfield,Connecticut,6824,East,OFF-ST-10001837,Office Supplies,Storage,"SAFCO Mobile Desk Side File, Wire Frame",470.36,11,0.0,122.2936,-200
9697,CA-2014-144281,2014-10-06,2014-06-15,Second Class,HK-14890,Heather Kirkland,Corporate,United States,Detroit,Michigan,48234,Central,OFF-LA-10003930,Office Supplies,Labels,"Dot Matrix Printer Tape Reel Labels, White, 5000/Box",491.55,5,0.0,240.8595,-113
9702,CA-2016-105291,2016-10-30,2016-04-11,Standard Class,SP-20920,Susan Pistek,Consumer,United States,San Luis Obispo,California,93405,West,OFF-FA-10003059,Office Supplies,Fasteners,Assorted Color Push Pins,3.62,2,0.0,1.1946,-202
9703,CA-2017-147032,2017-07-31,2017-04-08,Standard Class,LB-16795,Laurel Beltran,Home Office,United States,Wilmington,Delaware,19805,East,OFF-PA-10003256,Office Supplies,Paper,Avery Personal Creations Heavyweight Cards,11.54,1,0.0,5.5392,-114
9704,CA-2017-147032,2017-07-31,2017-04-08,Standard Class,LB-16795,Laurel Beltran,Home Office,United States,Wilmington,Delaware,19805,East,OFF-BI-10003656,Office Supplies,Binders,Fellowes PB200 Plastic Comb Binding Machine,849.95,5,0.0,390.977,-114
9705,CA-2017-147032,2017-07-31,2017-04-08,Standard Class,LB-16795,Laurel Beltran,Home Office,United States,Wilmington,Delaware,19805,East,OFF-BI-10002897,Office Supplies,Binders,"Black Avery Memo-Size 3-Ring Binder, 5 1/2"" x 8 1/2""",11.01,3,0.0,5.3949,-114
9717,US-2016-144477,2016-12-08,2016-08-14,Second Class,DB-13270,Deborah Brumfield,Home Office,United States,Philadelphia,Pennsylvania,19134,East,OFF-AR-10000914,Office Supplies,Art,Boston 16765 Mini Stand Up Battery Pencil Sharpener,37.312,4,0.2,2.7984,-116
9720,CA-2017-166835,2017-12-11,2017-11-14,Second Class,DK-13375,Dennis Kane,Consumer,United States,Lancaster,Pennsylvania,17602,East,OFF-ST-10002574,Office Supplies,Storage,"SAFCO Commercial Wire Shelving, Black",221.024,2,0.2,-55.256,-27
9730,CA-2014-111962,2014-09-29,2014-04-10,Standard Class,EB-14170,Evan Bailliet,Consumer,United States,Seattle,Washington,98115,West,OFF-BI-10001308,Office Supplies,Binders,GBC Standard Plastic Binding Systems' Combs,10.048,2,0.2,3.14,-172
9731,CA-2014-111962,2014-09-29,2014-04-10,Standard Class,EB-14170,Evan Bailliet,Consumer,United States,Seattle,Washington,98115,West,OFF-ST-10000046,Office Supplies,Storage,Fellowes Super Stor/Drawer Files,807.75,5,0.0,153.4725,-172
9737,US-2015-100069,2015-06-29,2015-03-07,Standard Class,NF-18475,Neil Französisch,Home Office,United States,Omaha,Nebraska,68104,Central,TEC-PH-10004667,Technology,Phones,Cisco 8x8 Inc. 6753i IP Business Phone System,269.98,2,0.0,72.8946,-114
9743,CA-2017-131303,2017-11-28,2017-02-12,Standard Class,EP-13915,Emily Phan,Consumer,United States,San Diego,California,92037,West,OFF-LA-10001074,Office Supplies,Labels,Round Specialty Laser Printer Labels,62.65,5,0.0,29.4455,-289
9751,CA-2016-113390,2016-11-10,2016-10-15,Standard Class,EP-13915,Emily Phan,Consumer,United States,Chicago,Illinois,60610,Central,OFF-AR-10003183,Office Supplies,Art,Avery Fluorescent Highlighter Four-Color Set,5.344,2,0.2,0.668,-26
9752,CA-2016-113390,2016-11-10,2016-10-15,Standard Class,EP-13915,Emily Phan,Consumer,United States,Chicago,Illinois,60610,Central,OFF-AR-10001446,Office Supplies,Art,Newell 309,27.72,3,0.2,3.465,-26
9760,CA-2016-146913,2016-10-31,2016-05-11,Standard Class,SF-20965,Sylvia Foulston,Corporate,United States,San Francisco,California,94109,West,FUR-CH-10001854,Furniture,Chairs,Office Star - Professional Matrix Back Chair with 2-to-1 Synchro Tilt and Mesh Fabric Seat,1403.92,5,0.2,70.196,-173
9774,CA-2016-160234,2016-06-26,2016-03-07,Standard Class,PF-19225,Phillip Flathmann,Consumer,United States,Atlanta,Georgia,30318,South,TEC-PH-10004434,Technology,Phones,Cisco IP Phone 7961G VoIP phone - Dark gray,135.95,1,0.0,39.4255,-111
9783,CA-2015-149748,2015-05-31,2015-02-06,Second Class,EM-13825,Elizabeth Moffitt,Corporate,United States,Paterson,New Jersey,7501,East,OFF-PA-10002120,Office Supplies,Paper,Xerox 1889,274.8,5,0.0,134.652,-114
9784,CA-2015-149748,2015-05-31,2015-02-06,Second Class,EM-13825,Elizabeth Moffitt,Corporate,United States,Paterson,New Jersey,7501,East,OFF-ST-10004340,Office Supplies,Storage,"Fellowes Mobile File Cart, Black",62.18,1,0.0,16.7886,-114
9785,CA-2015-149748,2015-05-31,2015-02-06,Second Class,EM-13825,Elizabeth Moffitt,Corporate,United States,Paterson,New Jersey,7501,East,FUR-FU-10001847,Furniture,Furnishings,Eldon Image Series Black Desk Accessories,8.28,2,0.0,2.9808,-114
9786,CA-2015-155635,2015-09-05,2015-05-13,Standard Class,ME-17725,Max Engle,Consumer,United States,Louisville,Kentucky,40214,South,OFF-BI-10000962,Office Supplies,Binders,"Acco Flexible ACCOHIDE Square Ring Data Binder, Dark Blue, 11 1/2"" X 14"" 7/8""",48.81,3,0.0,23.9169,-115
9788,CA-2017-144491,2017-03-27,2017-01-04,Standard Class,CJ-12010,Caroline Jumper,Consumer,United States,Houston,Texas,77070,Central,FUR-BO-10001811,Furniture,Bookcases,"Atlantic Metals Mobile 5-Shelf Bookcases, Custom Colors",1023.332,5,0.32,-30.098,-82
9789,CA-2017-144491,2017-03-27,2017-01-04,Standard Class,CJ-12010,Caroline Jumper,Consumer,United States,Houston,Texas,77070,Central,FUR-CH-10004063,Furniture,Chairs,Global Deluxe High-Back Manager's Chair,600.558,3,0.3,-8.5794,-82
9790,CA-2017-144491,2017-03-27,2017-01-04,Standard Class,CJ-12010,Caroline Jumper,Consumer,United States,Houston,Texas,77070,Central,TEC-AC-10004901,Technology,Accessories,Kensington SlimBlade Notebook Wireless Mouse with Nano Receiver,39.992,1,0.2,6.9986,-82
9791,CA-2017-144491,2017-03-27,2017-01-04,Standard Class,CJ-12010,Caroline Jumper,Consumer,United States,Houston,Texas,77070,Central,FUR-CH-10001714,Furniture,Chairs,"Global Leather & Oak Executive Chair, Burgundy",211.246,2,0.3,-66.3916,-82
9797,CA-2015-128608,2015-12-01,2015-01-17,Standard Class,CS-12490,Cindy Schnelling,Corporate,United States,Toledo,Ohio,43615,East,OFF-AR-10001374,Office Supplies,Art,"BIC Brite Liner Highlighters, Chisel Tip",10.368,2,0.2,1.5552,-318
9798,CA-2015-128608,2015-12-01,2015-01-17,Standard Class,CS-12490,Cindy Schnelling,Corporate,United States,Toledo,Ohio,43615,East,TEC-PH-10004977,Technology,Phones,GE 30524EE4,235.188,2,0.4,-43.1178,-318
9799,CA-2015-128608,2015-12-01,2015-01-17,Standard Class,CS-12490,Cindy Schnelling,Corporate,United States,Toledo,Ohio,43615,East,TEC-PH-10000912,Technology,Phones,Anker 24W Portable Micro USB Car Charger,26.376,4,0.4,2.6376,-318
9800,CA-2015-128608,2015-12-01,2015-01-17,Standard Class,CS-12490,Cindy Schnelling,Corporate,United States,Toledo,Ohio,43615,East,TEC-AC-10000487,Technology,Accessories,SanDisk Cruzer 4 GB USB Flash Drive,10.384,2,0.2,2.2066,-318
9801,CA-2015-128608,2015-12-01,2015-01-17,Standard Class,CS-12490,Cindy Schnelling,Corporate,United States,Toledo,Ohio,43615,East,TEC-PH-10002262,Technology,Phones,LG Electronics Tone+ HBS-730 Bluetooth Headset,107.118,3,0.4,-21.4236,-318
9802,CA-2017-137918,2017-09-29,2017-06-10,Standard Class,JK-15730,Joe Kamberova,Consumer,United States,Lodi,California,95240,West,OFF-SU-10000898,Office Supplies,Supplies,"Acme Hot Forged Carbon Steel Scissors with Nickel-Plated Handles, 3 7/8"" Cut, 8""L",97.3,7,0.0,28.217,-111
9808,CA-2017-107209,2017-07-27,2017-01-08,Second Class,JW-15955,Joni Wasserman,Consumer,United States,Raleigh,North Carolina,27604,South,FUR-CH-10001146,Furniture,Chairs,"Global Value Mid-Back Manager's Chair, Gray",194.848,4,0.2,12.178,-200
9837,US-2016-125402,2016-09-25,2016-01-10,Standard Class,DL-12865,Dan Lawera,Consumer,United States,Long Beach,California,90805,West,OFF-PA-10000141,Office Supplies,Paper,"Ampad Evidence Wirebond Steno Books, 6"" x 9""",10.9,5,0.0,5.123,-259
9838,US-2016-125402,2016-09-25,2016-01-10,Standard Class,DL-12865,Dan Lawera,Consumer,United States,Long Beach,California,90805,West,OFF-LA-10003923,Office Supplies,Labels,Alphabetical Labels for Top Tab Filing,29.6,2,0.0,14.8,-259
9839,US-2016-125402,2016-09-25,2016-01-10,Standard Class,DL-12865,Dan Lawera,Consumer,United States,Long Beach,California,90805,West,OFF-LA-10001771,Office Supplies,Labels,Avery 513,4.98,1,0.0,2.2908,-259
9840,US-2016-125402,2016-09-25,2016-01-10,Standard Class,DL-12865,Dan Lawera,Consumer,United States,Long Beach,California,90805,West,TEC-CO-10001943,Technology,Copiers,Canon PC-428 Personal Copier,479.976,3,0.2,161.9919,-259
9841,US-2016-125402,2016-09-25,2016-01-10,Standard Class,DL-12865,Dan Lawera,Consumer,United States,Long Beach,California,90805,West,TEC-PH-10003356,Technology,Phones,"SmartStand Mobile Device Holder, Assorted Colors",44.736,8,0.2,4.4736,-259
9842,US-2016-125402,2016-09-25,2016-01-10,Standard Class,DL-12865,Dan Lawera,Consumer,United States,Long Beach,California,90805,West,OFF-AR-10002255,Office Supplies,Art,Newell 346,5.76,2,0.0,1.6704,-259
9843,US-2016-125402,2016-09-25,2016-01-10,Standard Class,DL-12865,Dan Lawera,Consumer,United States,Long Beach,California,90805,West,FUR-CH-10000665,Furniture,Chairs,"Global Airflow Leather Mesh Back Chair, Black",483.136,4,0.2,60.392,-259
9850,CA-2014-142979,2014-12-04,2014-04-18,Standard Class,EH-13765,Edward Hooks,Corporate,United States,Lodi,California,95240,West,OFF-AR-10002987,Office Supplies,Art,Prismacolor Color Pencil Set,39.68,2,0.0,16.2688,-230
9882,CA-2014-153927,2014-12-08,2014-08-13,First Class,LL-16840,Lauren Leatherbury,Consumer,United States,Woodstock,Georgia,30188,South,OFF-BI-10000138,Office Supplies,Binders,Acco Translucent Poly Ring Binders,14.04,3,0.0,6.7392,-117
9883,CA-2014-153927,2014-12-08,2014-08-13,First Class,LL-16840,Lauren Leatherbury,Consumer,United States,Woodstock,Georgia,30188,South,TEC-AC-10000023,Technology,Accessories,"Maxell 74 Minute CD-R Spindle, 50/Pack",272.61,13,0.0,98.1396,-117
9888,CA-2017-169607,2017-12-10,2017-10-15,First Class,CA-12265,Christina Anderson,Consumer,United States,New York City,New York,10024,East,OFF-PA-10000477,Office Supplies,Paper,Xerox 1952,9.96,2,0.0,4.6812,-56
9896,CA-2014-115049,2014-09-26,2014-01-10,Standard Class,MM-17920,Michael Moore,Consumer,United States,Chicago,Illinois,60623,Central,TEC-AC-10004859,Technology,Accessories,"Maxell Pro 80 Minute CD-R, 10/Pack",153.824,11,0.2,38.456,-259
9900,US-2014-117380,2014-03-28,2014-03-04,Standard Class,MP-18175,Mike Pelletier,Home Office,United States,Springfield,Ohio,45503,East,FUR-TA-10000198,Furniture,Tables,Chromcraft Bull-Nose Wood Oval Conference Tables & Bases,330.588,1,0.4,-143.2548,-24
9904,CA-2014-122609,2014-12-11,2014-11-18,Standard Class,DP-13000,Darren Powers,Consumer,United States,Carrollton,Texas,75007,Central,FUR-FU-10004587,Furniture,Furnishings,"GE General Use Halogen Bulbs, 100 Watts, 1 Bulb per Pack",25.128,3,0.6,-6.9102,-23
9905,CA-2014-122609,2014-12-11,2014-11-18,Standard Class,DP-13000,Darren Powers,Consumer,United States,Carrollton,Texas,75007,Central,TEC-AC-10002567,Technology,Accessories,Logitech G602 Wireless Gaming Mouse,127.984,2,0.2,25.5968,-23
9934,CA-2014-166555,2014-11-07,2014-07-14,First Class,JK-15205,Jamie Kunitz,Consumer,United States,Niagara Falls,New York,14304,East,TEC-PH-10004912,Technology,Phones,Cisco SPA112 2 Port Phone Adapter,164.85,3,0.0,47.8065,-116
9945,CA-2015-145415,2015-12-04,2015-04-17,Second Class,RD-19660,Robert Dilbeck,Home Office,United States,Seattle,Washington,98103,West,OFF-ST-10000419,Office Supplies,Storage,"Rogers Jumbo File, Granite",40.74,3,0.0,0.4074,-231
9971,CA-2015-103772,2015-06-28,2015-02-07,Standard Class,MP-17470,Mark Packer,Home Office,United States,Smyrna,Georgia,30080,South,OFF-BI-10002867,Office Supplies,Binders,GBC Recycled Regency Composition Covers,119.56,2,0.0,54.9976,-141
9972,CA-2015-103772,2015-06-28,2015-02-07,Standard Class,MP-17470,Mark Packer,Home Office,United States,Smyrna,Georgia,30080,South,OFF-AR-10000538,Office Supplies,Art,"Boston Model 1800 Electric Pencil Sharpener, Gray",140.75,5,0.0,42.225,-141
9973,CA-2016-130225,2016-11-09,2016-09-17,Standard Class,RC-19960,Ryan Crowe,Consumer,United States,Houston,Texas,77041,Central,OFF-EN-10000056,Office Supplies,Envelopes,Cameo Buff Policy Envelopes,99.568,2,0.2,33.6042,-53
9987,CA-2016-125794,2016-09-29,2016-03-10,Standard Class,ML-17410,Maris LaWare,Consumer,United States,Los Angeles,California,90008,West,TEC-AC-10003399,Technology,Accessories,Memorex Mini Travel Drive 64 GB USB 2.0 Flash Drive,36.24,1,0.0,15.2208,-203
