Product ID,Product Name,Sales,Profit,Quantity,Orders,Profit Margin,Performance Quadrant
FUR-BO-10000112,"Bush Birmingham Collection Bookcase, Dark Cherry",825.174,-117.882,9,1,-0.14285714285714288,Volume
FUR-BO-10000330,"Sauder Camden County Barrister Bookcase, Planked Cherry Finish",1064.624,24.196,10,3,0.022727272727272728,Volume
FUR-BO-10000362,Sauder Inglewood Library Bookcases,2154.348,311.1836,14,5,0.14444444444444446,Star
FUR-BO-10000468,O'Sullivan 2-Shelf Heavy-Duty Bookcases,675.262,-140.88199999999998,20,5,-0.20863309352517984,Volume
FUR-BO-10000711,"Hon Metal Bookcases, Gray",851.76,229.9752,12,2,0.27,Star
FUR-BO-10000780,O'Sullivan Plantations 2-Door Library in Landvery Oak,1668.134,-526.5676,13,3,-0.3156626506024096,Volume
FUR-BO-10001337,O'Sullivan Living Dimensions 2-Shelf Bookcases,2147.395,-30.244999999999997,20,8,-0.01408450704225352,Volume
FUR-BO-10001519,O'Sullivan 3-Shelf Heavy-Duty Bookcases,944.775,105.2334,19,4,0.11138461538461539,Star
FUR-BO-10001567,"Bush Westfield Collection Bookcases, Dark Cherry Finish, Fully Assembled",90.882,-190.8522,3,1,-2.1,Weak
FUR-BO-10001601,"Sauder Mission Library with Doors, Fruitwood Finish",935.1972,-125.74080000000001,10,3,-0.13445378151260506,Volume
FUR-BO-10001608,"Hon Metal Bookcases, Black",888.6696,-69.5604,18,4,-0.07827476038338659,Volume
FUR-BO-10001619,O'Sullivan Cherrywood Estates Traditional Bookcase,424.90000000000003,27.193599999999996,6,2,0.06399999999999999,Volume
FUR-BO-10001798,Bush Somerset Collection Bookcase,707.2919999999999,-62.8704,7,3,-0.08888888888888889,Volume
FUR-BO-10001811,"Atlantic Metals Mobile 5-Shelf Bookcases, Custom Colors",4264.8866,51.1666,20,6,0.011997177134791814,Star
FUR-BO-10001918,"Sauder Forest Hills Library with Doors, Woodland Oak Finish",531.2339999999999,-41.8548,4,2,-0.0787878787878788,Volume
FUR-BO-10001972,O'Sullivan 4-Shelf Bookcase in Odessa Pine,2740.197,-975.0988,37,7,-0.355849889624724,Volume
FUR-BO-10002202,"Atlantic Metals Mobile 2-Shelf Bookcases, Custom Colors",400.0268,-113.2606,3,2,-0.28313253012048195,Volume
FUR-BO-10002206,"Bush Saratoga Collection 5-Shelf Bookcase, Hanover Cherry, *Special Order",119.833,-12.6882,1,1,-0.10588235294117647,Weak
FUR-BO-10002213,DMI Eclipse Executive Suite Bookcases,11046.609,90.17640000000002,27,6,0.00816326530612245,Star
FUR-BO-10002213,"Sauder Forest Hills Library, Woodland Oak Finish",1875.034,-70.49,15,4,-0.03759398496240601,Volume
FUR-BO-10002268,Sauder Barrister Bookcases,145.764,-247.7988,6,1,-1.7,Weak
FUR-BO-10002545,"Atlantic Metals Mobile 3-Shelf Bookcases, Custom Colors",5360.5292,532.3992000000001,25,6,0.09931840311587148,Star
FUR-BO-10002598,"Hon Metal Bookcases, Putty",397.488,95.1132,6,3,0.2392857142857143,Star
FUR-BO-10002613,"Atlantic Metals Mobile 4-Shelf Bookcases, Custom Colors",4284.945,-238.83300000000003,23,5,-0.055737704918032795,Volume
FUR-BO-10002824,Bush Mission Pointe Library,748.8608,24.156800000000004,6,3,0.03225806451612904,Volume
FUR-BO-10002853,O'Sullivan 5-Shelf Heavy-Duty Bookcases,376.924,69.649,5,3,0.1847826086956522,Star
FUR-BO-10002916,"Rush Hierlooms Collection 1"" Thick Stackable Bookcases",1119.919,150.4624,7,3,0.13435114503816792,Star
FUR-BO-10003034,"O'Sullivan Elevations Bookcase, Cherry Finish",1388.388,-41.913599999999995,13,4,-0.030188679245283016,Volume
FUR-BO-10003159,"Sauder Camden County Collection Libraries, Planked Cherry Finish",1909.8178,-78.18639999999999,19,7,-0.04093919325707405,Volume
FUR-BO-10003272,O'Sullivan Living Dimensions 5-Shelf Bookcases,3243.9864,-733.6536,20,5,-0.22615803814713897,Volume
FUR-BO-10003404,"Global Adaptabilites Bookcase, Cherry/Storm Gray Finish",1292.94,77.5764,3,1,0.060000000000000005,Star
FUR-BO-10003433,Sauder Cornerstone Collection Library,322.192,-81.16760000000001,14,3,-0.2519230769230769,Volume
FUR-BO-10003441,"Bush Westfield Collection Bookcases, Fully Assembled",1473.2982000000002,73.71539999999999,18,6,0.05003427004797805,Star
FUR-BO-10003450,"Bush Westfield Collection Bookcases, Dark Cherry Finish",649.376,-97.4064,14,3,-0.15000000000000002,Volume
FUR-BO-10003546,Hon 4-Shelf Metal Bookcases,1474.308,-191.86200000000002,22,4,-0.13013698630136988,Volume
FUR-BO-10003660,"Bush Cubix Collection Bookcases, Fully Assembled",729.2339999999999,48.6156,4,3,0.06666666666666668,Star
FUR-BO-10003893,Sauder Camden County Collection Library,1368.2620000000002,-103.482,16,2,-0.07563025210084033,Volume
FUR-BO-10003894,"Safco Value Mate Steel Bookcase, Baked Enamel Finish on Steel, Black",802.074,106.47,14,3,0.13274336283185842,Star
FUR-BO-10003965,O'Sullivan Manor Hill 2-Door Library in Brianna Oak,1646.9180000000001,-285.9484,12,4,-0.17362637362637362,Volume
FUR-BO-10003966,"Sauder Facets Collection Library, Sky Alder Finish",991.684,-13.678399999999996,7,3,-0.013793103448275858,Volume
FUR-BO-10004015,"Bush Andora Bookcase, Maple/Graphite Gray Finish",2813.7655,286.7761,27,7,0.10191897654584221,Star
FUR-BO-10004218,"Bush Heritage Pine Collection 5-Shelf Bookcase, Albany Pine Finish, *Special Order",3506.1726,-215.6994,33,7,-0.061519903498190594,Volume
FUR-BO-10004357,O'Sullivan Living Dimensions 3-Shelf Bookcases,1497.301,-311.519,10,3,-0.2080536912751678,Volume
FUR-BO-10004360,Rush Hierlooms Collection Rich Wood Bookcases,489.37919999999997,-70.8312,4,2,-0.14473684210526316,Volume
FUR-BO-10004409,"Safco Value Mate Series Steel Bookcases, Baked Enamel Finish on Steel, Gray",858.858,-9.93719999999999,17,6,-0.011570247933884286,Volume
FUR-BO-10004467,Bestar Classic Bookcase,644.9355,-83.9916,9,3,-0.13023255813953488,Volume
FUR-BO-10004690,O'Sullivan Cherrywood Estates Traditional Barrister Bookcase,384.944,-126.4816,4,1,-0.32857142857142857,Volume
FUR-BO-10004695,O'Sullivan 2-Door Barrister Bookcase in Odessa Pine,2949.974,162.882,20,4,0.05521472392638037,Star
FUR-BO-10004709,"Bush Westfield Collection Bookcases, Medium Cherry Finish",963.0478,13.335400000000003,21,6,0.013847080072245638,Volume
FUR-BO-10004834,"Riverside Palais Royal Lawyers Bookcase, Royale Cherry Finish",15610.9656,-669.5448000000001,24,5,-0.042889390519187366,Volume
FUR-CH-10000015,Hon Multipurpose Stacking Arm Chairs,5371.68,883.7280000000001,28,5,0.16451612903225807,Star
FUR-CH-10000155,Global Comet Stacking Armless Chair,3528.79,514.366,14,6,0.14576271186440679,Star
FUR-CH-10000225,"Global Geo Office Task Chair, Gray",1287.582,-97.17600000000002,18,4,-0.07547169811320756,Volume
FUR-CH-10000229,Global Enterprise Series Seating High-Back Swivel/Tilt Chairs,650.352,-97.5528,3,1,-0.15000000000000002,Volume
FUR-CH-10000309,Global Comet Stacking Arm Chair,4816.614,380.25899999999996,14,4,0.07894736842105263,Star
FUR-CH-10000422,Global Highback Leather Tilter in Burgundy,2456.73,87.3504,31,8,0.035555555555555556,Star
FUR-CH-10000454,"Hon Deluxe Fabric Upholstered Stacking Chairs, Rounded Back",8710.086,1878.646,40,10,0.21568627450980393,Star
FUR-CH-10000513,High-Back Leather Manager's Chair,3548.727,-118.29090000000002,31,7,-0.03333333333333334,Volume
FUR-CH-10000553,"Metal Folding Chairs, Beige, 4/Carton",583.768,88.244,20,3,0.1511627906976744,Star
FUR-CH-10000595,Safco Contoured Stacking Chairs,4839.5199999999995,727.12,23,7,0.15024630541871922,Star
FUR-CH-10000665,"Global Airflow Leather Mesh Back Chair, Black",3110.188,468.038,25,7,0.15048543689320387,Star
FUR-CH-10000749,Office Star - Ergonomic Mid Back Chair with 2-Way Adjustable Arms,2207.956,231.6544,13,2,0.10491803278688525,Star
FUR-CH-10000785,Global Ergonomic Managers Chair,5519.89,698.5828,36,10,0.12655737704918033,Star
FUR-CH-10000847,Global Executive Mid-Back Manager's Chair,4335.602,675.0736,17,5,0.1557046979865772,Star
FUR-CH-10000863,Novimex Swivel Fabric Task Chair,2913.9139999999998,-445.391,25,8,-0.1528497409326425,Volume
FUR-CH-10000988,Hon Olson Stacker Stools,4801.621,847.6762,39,9,0.17653958944281525,Star
FUR-CH-10001146,"Global Task Chair, Black",356.23,-51.3989,9,4,-0.14428571428571427,Volume
FUR-CH-10001146,"Global Value Mid-Back Manager's Chair, Gray",1723.1870000000001,170.492,34,8,0.09893992932862189,Star
FUR-CH-10001190,Global Deluxe High-Back Office Chair in Storm,652.752,-89.7534,6,2,-0.1375,Volume
FUR-CH-10001215,Global Troy Executive Leather Low-Back Tilter,12173.814,901.764,30,8,0.07407407407407407,Star
FUR-CH-10001270,Harbour Creations Steel Folding Chair,2147.625,336.375,30,7,0.1566265060240964,Star
FUR-CH-10001394,Global Leather Executive Chair,4071.484,631.7819999999999,14,5,0.15517241379310343,Star
FUR-CH-10001482,Office Star - Mesh Screen back chair with Vinyl seat,2082.582,-132.2898,19,6,-0.06352201257861637,Volume
FUR-CH-10001545,Hon Comfortask Task/Swivel Chairs,775.064,9.118399999999994,8,4,0.011764705882352934,Volume
FUR-CH-10001708,Office Star - Contemporary Swivel Chair with Padded Adjustable Arms and Flex Back,2720.914,159.3074,23,6,0.05854922279792746,Star
FUR-CH-10001714,"Global Leather & Oak Executive Chair, Burgundy",1478.7220000000002,-48.2848,11,4,-0.03265306122448979,Volume
FUR-CH-10001797,"Safco Chair Connectors, 6/Carton",758.056,156.9984,22,3,0.20710659898477157,Star
FUR-CH-10001802,Hon Every-Day Chair Series Swivel Task Chairs,967.84,12.097999999999999,10,3,0.012499999999999999,Volume
FUR-CH-10001854,Office Star - Professional Matrix Back Chair with 2-to-1 Synchro Tilt and Mesh Fabric Seat,7370.58,1235.4496000000001,23,7,0.16761904761904764,Star
FUR-CH-10001891,Global Deluxe Office Fabric Chairs,1420.504,229.3922,17,6,0.1614864864864865,Star
FUR-CH-10001973,Office Star Flex Back Scooter Chair with White Frame,1775.68,-228.61880000000002,21,7,-0.12875,Volume
FUR-CH-10002017,SAFCO Optional Arm Kit for Workspace Cribbage Stacking Chair,181.152,8.524799999999999,9,4,0.047058823529411764,Weak
FUR-CH-10002024,HON 5400 Series Task Chairs for Big and Tall,18085.284,-420.58799999999997,33,7,-0.023255813953488372,Volume
FUR-CH-10002044,"Office Star - Contemporary Task Swivel chair with 2-way adjustable arms, Plum",694.194,-158.48579999999998,7,2,-0.2283018867924528,Volume
FUR-CH-10002073,Hon Olson Stacker Chairs,4368.870000000001,984.9816000000001,18,3,0.22545454545454544,Star
FUR-CH-10002084,Hon Mobius Operator's Chair,2336.81,418.166,20,4,0.17894736842105263,Star
FUR-CH-10002126,Hon Deluxe Fabric Upholstered Stacking Chairs,2073.83,-34.1572,12,3,-0.01647058823529412,Volume
FUR-CH-10002304,"Global Stack Chair without Arms, Black",228.62400000000002,14.289000000000001,11,2,0.0625,Weak
FUR-CH-10002317,Global Enterprise Series Seating Low-Back Swivel/Tilt Chairs,207.184,25.898,1,1,0.125,Weak
FUR-CH-10002320,Hon Pagoda Stacking Chairs,2054.272,256.784,8,1,0.125,Star
FUR-CH-10002331,Hon 4700 Series Mobuis Mid-Back Task Chairs with Adjustable Arms,6265.248,921.9882,19,4,0.1471590909090909,Star
FUR-CH-10002335,Hon GuestStacker Chair,6528.096,1160.5504,32,8,0.1777777777777778,Star
FUR-CH-10002372,Office Star - Ergonomically Designed Knee Chair,1311.876,-42.1096,19,7,-0.03209876543209877,Volume
FUR-CH-10002439,"Iceberg Nesting Folding Chair, 19w x 6d x 43h",1222.62,188.6328,24,5,0.1542857142857143,Star
FUR-CH-10002602,DMI Arturo Collection Mission-style Design Wood Chair,4016.0679999999998,440.8616,32,10,0.10977443609022557,Star
FUR-CH-10002647,"Situations Contoured Folding Chairs, 4/Set",2690.142,188.09699999999998,47,11,0.06992084432717678,Star
FUR-CH-10002758,"Hon Deluxe Fabric Upholstered Stacking Chairs, Squared Back",683.144,0.0,4,1,0.0,Volume
FUR-CH-10002774,"Global Deluxe Stacking Chair, Gray",438.428,40.2742,11,5,0.09186046511627907,Star
FUR-CH-10002780,Office Star - Task Chair with Contemporary Loop Arms,600.4680000000001,47.3096,8,2,0.07878787878787878,Star
FUR-CH-10002880,"Global High-Back Leather Tilter, Burgundy",4132.464,-574.3633,43,12,-0.13898809523809524,Volume
FUR-CH-10002961,"Leather Task Chair, Black",1219.132,54.588,16,4,0.04477611940298507,Star
FUR-CH-10002965,"Global Leather Highback Executive Chair with Pneumatic Height Adjustment, Black",5145.088,303.4798,33,9,0.058984375000000006,Star
FUR-CH-10003061,"Global Leather Task Chair, Black",1376.847,64.7928,18,7,0.047058823529411764,Star
FUR-CH-10003199,Office Star - Contemporary Task Swivel Chair,1686.8960000000002,168.6896,18,5,0.09999999999999999,Star
FUR-CH-10003298,"Office Star - Contemporary Task Swivel chair with Loop Arms, Charcoal",2789.874,-309.1128,26,7,-0.1107981220657277,Volume
FUR-CH-10003312,Hon 2090 “Pillow Soft” Series Mid Back Swivel/Tilt Chairs,3821.328,-620.9658,17,4,-0.16249999999999998,Volume
FUR-CH-10003379,Global Commerce Series High-Back Swivel/Tilt Chairs,7124.5,712.45,30,8,0.1,Star
FUR-CH-10003396,Global Deluxe Steno Chair,1770.54,-216.31380000000001,29,10,-0.12217391304347827,Volume
FUR-CH-10003535,"Global Armless Task Chair, Royal Blue",1396.442,-20.733200000000004,28,8,-0.014847161572052405,Volume
FUR-CH-10003606,SAFCO Folding Chair Trolley,705.32,151.3232,6,3,0.21454545454545454,Star
FUR-CH-10003746,Hon 4070 Series Pagoda Round Back Stacking Chairs,4686.308,988.6184,16,5,0.21095890410958903,Star
FUR-CH-10003761,Global Italian Leather Office Chair,969.252,204.3288,8,2,0.21081081081081082,Star
FUR-CH-10003774,"Global Wood Trimmed Manager's Task Chair, Khaki",4166.884,-503.1194,59,14,-0.12074235807860262,Volume
FUR-CH-10003817,"Global Value Steno Chair, Gray",2204.862,245.99699999999999,43,10,0.11157024793388429,Star
FUR-CH-10003833,Novimex Fabric Task Chair,914.7,-18.294,18,5,-0.02,Volume
FUR-CH-10003846,Hon Valutask Swivel Chairs,1242.054,139.3524,13,4,0.1121951219512195,Star
FUR-CH-10003956,Novimex High-Tech Fabric Mesh Task Chair,922.74,-133.4424,16,4,-0.14461538461538462,Volume
FUR-CH-10003968,Novimex Turbo Task Chair,1341.5220000000002,-32.6508,22,6,-0.024338624338624333,Volume
FUR-CH-10003973,GuestStacker Chair with Chrome Finish Legs,7583.904,624.5568,26,7,0.08235294117647057,Star
FUR-CH-10003981,Global Commerce Series Low-Back Swivel/Tilt Chairs,2621.196,66.8148,14,4,0.025490196078431376,Star
FUR-CH-10004063,Global Deluxe High-Back Manager's Chair,8064.636,1567.1704,32,7,0.19432624113475175,Star
FUR-CH-10004086,Hon 4070 Series Pagoda Armless Upholstered Stacking Chairs,7964.229,1336.1234,32,7,0.16776556776556775,Star
FUR-CH-10004218,"Global Fabric Manager's Chair, Dark Gray",3150.576,499.851,35,9,0.15865384615384615,Star
FUR-CH-10004287,SAFCO Arco Folding Chair,9501.28,676.69,45,11,0.07122093023255814,Star
FUR-CH-10004289,Global Super Steno Chair,1775.63,23.035199999999996,22,6,0.01297297297297297,Volume
FUR-CH-10004477,"Global Push Button Manager's Chair, Indigo",1473.538,219.81289999999998,29,6,0.14917355371900826,Star
FUR-CH-10004495,"Global Leather and Oak Executive Chair, Black",3972.936,767.499,15,6,0.19318181818181818,Star
FUR-CH-10004540,Global Chrome Stack Chair,623.896,-1.7140000000000004,25,5,-0.002747252747252748,Volume
FUR-CH-10004626,Office Star Flex Back Scooter Chair with Aluminum Finish Frame,1644.507,341.0082,17,5,0.20736196319018405,Star
FUR-CH-10004675,"Lifetime Advantage Folding Chairs, 4/Carton",5212.112,972.6368,27,7,0.18661087866108786,Star
FUR-CH-10004698,"Padded Folding Chairs, Black, 4/Carton",1830.148,80.97999999999999,30,8,0.04424778761061947,Star
FUR-CH-10004754,"Global Stack Chair with Arms, Black",803.464,125.0166,31,7,0.15559701492537312,Star
FUR-CH-10004853,"Global Manager's Adjustable Task Chair, Storm",2657.248,406.13620000000003,21,5,0.1528409090909091,Star
FUR-CH-10004860,Global Low Back Tilter Chair,1746.9540000000002,-246.3912,21,8,-0.14104046242774565,Volume
FUR-CH-10004875,Harbour Creations 67200 Series Stacking Chairs,1501.8980000000001,254.8244,24,8,0.1696682464454976,Star
FUR-CH-10004886,Bevis Steel Folding Chairs,1544.795,94.031,21,5,0.06086956521739131,Star
FUR-CH-10004983,Office Star - Mid Back Dual function Ergonomic High Back Chair with 2-Way Adjustable Arms,3750.834,280.10519999999997,28,4,0.07467811158798282,Star
FUR-CH-10004997,Hon Every-Day Series Multi-Task Chairs,6748.482,281.96999999999997,43,10,0.04178272980501392,Star
FUR-FU-10000010,"DAX Value U-Channel Document Frames, Easel Back",96.41799999999999,27.832,20,6,0.288659793814433,Weak
FUR-FU-10000023,Eldon Wave Desk Accessories,171.988,59.8424,34,7,0.34794520547945207,Winner
FUR-FU-10000073,Deflect-O Glasstique Clear Desk Accessories,124.74,37.037,17,3,0.2969135802469136,Winner
FUR-FU-10000076,24-Hour Round Wall Clock,407.592,145.6542,23,5,0.3573529411764706,Star
FUR-FU-10000087,"Executive Impressions 14"" Two-Color Numerals Wall Clock",186.30399999999997,52.256,10,4,0.2804878048780488,Winner
FUR-FU-10000175,DAX Wood Document Frame.,137.29999999999998,23.6156,12,3,0.17200000000000001,Weak
FUR-FU-10000193,Tenex Chairmats For Use with Hard Floors,467.712,-129.92,20,6,-0.27777777777777773,Volume
FUR-FU-10000206,"GE General Purpose, Extra Long Life, Showcase & Floodlight Incandescent Bulbs",45.396,14.55,20,7,0.32051282051282054,Weak
FUR-FU-10000221,"Master Caster Door Stop, Brown",161.544,44.196,35,8,0.27358490566037735,Winner
FUR-FU-10000222,"Seth Thomas 16"" Steel Case Clock",376.768,72.1056,14,4,0.19137931034482758,Star
FUR-FU-10000246,Aluminum Document Frame,244.39999999999998,56.211999999999996,22,5,0.23,Star
FUR-FU-10000260,"6"" Cubicle Wall Clock, Black",124.586,26.211599999999997,19,4,0.21038961038961038,Weak
FUR-FU-10000277,Deflect-o DuraMat Antistatic Studded Beveled Mat for Medium Pile Carpeting,1137.672,176.9712,12,3,0.15555555555555556,Star
FUR-FU-10000293,Eldon Antistatic Chair Mats for Low to Medium Pile Carpets,379.044,-16.846400000000003,4,2,-0.04444444444444445,Volume
FUR-FU-10000305,"Tenex V2T-RE Standard Weight Series Chair Mat, 45"" x 53"", Lip 25"" x 12""",468.46799999999996,51.105599999999995,7,3,0.10909090909090909,Star
FUR-FU-10000308,Deflect-o Glass Clear Studded Chair Mats,1579.3719999999998,318.3616,26,7,0.20157480314960632,Star
FUR-FU-10000320,OIC Stacking Trays,62.791999999999994,17.9024,24,4,0.2851063829787234,Weak
FUR-FU-10000397,Luxo Economy Swing Arm Lamp,199.4,55.831999999999994,10,4,0.27999999999999997,Winner
FUR-FU-10000409,"GE 4 Foot Flourescent Tube, 40 Watt",98.868,42.2436,7,3,0.4272727272727273,Winner
FUR-FU-10000448,Tenex Chairmats For Use With Carpeted Floors,175.78,8.789,11,4,0.049999999999999996,Weak
FUR-FU-10000521,"Seth Thomas 14"" Putty-Colored Wall Clock",240.588,58.3866,9,3,0.24268292682926831,Star
FUR-FU-10000550,Stacking Trays by OIC,68.724,12.0018,17,5,0.17463768115942027,Weak
FUR-FU-10000576,Luxo Professional Fluorescent Magnifier Lamp with Clamp-Mount Base,1468.88,-83.93600000000004,10,2,-0.05714285714285716,Volume
FUR-FU-10000629,9-3/4 Diameter Round Wall Clock,289.59,113.6296,22,6,0.3923809523809524,Star
FUR-FU-10000672,"Executive Impressions 10"" Spectator Wall Clock",211.68,71.97120000000001,18,4,0.34,Winner
FUR-FU-10000719,"DAX Cubicle Frames, 8-1/2 x 11",77.13,27.7668,9,2,0.36000000000000004,Weak
FUR-FU-10000723,"Deflect-o EconoMat Studded, No Bevel Mat for Low Pile Carpeting",884.248,-55.782000000000004,25,7,-0.06308411214953272,Volume
FUR-FU-10000732,Eldon 200 Class Desk Accessories,114.296,33.1584,19,6,0.2901098901098901,Weak
FUR-FU-10000747,Tenex B1-RE Series Chair Mats for Low Pile Carpets,781.66,132.8822,17,6,0.17,Star
FUR-FU-10000755,Eldon Expressions Mahogany Wood Desk Collection,93.6,23.4,15,2,0.25,Weak
FUR-FU-10000758,DAX Natural Wood-Tone Poster Frame,513.712,123.9264,23,5,0.24123711340206186,Star
FUR-FU-10000771,"Eldon 200 Class Desk Accessories, Smoke",119.32,50.1144,19,3,0.42000000000000004,Winner
FUR-FU-10000794,"Eldon Stackable Tray, Side-Load, Legal, Smoke",155.38,52.8292,17,5,0.34,Winner
FUR-FU-10000820,Tensor Brushed Steel Torchiere Floor Lamp,132.522,7.1358,9,3,0.05384615384615385,Weak
FUR-FU-10000965,"Howard Miller 11-1/2"" Diameter Ridgewood Wall Clock",1132.292,427.4662,23,5,0.37752293577981655,Star
FUR-FU-10001025,"Eldon Imàge Series Desk Accessories, Clear",29.159999999999997,-4.0824,12,2,-0.14,Weak
FUR-FU-10001037,"DAX Charcoal/Nickel-Tone Document Frame, 5 x 7",98.592,36.024,12,5,0.3653846153846154,Winner
FUR-FU-10001057,Tensor Track Tree Floor Lamp,299.85,38.180899999999994,17,4,0.1273333333333333,Star
FUR-FU-10001085,3M Polarizing Light Filter Sleeves,171.58,60.799,11,3,0.3543478260869565,Winner
FUR-FU-10001095,DAX Black Cherry Wood-Tone Poster Frame,376.016,31.246400000000005,21,7,0.08309859154929579,Volume
FUR-FU-10001185,"Advantus Employee of the Month Certificate Frame, 11 x 13-1/2",822.738,311.7744,28,5,0.37894736842105264,Star
FUR-FU-10001196,DAX Cubicle Frames - 8x10,62.315999999999995,1.730999999999998,15,4,0.02777777777777775,Weak
FUR-FU-10001215,"Howard Miller 11-1/2"" Diameter Brentwood Wall Clock",681.454,256.1922,17,4,0.37594936708860766,Star
FUR-FU-10001290,Executive Impressions Supervisor Wall Clock,799.8999999999999,255.968,19,3,0.32000000000000006,Star
FUR-FU-10001424,Dax Clear Box Frame,71.58600000000001,13.968,10,4,0.19512195121951215,Weak
FUR-FU-10001468,Tenex Antistatic Computer Chair Mats,3317.0119999999997,-530.038,25,6,-0.1597938144329897,Volume
FUR-FU-10001473,DAX Wood Document Frame,367.964,86.7736,32,6,0.23582089552238805,Star
FUR-FU-10001473,"Eldon Executive Woodline II Desk Accessories, Mahogany",341.768,48.2496,16,4,0.14117647058823532,Star
FUR-FU-10001475,"Contract Clock, 14"", Brown",334.096,29.453199999999995,21,5,0.08815789473684209,Volume
FUR-FU-10001487,"Eldon Expressions Wood and Plastic Desk Accessories, Cherry Wood",111.68,32.38720000000001,16,4,0.29000000000000004,Weak
FUR-FU-10001488,"Tenex 46"" x 60"" Computer Anti-Static Chairmat, Rectangular Shaped",2056.012,105.98,23,6,0.05154639175257732,Star
FUR-FU-10001546,Dana Swing-Arm Lamps,74.76,-13.350000000000001,11,5,-0.17857142857142858,Weak
FUR-FU-10001588,"Deflect-o SuperTray Unbreakable Stackable Tray, Letter, Black",350.16,100.671,15,3,0.2875,Star
FUR-FU-10001591,Advantus Panel Wall Certificate Holder - 8.5x11,190.32,77.104,16,4,0.40512820512820513,Winner
FUR-FU-10001602,"Eldon Delta Triangular Chair Mat, 52"" x 58"", Clear",546.192,17.447799999999997,17,6,0.03194444444444444,Volume
FUR-FU-10001617,"Executive Impressions 8-1/2"" Career Panel/Partition Cubicle Clock",66.56,18.512,7,2,0.278125,Weak
FUR-FU-10001706,Longer-Life Soft White Bulbs,99.792,37.3296,39,8,0.37407407407407406,Winner
FUR-FU-10001731,Acrylic Self-Standing Desk Frames,76.896,27.233999999999998,30,6,0.35416666666666663,Weak
FUR-FU-10001756,"Eldon Expressions Desk Accessory, Wood Photo Frame, Mahogany",224.672,8.377599999999997,16,4,0.03728813559322033,Weak
FUR-FU-10001847,Eldon Image Series Black Desk Accessories,40.572,14.075999999999999,10,4,0.346938775510204,Weak
FUR-FU-10001852,"Eldon Regeneration Recycled Desk Accessories, Smoke",25.404,7.656000000000001,15,4,0.30136986301369867,Weak
FUR-FU-10001861,"Floodlight Indoor Halogen Bulbs, 1 Bulb per Pack, 60 Watts",349.2,161.214,19,4,0.46166666666666667,Star
FUR-FU-10001867,"Eldon Expressions Punched Metal & Wood Desk Accessories, Pewter & Cherry",121.296,21.7056,13,3,0.17894736842105263,Weak
FUR-FU-10001876,"Computer Room Manger, 14""",636.6080000000001,179.2896,22,7,0.2816326530612245,Star
FUR-FU-10001889,Ultra Door Pull Handle,233.544,64.3824,24,5,0.2756756756756757,Winner
FUR-FU-10001918,C-Line Cubicle Keepers Polyproplyene Holder With Velcro Backings,88.924,31.218,20,6,0.351063829787234,Weak
FUR-FU-10001934,Magnifier Swing Arm Lamp,251.76000000000002,65.4576,12,5,0.25999999999999995,Star
FUR-FU-10001935,3M Hangers With Command Adhesive,108.03999999999999,36.001,33,8,0.33321917808219176,Winner
FUR-FU-10001940,Staple-based wall hangings,195.816,39.8,35,9,0.2032520325203252,Winner
FUR-FU-10001967,Telescoping Adjustable Floor Lamp,135.93200000000002,0.999499999999999,9,5,0.0073529411764705795,Weak
FUR-FU-10001979,Dana Halogen Swing-Arm Architect Lamp,1081.608,285.1512,27,5,0.26363636363636367,Star
FUR-FU-10001986,"Dana Fluorescent Magnifying Lamp, White, 36""",326.272,5.097999999999999,9,3,0.015624999999999997,Volume
FUR-FU-10002030,"Executive Impressions 14"" Contract Wall Clock with Quartz Movement",97.812,-1.7783999999999978,8,2,-0.01818181818181816,Weak
FUR-FU-10002045,"Executive Impressions 14""",355.68,156.4992,16,3,0.44,Star
FUR-FU-10002088,Nu-Dell Float Frame 11 x 14 1/2,170.62,56.0352,22,7,0.32842105263157895,Winner
FUR-FU-10002107,Eldon Pizzaz Desk Accessories,19.624000000000002,5.8872,11,2,0.3,Weak
FUR-FU-10002111,"Master Caster Door Stop, Large Brown",59.696,14.56,10,3,0.24390243902439027,Weak
FUR-FU-10002116,"Tenex Carpeted, Granite-Look or Clear Contemporary Contour Shape Chair Mats",763.6679999999999,-222.73649999999998,15,5,-0.2916666666666667,Volume
FUR-FU-10002157,Artistic Insta-Plaque,109.75999999999999,42.8064,7,2,0.39,Winner
FUR-FU-10002191,G.E. Halogen Desk Lamp Bulbs,62.82,22.8944,11,5,0.36444444444444446,Weak
FUR-FU-10002240,Nu-Dell EZ-Mount Plastic Wall Frames,19.7,0.7879999999999998,8,2,0.039999999999999994,Weak
FUR-FU-10002253,"Howard Miller 13"" Diameter Pewter Finish Round Wall Clock",1047.7359999999999,340.5142,27,7,0.32500000000000007,Star
FUR-FU-10002268,Ultra Door Push Plate,94.272,28.478,20,6,0.3020833333333333,Weak
FUR-FU-10002298,"Rubbermaid ClusterMat Chairmats, Mat Size- 66"" x 60"", Lip 20"" x 11"" -90 Degree Angle",1731.288,-226.39919999999998,21,4,-0.13076923076923075,Volume
FUR-FU-10002364,"Eldon Expressions Wood Desk Accessories, Oak",137.268,6.2730000000000015,25,9,0.045698924731182804,Weak
FUR-FU-10002379,Eldon Econocleat Chair Mats for Low Pile Carpets,331.76,39.8112,8,2,0.12,Star
FUR-FU-10002396,"DAX Copper Panel Document Frame, 5 x 7 Size",171.088,39.7528,18,5,0.2323529411764706,Winner
FUR-FU-10002445,"DAX Two-Tone Rosewood/Black Document Frame, Desktop, 5 x 7",191.49599999999998,66.36,22,6,0.34653465346534656,Winner
FUR-FU-10002456,"Master Caster Door Stop, Large Neon Orange",154.336,42.2968,27,7,0.2740566037735849,Winner
FUR-FU-10002501,Nu-Dell Executive Frame,409.536,98.97120000000001,39,6,0.2416666666666667,Star
FUR-FU-10002505,Eldon 100 Class Desk Accessories,24.264,3.6395999999999997,9,3,0.15,Weak
FUR-FU-10002506,"Tensor ""Hersey Kiss"" Styled Floor Lamp",93.52799999999999,2.0784000000000002,8,3,0.022222222222222227,Weak
FUR-FU-10002508,Document Clip Frames,45.036,16.0128,6,2,0.3555555555555555,Weak
FUR-FU-10002553,"Electrix Incandescent Magnifying Lamp, Black",117.28,-16.4925,5,2,-0.140625,Weak
FUR-FU-10002554,"Westinghouse Floor Lamp with Metal Mesh Shade, Black",167.93,38.6239,7,4,0.22999999999999998,Winner
FUR-FU-10002597,"C-Line Magnetic Cubicle Keepers, Clear Polypropylene",111.644,45.7444,23,6,0.40973451327433624,Winner
FUR-FU-10002671,Electrix 20W Halogen Replacement Bulb for Zoom-In Desk Lamp,107.2,51.456,8,3,0.48000000000000004,Winner
FUR-FU-10002685,"Executive Impressions 13-1/2"" Indoor/Outdoor Wall Clock",18.7,7.106,1,1,0.38,Weak
FUR-FU-10002703,"Tenex Traditional Chairmats for Hard Floors, Average Lip, 36"" x 48""",128.9,15.468,2,1,0.12,Weak
FUR-FU-10002759,12-1/2 Diameter Round Wall Clock,415.584,83.1168,26,6,0.19999999999999998,Star
FUR-FU-10002813,"DAX Contemporary Wood Frame with Silver Metal Mat, Desktop, 11 x 14 Size",170.016,53.4336,9,3,0.3142857142857143,Winner
FUR-FU-10002874,Ultra Commercial Grade Dual Valve Door Closer,63.824,9.5736,2,1,0.15000000000000002,Weak
FUR-FU-10002878,"Seth Thomas 14"" Day/Date Wall Clock",381.632,130.4384,14,5,0.3417910447761194,Star
FUR-FU-10002885,Magna Visual Magnetic Picture Hangers,51.092,15.231200000000001,12,4,0.29811320754716986,Weak
FUR-FU-10002918,Eldon ClusterMat Chair Mat with Cordless Antistatic Protection,746.0360000000001,-306.6026,13,3,-0.41097560975609754,Volume
FUR-FU-10002937,"GE 48"" Fluorescent Tube, Cool White Energy Saver, 34 Watts, 30/Box",2500.596,1160.991,27,7,0.4642857142857143,Star
FUR-FU-10002960,"Eldon 200 Class Desk Accessories, Burgundy",104.248,31.400000000000002,20,4,0.30120481927710846,Weak
FUR-FU-10002963,"Master Caster Door Stop, Gray",47.752,14.224,10,4,0.2978723404255319,Weak
FUR-FU-10003026,"Eldon Regeneration Recycled Desk Accessories, Black",24.2,9.437999999999999,5,2,0.38999999999999996,Weak
FUR-FU-10003039,"Howard Miller 11-1/2"" Diameter Grantwood Wall Clock",500.308,101.7868,14,6,0.20344827586206896,Star
FUR-FU-10003095,"Linden 12"" Wall Clock With Oak Frame",101.94,30.582,3,1,0.3,Weak
FUR-FU-10003096,"Master Giant Foot Doorstop, Safety Yellow",83.49,31.5744,12,3,0.37818181818181823,Weak
FUR-FU-10003142,"Master Big Foot Doorstop, Beige",68.64,21.2784,13,3,0.31,Weak
FUR-FU-10003192,Luxo Adjustable Task Clamp Lamp,1545.816,362.46720000000005,18,4,0.23448275862068968,Star
FUR-FU-10003194,"Eldon Expressions Desk Accessory, Wood Pencil Holder, Oak",57.900000000000006,17.37,6,2,0.3,Weak
FUR-FU-10003247,36X48 HARDFLOOR CHAIRMAT,369.24800000000005,-40.4914,21,6,-0.10965909090909089,Volume
FUR-FU-10003268,Eldon Radial Chair Mat for Low to Medium Pile Carpets,415.79200000000003,63.967999999999996,11,4,0.15384615384615383,Star
FUR-FU-10003274,Regeneration Desk Collection,35.904,15.206399999999999,21,5,0.4235294117647058,Weak
FUR-FU-10003347,Coloredge Poster Frame,298.2,116.298,21,6,0.39,Star
FUR-FU-10003374,Electrix Fluorescent Magnifier Lamps & Weighted Base,315.776,31.5776,8,1,0.09999999999999999,Volume
FUR-FU-10003394,"Tenex ""The Solids"" Textured Chair Mats",1469.1599999999999,-40.57679999999999,26,7,-0.027619047619047616,Volume
FUR-FU-10003424,Nu-Dell Oak Frame,151.656,35.4576,16,3,0.23380281690140844,Weak
FUR-FU-10003464,"Seth Thomas 8 1/2"" Cubicle Clock",170.352,46.2384,9,3,0.2714285714285714,Winner
FUR-FU-10003489,Contemporary Borderless Frame,10.332,-5.9409,3,1,-0.575,Weak
FUR-FU-10003535,Howard Miller Distant Time Traveler Alarm Clock,405.81600000000003,146.9712,16,4,0.3621621621621622,Star
FUR-FU-10003553,"Howard Miller 13-1/2"" Diameter Rosebrook Wall Clock",949.026,247.57199999999997,17,5,0.2608695652173913,Star
FUR-FU-10003577,Nu-Dell Leatherette Frames,246.64800000000002,81.4512,18,3,0.33023255813953484,Star
FUR-FU-10003601,"Deflect-o RollaMat Studded, Beveled Mat for Medium Pile Carpeting",959.192,-326.4942,17,4,-0.34038461538461534,Volume
FUR-FU-10003623,"DataProducts Ampli Magnifier Task Lamp, Black,",465.432,95.2512,19,4,0.20465116279069767,Star
FUR-FU-10003664,"Electrix Architect's Clamp-On Swing Arm Lamp, Black",2386.5,488.75520000000006,28,3,0.20480000000000004,Star
FUR-FU-10003691,"Eldon Image Series Desk Accessories, Ebony",143.26,60.267999999999994,12,3,0.4206896551724138,Winner
FUR-FU-10003708,"Tenex Traditional Chairmats for Medium Pile Carpet, Standard Lip, 36"" x 48""",1103.8300000000002,145.56,20,4,0.13186813186813184,Star
FUR-FU-10003724,Westinghouse Clip-On Gooseneck Lamps,272.86199999999997,43.6914,37,8,0.1601226993865031,Star
FUR-FU-10003731,"Eldon Expressions Wood and Plastic Desk Accessories, Oak",149.70000000000002,41.916,15,5,0.27999999999999997,Winner
FUR-FU-10003773,Eldon Cleatmat Plus Chair Mats for High Pile Carpets,906.528,-155.06400000000002,15,4,-0.1710526315789474,Volume
FUR-FU-10003798,"Ultra Door Kickplate, 8""H x 34""W",158.24,27.692,10,2,0.175,Weak
FUR-FU-10003799,"Seth Thomas 13 1/2"" Wall Clock",124.46000000000001,38.5826,7,2,0.31,Winner
FUR-FU-10003806,"Tenex Chairmat w/ Average Lip, 45"" x 53""",1513.6,151.36,10,2,0.10000000000000002,Star
FUR-FU-10003829,Stackable Trays,52.976,15.2768,18,6,0.28837209302325584,Weak
FUR-FU-10003832,"Eldon Expressions Punched Metal & Wood Desk Accessories, Black & Cherry",99.428,4.877600000000001,14,4,0.049056603773584916,Weak
FUR-FU-10003849,"DAX Metal Frame, Desktop, Stepped-Edge",161.92,26.1096,11,5,0.16125,Weak
FUR-FU-10003878,"Linden 10"" Round Wall Clock, Black",216.976,35.449600000000004,18,5,0.16338028169014085,Weak
FUR-FU-10003919,Eldon Executive Woodline II Cherry Finish Desk Accessories,32.712,-26.1696,2,1,-0.7999999999999999,Weak
FUR-FU-10003930,Howard Miller 12-3/4 Diameter Accuwave DS  Wall Clock,786.9,147.9372,14,2,0.188,Star
FUR-FU-10003975,Eldon Advantage Chair Mats for Low to Medium Pile Carpets,563.03,56.303000000000004,13,5,0.10000000000000002,Star
FUR-FU-10003976,"DAX Executive Solid Wood Document Frame, Desktop or Hang, Mahogany, 5 x 7",133.348,33.7144,12,3,0.2528301886792452,Weak
FUR-FU-10003981,Eldon Wave Desk Accessories,11.232,3.9936,6,2,0.35555555555555557,Weak
FUR-FU-10004006,"Deflect-o DuraMat Lighweight, Studded, Beveled Mat for Low Pile Carpeting",443.56,54.1655,11,4,0.12211538461538461,Star
FUR-FU-10004017,"Executive Impressions 13"" Chairman Wall Clock",152.28,53.298,6,2,0.35000000000000003,Winner
FUR-FU-10004017,"Tenex Contemporary Contur Chairmats for Low and Medium Pile Carpet, Computer, 39"" x 49""",688.192,86.024,7,3,0.125,Star
FUR-FU-10004018,Tensor Computer Mounted Lamp,372.25,100.5075,25,6,0.26999999999999996,Star
FUR-FU-10004020,Advantus Panel Wall Acrylic Frame,87.52,25.162,20,5,0.2875,Weak
FUR-FU-10004053,DAX Two-Tone Silver Metal Document Frame,178.112,74.2808,9,4,0.41704545454545455,Winner
FUR-FU-10004071,Luxo Professional Magnifying Clamp-On Fluorescent Lamps,1268.922,106.09020000000001,13,4,0.08360655737704918,Star
FUR-FU-10004090,"Executive Impressions 14"" Contract Wall Clock",346.788,93.5883,17,7,0.26987179487179486,Star
FUR-FU-10004091,"Eldon 200 Class Desk Accessories, Black",75.36,28.6368,12,2,0.38,Weak
FUR-FU-10004091,"Howard Miller 13"" Diameter Goldtone Round Wall Clock",1042.068,294.3138,27,6,0.28243243243243243,Star
FUR-FU-10004093,Hand-Finished Solid Wood Document Frame,260.14799999999997,68.46000000000001,8,3,0.26315789473684215,Star
FUR-FU-10004164,"Eldon 300 Class Desk Accessories, Black",29.7,13.068000000000001,6,2,0.44000000000000006,Weak
FUR-FU-10004188,Luxo Professional Combination Clamp-On Lamps,1125.3,292.578,11,4,0.26,Star
FUR-FU-10004245,"Career Cubicle Clock, 8 1/4"", Black",133.848,45.8328,7,2,0.3424242424242424,Winner
FUR-FU-10004270,"Eldon Image Series Desk Accessories, Burgundy",81.928,17.723200000000002,24,6,0.21632653061224494,Weak
FUR-FU-10004270,"Executive Impressions 13"" Clairmont Wall Clock",192.3,44.805899999999994,13,6,0.23299999999999996,Winner
FUR-FU-10004306,Electrix Halogen Magnifier Lamp,2137.3,268.134,13,5,0.12545454545454546,Star
FUR-FU-10004351,Staple-based wall hangings,202.592,71.68639999999999,24,6,0.3538461538461538,Winner
FUR-FU-10004415,"Stacking Tray, Side-Loading, Legal, Smoke",26.880000000000003,5.2416,7,2,0.19499999999999998,Weak
FUR-FU-10004460,"Howard Miller 12"" Round Wall Clock",479.33799999999997,127.2996,14,2,0.2655737704918033,Star
FUR-FU-10004586,G.E. Longer-Life Indoor Recessed Floodlight Bulbs,81.00800000000001,25.763199999999998,16,6,0.31803278688524583,Weak
FUR-FU-10004587,"GE General Use Halogen Bulbs, 100 Watts, 1 Bulb per Pack",138.204,10.051200000000001,12,2,0.07272727272727274,Weak
FUR-FU-10004597,Eldon Cleatmat Chair Mats for Medium Pile Carpets,344.1,-42.18000000000001,8,4,-0.12258064516129033,Volume
FUR-FU-10004622,Eldon Advantage Foldable Chair Mats for Low Pile Carpets,379.4,-48.78,10,3,-0.1285714285714286,Volume
FUR-FU-10004665,"3M Polarizing Task Lamp with Clamp Arm, Light Gray",2191.68,569.8368,16,4,0.26000000000000006,Star
FUR-FU-10004666,DAX Clear Channel Poster Frame,90.396,16.912799999999997,8,2,0.18709677419354837,Weak
FUR-FU-10004671,"Executive Impressions 12"" Wall Clock",176.7,23.3244,14,6,0.132,Weak
FUR-FU-10004712,"Westinghouse Mesh Shade Clip-On Gooseneck Lamp, Black",84.84,22.0584,6,2,0.25999999999999995,Weak
FUR-FU-10004748,"Howard Miller 16"" Diameter Gallery Wall Clock",575.46,107.41919999999999,12,4,0.18666666666666665,Star
FUR-FU-10004845,"Deflect-o EconoMat Nonstudded, No Bevel Mat",702.44,123.96,14,3,0.1764705882352941,Star
FUR-FU-10004848,DAX Solid Wood Frames,113.332,33.3157,13,3,0.2939655172413793,Weak
FUR-FU-10004848,"Howard Miller 13-3/4"" Diameter Brushed Chrome Round Wall Clock",569.25,25.875000000000004,15,6,0.04545454545454546,Volume
FUR-FU-10004864,Eldon 500 Class Desk Accessories,197.948,60.470699999999994,17,6,0.3054878048780487,Winner
FUR-FU-10004864,"Howard Miller 14-1/2"" Diameter Chrome Round Wall Clock",1636.864,375.9672,29,7,0.2296875,Star
FUR-FU-10004904,"Eldon ""L"" Workstation Diamond Chairmat",850.976,-85.0976,14,3,-0.1,Volume
FUR-FU-10004909,Contemporary Wood/Metal Frame,193.92,4.847999999999999,18,4,0.024999999999999998,Weak
FUR-FU-10004952,"C-Line Cubicle Keepers Polyproplyene Holder w/Velcro Back, 8-1/2x11, 25/Bx",514.556,23.53819999999999,13,4,0.045744680851063806,Volume
FUR-FU-10004960,"Seth Thomas 12"" Clock w/ Goldtone Case",390.66,132.8244,17,3,0.33999999999999997,Star
FUR-FU-10004963,"Eldon 400 Class Desk Accessories, Black Carbon",159.25,47.6,22,6,0.2989010989010989,Winner
FUR-FU-10004973,Flat Face Poster Frame,546.36,65.5632,44,10,0.11999999999999998,Star
FUR-TA-10000198,Chromcraft Bull-Nose Wood Oval Conference Tables & Bases,9587.052,-2732.8608,26,4,-0.2850574712643678,Volume
FUR-TA-10000577,Bretford CR4500 Series Slim Rectangular Table,6285.1905,-149.7303,24,7,-0.023822714681440444,Volume
FUR-TA-10000617,"Hon Practical Foundations 30 x 60 Training Table, Light Gray/Charcoal",2821.62,336.774,14,4,0.11935483870967742,Star
FUR-TA-10000688,"Chromcraft Bull-Nose Wood Round Conference Table Top, Wood Base",3245.965,172.1015,17,5,0.053020134228187916,Star
FUR-TA-10000849,Bevis Rectangular Conference Tables,1007.262,-586.8396,13,4,-0.582608695652174,Volume
FUR-TA-10001039,KI Adjustable-Height Table,2089.314,-201.1932,36,8,-0.0962962962962963,Volume
FUR-TA-10001086,"SAFCO PlanMaster Boards, 60w x 37-1/2d, White Melamine",2979.004,54.71640000000002,26,5,0.01836734693877552,Star
FUR-TA-10001095,Chromcraft Round Conference Tables,7755.905,-92.37369999999999,57,11,-0.01191011235955056,Volume
FUR-TA-10001307,"SAFCO PlanMaster Heigh-Adjustable Drafting Table Base, 43w x 30d x 30-37h, Black",2236.48,670.944,7,2,0.3,Star
FUR-TA-10001520,"Lesro Sheffield Collection Coffee Table, End Table, Center Table, Corner Table",1655.784,-62.0919,29,7,-0.0375,Volume
FUR-TA-10001539,Chromcraft Rectangular Conference Tables,2891.0339999999997,-350.7156,18,7,-0.12131147540983608,Volume
FUR-TA-10001676,Hon 61000 Series Interactive Training Tables,653.121,-148.3962,22,9,-0.22721088435374148,Volume
FUR-TA-10001691,"Barricks Non-Folding Utility Table with Steel Legs, Laminate Tops",136.464,15.3522,2,1,0.1125,Weak
FUR-TA-10001705,Bush Advantage Collection Round Conference Table,3401.6000000000004,210.47400000000002,19,4,0.061875,Star
FUR-TA-10001768,Hon Racetrack Conference Tables,3963.901,-598.5228,22,6,-0.1509933774834437,Volume
FUR-TA-10001771,"Bush Cubix Conference Tables, Fully Assembled",2910.348,138.588,16,3,0.047619047619047616,Star
FUR-TA-10001857,Balt Solid Wood Rectangular Table,654.038,-105.49000000000001,8,3,-0.16129032258064518,Volume
FUR-TA-10001866,Bevis Round Conference Room Tables and Bases,519.941,-39.4438,4,2,-0.07586206896551724,Volume
FUR-TA-10001889,Bush Advantage Collection Racetrack Conference Table,5854.098,-755.0938,19,4,-0.1289855072463768,Volume
FUR-TA-10001932,"Chromcraft 48"" x 96"" Racetrack Double Pedestal Table",5098.176,-404.00640000000004,22,6,-0.07924528301886792,Volume
FUR-TA-10001950,Balt Solid Wood Round Tables,6518.754,-1201.0581,19,4,-0.18424657534246575,Volume
FUR-TA-10002041,"Bevis Round Conference Table Top, X-Base",2671.421,-519.941,20,6,-0.1946308724832215,Volume
FUR-TA-10002228,"Bevis Traditional Conference Table Top, Plinth Base",400.032,-153.3456,2,1,-0.3833333333333333,Volume
FUR-TA-10002356,Bevis Boat-Shaped Conference Table,1913.403,-477.0402,12,5,-0.2493150684931507,Volume
FUR-TA-10002530,"Iceberg OfficeWorks 42"" Round Tables",3004.502,-460.489,27,6,-0.15326633165829145,Volume
FUR-TA-10002533,BPI Conference Tables,1679.5749999999998,-540.385,19,4,-0.32173913043478264,Volume
FUR-TA-10002607,KI Conference Tables,2140.878,-479.2164,44,8,-0.223841059602649,Volume
FUR-TA-10002622,"Bush Andora Conference Table, Maple/Graphite Gray Finish",1436.232,-143.6232,12,4,-0.1,Volume
FUR-TA-10002645,Hon Rectangular Conference Tables,1206.0149999999999,-682.65,10,3,-0.5660377358490567,Volume
FUR-TA-10002774,Laminate Occasional Tables,863.128,-160.2952,8,1,-0.1857142857142857,Volume
FUR-TA-10002855,Bevis Round Conference Table Top & Single Column Base,1785.3480000000002,166.8276,14,4,0.09344262295081966,Star
FUR-TA-10002903,"Bevis Round Bullnose 29"" High Table Top",4544.925,-192.18540000000002,24,5,-0.04228571428571429,Volume
FUR-TA-10002958,"Bevis Oval Conference Table, Walnut",4593.248,-1255.3138,27,7,-0.27329545454545456,Volume
FUR-TA-10003008,"Lesro Round Back Collection Coffee Table, End Table",2847.7799999999997,-328.59,20,8,-0.11538461538461539,Volume
FUR-TA-10003238,"Chromcraft Bull-Nose Wood 48"" x 96"" Rectangular Conference Tables",3911.958,-550.9799999999999,10,5,-0.1408450704225352,Volume
FUR-TA-10003392,Global Adaptabilities Conference Tables,2865.996,362.4642,11,3,0.1264705882352941,Star
FUR-TA-10003469,Balt Split Level Computer Training Table,1040.625,-357.97499999999997,12,5,-0.344,Volume
FUR-TA-10003473,Bretford Rectangular Conference Table Tops,12092.5795,-361.0848,43,11,-0.029860031104199065,Volume
FUR-TA-10003569,Bretford CR8500 Series Meeting Room Furniture,6776.562000000001,461.127,21,6,0.0680473372781065,Star
FUR-TA-10003715,Hon 2111 Invitation Series Corner Table,1884.33,-477.3636,12,3,-0.25333333333333335,Volume
FUR-TA-10003748,Bevis 36 x 72 Conference Tables,3709.8019999999997,311.225,35,7,0.08389261744966445,Star
FUR-TA-10003837,Anderson Hickey Conga Table Tops & Accessories,51.782,-17.514499999999998,5,2,-0.338235294117647,Weak
FUR-TA-10003954,Hon 94000 Series Round Tables,4798.116,-53.3124,18,3,-0.01111111111111111,Volume
FUR-TA-10004086,KI Adjustable-Height Table,988.77,-17.195999999999998,15,4,-0.017391304347826084,Volume
FUR-TA-10004147,Hon 4060 Series Tables,716.544,17.9136,8,2,0.024999999999999998,Volume
FUR-TA-10004152,"Barricks 18"" x 48"" Non-Folding Utility Table with Bottom Storage Shelf",352.8,-20.16,5,3,-0.05714285714285714,Volume
FUR-TA-10004154,"Riverside Furniture Oval Coffee Table, Oval End Table, End Table with Drawer",2380.855,-527.804,13,4,-0.2216867469879518,Volume
FUR-TA-10004175,"Hon 30"" x 60"" Table with Locking Drawer",886.7560000000001,-95.4968,4,2,-0.10769230769230767,Volume
FUR-TA-10004256,Bretford “Just In Time” Height-Adjustable Multi-Task Work Tables,4299.22,-747.146,13,3,-0.17378640776699028,Volume
FUR-TA-10004289,BoxOffice By Design Rectangular and Half-Moon Meeting Room Tables,1706.25,-1148.4375,15,3,-0.6730769230769231,Volume
FUR-TA-10004442,Riverside Furniture Stanwyck Manor Table Series,917.9200000000001,-415.9325,5,3,-0.45312499999999994,Volume
FUR-TA-10004534,Bevis 44 x 96 Conference Tables,3253.2200000000003,-164.72000000000003,20,5,-0.05063291139240507,Volume
FUR-TA-10004575,Hon 5100 Series Wood Tables,5266.738,-221.14480000000003,23,6,-0.041988950276243095,Volume
FUR-TA-10004607,Hon 2111 Invitation Series Straight Table,1936.573,-99.0461,17,6,-0.051145038167938923,Volume
FUR-TA-10004619,Hon Non-Folding Utility Tables,3775.647,541.654,29,5,0.14345991561181434,Star
FUR-TA-10004767,Safco Drafting Table,638.8199999999999,34.0704,12,4,0.05333333333333334,Volume
FUR-TA-10004915,"Office Impressions End Table, 20-1/2""H x 24""W x 20""D",4313.392,230.8576,16,4,0.05352112676056338,Star
OFF-AP-10000026,Tripp Lite Isotel 6 Outlet Surge Protector with Fax/Modem Protection,865.774,0.0,20,4,0.0,Volume
OFF-AP-10000027,Hoover Commercial SteamVac,100.492,14.937999999999999,9,3,0.14864864864864863,Weak
OFF-AP-10000055,Belkin F9S820V06 8 Outlet Surge,253.344,-87.696,15,3,-0.34615384615384615,Volume
OFF-AP-10000124,Acco 6 Outlet Guardian Basic Surge Suppressor,38.272,-3.6608,7,2,-0.09565217391304348,Weak
OFF-AP-10000159,Belkin F9M820V08 8 Outlet Surge,558.74,101.003,15,3,0.18076923076923077,Star
OFF-AP-10000179,Honeywell Enviracaire Portable HEPA Air Cleaner for up to 10 x 16 Room,394.816,93.7688,4,1,0.23750000000000002,Star
OFF-AP-10000240,Belkin F9G930V10-GRY 9 Outlet Surge,770.112,162.57920000000001,16,5,0.21111111111111114,Star
OFF-AP-10000252,Harmony HEPA Quiet Air Purifiers,100.62,32.175,9,3,0.3197674418604651,Weak
OFF-AP-10000275,"Sanyo Counter Height Refrigerator with Crisper, 3.6 Cubic Foot, Stainless Steel/Black",5906.52,1653.8256000000001,18,3,0.28,Star
OFF-AP-10000326,Belkin 7 Outlet SurgeMaster Surge Protector with Phone Protection,157.92,17.766,5,1,0.1125,Weak
OFF-AP-10000358,Fellowes Basic Home/Office Series Surge Protectors,345.26800000000003,31.930800000000005,34,8,0.0924812030075188,Volume
OFF-AP-10000390,Euro Pro Shark Stick Mini Vacuum,73.176,-197.5752,6,1,-2.6999999999999997,Weak
OFF-AP-10000576,"Belkin 325VA UPS Surge Protector, 6'",1016.2320000000001,108.882,10,3,0.10714285714285714,Star
OFF-AP-10000576,Belkin 7 Outlet SurgeMaster II,631.68,176.8704,16,3,0.28,Star
OFF-AP-10000595,Disposable Triple-Filter Dust Bags,43.7,11.362,10,4,0.26,Weak
OFF-AP-10000692,Fellowes Mighty 8 Compact Surge Protector,304.05,55.9452,17,5,0.184,Star
OFF-AP-10000696,Holmes Odor Grabber,245.14,42.250600000000006,21,6,0.17235294117647063,Star
OFF-AP-10000804,Hoover Portapower Portable Vacuum,61.824,1.3439999999999994,18,4,0.0217391304347826,Weak
OFF-AP-10000828,Avanti 4.4 Cu. Ft. Refrigerator,2968.072,231.65440000000004,21,6,0.07804878048780489,Star
OFF-AP-10000891,Kensington 7 Outlet MasterPiece HOMEOFFICE Power Control Center,2019.248,458.91999999999996,17,3,0.22727272727272724,Star
OFF-AP-10000938,Avanti 1.7 Cu. Ft. Refrigerator,2221.56,476.6256,24,4,0.21454545454545457,Star
OFF-AP-10001005,Honeywell Quietcare HEPA Air Cleaner,1242.67,399.54200000000003,16,4,0.32151898734177214,Star
OFF-AP-10001058,Sanyo 2.5 Cubic Foot Mid-Size Office Refrigerators,4476.96,956.9502,17,4,0.21375,Star
OFF-AP-10001124,Belkin 8 Outlet SurgeMaster II Gold Surge Protector with Phone Protection,647.84,168.4384,8,1,0.26,Star
OFF-AP-10001154,Bionaire Personal Warm Mist Humidifier/Vaporizer,515.79,201.1581,11,3,0.39,Star
OFF-AP-10001205,Belkin 5 Outlet SurgeMaster Power Centers,1569.024,156.9024,36,8,0.1,Star
OFF-AP-10001242,APC 7 Outlet Network SurgeArrest Surge Protector,1142.816,241.44,16,7,0.2112676056338028,Star
OFF-AP-10001271,Eureka The Boss Cordless Rechargeable Stick Vac,948.228,241.1354,19,6,0.25430107526881723,Star
OFF-AP-10001293,Belkin 8 Outlet Surge Protector,975.324,178.67280000000002,27,6,0.1831932773109244,Star
OFF-AP-10001303,"Holmes Cool Mist Humidifier for the Whole House with 8-Gallon Output per Day, Extended Life Filter",147.26,48.754999999999995,9,4,0.3310810810810811,Winner
OFF-AP-10001366,Staple holder,142.74,38.5398,13,3,0.26999999999999996,Winner
OFF-AP-10001391,Kensington 6 Outlet MasterPiece HOMEOFFICE Power Control Center,812.1600000000001,235.52639999999997,9,2,0.2899999999999999,Star
OFF-AP-10001394,Harmony Air Purifier,1946.7,374.22,13,5,0.19223300970873788,Star
OFF-AP-10001469,Fellowes 8 Outlet Superior Workstation Surge Protector,333.68,96.7672,8,2,0.29,Star
OFF-AP-10001492,"Acco Six-Outlet Power Strip, 4' Cord Length",343.076,81.5452,41,9,0.23768844221105526,Star
OFF-AP-10001563,Belkin Premiere Surge Master II 8-outlet surge protector,952.168,55.38120000000001,26,7,0.05816326530612245,Star
OFF-AP-10001564,Hoover Commercial Lightweight Upright Vacuum with E-Z Empty Dirt Cup,558.192,-130.2448,4,2,-0.23333333333333334,Volume
OFF-AP-10001626,"Commercial WindTunnel Clean Air Upright Vacuum, Replacement Belts, Filtration Bags",33.454,1.7894000000000005,11,4,0.05348837209302327,Weak
OFF-AP-10001634,Hoover Commercial Lightweight Upright Vacuum,18.096,-2.5056000000000003,8,2,-0.13846153846153847,Weak
OFF-AP-10001947,Acco 6 Outlet Guardian Premium Plus Surge Suppressor,197.856,-140.3312,26,5,-0.7092592592592593,Weak
OFF-AP-10001962,Black & Decker Filter for Double Action Dustbuster Cordless Vac BLDV7210,187.936,43.2085,23,5,0.22991071428571427,Winner
OFF-AP-10002082,Holmes HEPA Air Purifier,126.324,13.067999999999998,8,3,0.10344827586206895,Weak
OFF-AP-10002118,"1.7 Cubic Foot Compact ""Cube"" Office Refrigerators",2497.92,522.4816000000001,13,5,0.2091666666666667,Star
OFF-AP-10002191,Belkin 8 Outlet SurgeMaster II Gold Surge Protector,593.802,75.57480000000001,12,4,0.1272727272727273,Star
OFF-AP-10002203,Eureka Disposable Bags for Sanitaire Vibra Groomer I Upright Vac,1.624,-4.466,2,1,-2.75,Weak
OFF-AP-10002222,Staple holder,98.838,22.888799999999996,12,3,0.23157894736842102,Weak
OFF-AP-10002287,"Eureka Sanitaire  Multi-Pro Heavy-Duty Upright, Disposable Bags",83.904,12.7604,22,5,0.15208333333333335,Weak
OFF-AP-10002311,"Holmes Replacement Filter for HEPA Air Cleaner, Very Large Room, HEPA Filter",1135.365,287.62579999999997,22,8,0.2533333333333333,Star
OFF-AP-10002350,Belkin F9H710-06 7 Outlet SurgeMaster Surge Protector,478.53600000000006,112.2864,27,7,0.23464566929133857,Star
OFF-AP-10002403,Acco Smartsocket Color-Coded Six-Outlet AC Adapter Model Surge Protectors,237.654,-22.885199999999998,8,3,-0.09629629629629628,Weak
OFF-AP-10002439,Tripp Lite Isotel 8 Ultra 8 Outlet Metal Surge,184.522,-183.1026,7,2,-0.9923076923076923,Weak
OFF-AP-10002457,"Eureka The Boss Plus 12-Amp Hard Box Upright Vacuum, Red",1674.4,146.51000000000002,20,6,0.08750000000000001,Star
OFF-AP-10002472,3M Office Air Cleaner,103.92,36.372,4,1,0.35,Winner
OFF-AP-10002495,"Acco Smartsocket Table Surge Protector, 6 Color-Coded Adapter Outlets",266.815,49.64,5,2,0.18604651162790697,Star
OFF-AP-10002518,Kensington 7 Outlet MasterPiece Power Center,2883.276,229.59420000000003,21,5,0.07962962962962965,Star
OFF-AP-10002534,3.6 Cubic Foot Counter Height Office Refrigerator,2946.2,-872.0751999999999,18,5,-0.296,Volume
OFF-AP-10002578,"Fellowes Premier Superior Surge Suppressor, 10-Outlet, With Phone and Remote",195.68,-21.524799999999995,6,3,-0.10999999999999997,Weak
OFF-AP-10002651,Hoover Upright Vacuum With Dirt Cup,6832.908,460.35269999999986,31,6,0.06737288135593218,Star
OFF-AP-10002670,Belkin 8-Outlet Premiere SurgeMaster II Surge Protectors,277.92,83.376,4,2,0.3,Star
OFF-AP-10002684,"Acco 7-Outlet Masterpiece Power Center, Wihtout Fax/Phone Line Protection",924.008,-97.26400000000001,12,4,-0.10526315789473685,Volume
OFF-AP-10002734,Holmes Harmony HEPA Air Purifier for 17 x 20 Room,675.12,290.3016,3,1,0.43,Star
OFF-AP-10002765,Fellowes Advanced Computer Series Surge Protectors,386.75399999999996,100.662,15,6,0.26027397260273977,Star
OFF-AP-10002867,Fellowes Command Center 5-outlet power strip,664.832,-78.016,15,4,-0.11734693877551021,Volume
OFF-AP-10002892,Belkin F5C206VTEL 6 Outlet Surge,349.296,75.834,17,6,0.21710526315789475,Star
OFF-AP-10002906,Hoover Replacement Belt for Commercial Guardsman Heavy-Duty Upright Vacuum,9.768,0.4439999999999999,6,4,0.04545454545454544,Weak
OFF-AP-10002945,Honeywell Enviracaire Portable HEPA Air Cleaner for 17' x 22' Room,11304.44,3247.02,40,8,0.28723404255319146,Star
OFF-AP-10002998,Holmes 99% HEPA Air Purifier,333.564,86.8566,17,4,0.2603896103896104,Star
OFF-AP-10003040,Fellowes 8 Outlet Superior Workstation Surge Protector w/o Phone/Fax/Modem Protection,463.956,90.774,15,3,0.1956521739130435,Star
OFF-AP-10003057,Honeywell Enviracaire Portable HEPA Air Cleaner for 16' x 20' Room,3855.1800000000003,1503.5202,14,3,0.38999999999999996,Star
OFF-AP-10003099,"Eureka Hand Vacuum, Bagless",197.72,55.3616,4,1,0.28,Winner
OFF-AP-10003217,Eureka Sanitaire  Commercial Upright,1524.5320000000002,53.0272,12,3,0.03478260869565217,Star
OFF-AP-10003266,"Holmes Replacement Filter for HEPA Air Cleaner, Large Room",151.062,47.9844,12,4,0.3176470588235294,Winner
OFF-AP-10003278,Belkin 7-Outlet SurgeMaster Home Series,64.262,-8.102599999999999,7,4,-0.12608695652173912,Weak
OFF-AP-10003281,Acco 6 Outlet Guardian Standard Surge Suppressor,125.736,15.717,13,4,0.125,Weak
OFF-AP-10003287,Tripp Lite TLP810NET Broadband Surge for Modem/Fax,377.178,10.193999999999996,10,4,0.027027027027027015,Volume
OFF-AP-10003590,Hoover WindTunnel Plus Canister Vacuum,3051.3,697.44,9,3,0.22857142857142856,Star
OFF-AP-10003622,"Bravo II Megaboss 12-Amp Hard Body Upright, Replacement Belts, 2 Belts per Pack",87.75,20.8325,29,5,0.2374074074074074,Weak
OFF-AP-10003779,Kensington 7 Outlet MasterPiece Power Center with Fax/Phone Line Protection,1286.376,269.724,7,3,0.20967741935483872,Star
OFF-AP-10003842,Euro-Pro Shark Turbo Vacuum,353.172,78.06960000000001,12,3,0.2210526315789474,Star
OFF-AP-10003849,Hoover Shoulder Vac Commercial Portable Vacuum,4293.84,536.73,14,5,0.125,Star
OFF-AP-10003860,Fellowes Advanced 8 Outlet Surge Suppressor with Phone/Fax Protection,133.248,11.6592,6,2,0.08750000000000001,Weak
OFF-AP-10003884,"Fellowes Smart Surge Ten-Outlet Protector, Platinum",180.66,50.5848,3,1,0.28,Winner
OFF-AP-10003914,"Sanitaire Vibra Groomer IR Commercial Upright Vacuum, Replacement Belts",13.0,1.3,5,1,0.1,Weak
OFF-AP-10003971,Belkin 6 Outlet Metallic Surge Strip,218.889,25.482599999999998,24,8,0.11641791044776117,Weak
OFF-AP-10004036,Bionaire 99.97% HEPA Air Cleaner,147.16799999999998,-0.8760000000000012,13,3,-0.005952380952380962,Weak
OFF-AP-10004052,"Hoover Replacement Belts For Soft Guard & Commercial Ltweight Upright Vacs, 2/Pk",56.09,3.4759999999999995,18,5,0.06197183098591548,Weak
OFF-AP-10004136,Kensington 6 Outlet SmartSocket Surge Protector,147.528,-36.882000000000005,6,2,-0.25000000000000006,Weak
OFF-AP-10004233,Honeywell Enviracaire Portable Air Cleaner for up to 8 x 10 Room,92.064,-225.5568,6,1,-2.45,Weak
OFF-AP-10004249,Staple holder,198.702,32.6781,19,4,0.1644578313253012,Weak
OFF-AP-10004336,"Conquest 14 Commercial Heavy-Duty Upright Vacuum, Collection System, Accessory Kit",375.93600000000004,11.961600000000004,9,3,0.03181818181818183,Volume
OFF-AP-10004487,Kensington 4 Outlet MasterPiece Compact Power Control Center,2081.792,266.7296,31,6,0.12812500000000002,Star
OFF-AP-10004532,Kensington 6 Outlet Guardian Standard Surge Protector,266.24,71.8848,13,4,0.26999999999999996,Star
OFF-AP-10004540,"Eureka The Boss Lite 10-Amp Upright Vacuum, Blue",881.76,246.89280000000002,11,3,0.28,Star
OFF-AP-10004655,"Holmes Visible Mist Ultrasonic Humidifier with 2.3-Gallon Output per Day, Replacement Filter",47.544000000000004,10.188,5,2,0.21428571428571427,Weak
OFF-AP-10004708,Fellowes Superior 10 Outlet Split Surge Protector,791.648,35.0152,28,8,0.044230769230769226,Volume
OFF-AP-10004785,"Holmes Replacement Filter for HEPA Air Cleaner, Medium Room",169.95,73.0785,15,3,0.43000000000000005,Winner
OFF-AP-10004859,Acco 6 Outlet Guardian Premium Surge Suppressor,388.752,48.630399999999995,32,7,0.1250936329588015,Star
OFF-AP-10004868,Hoover Commercial Soft Guard Upright Vacuum And Disposable Filtration Bags,83.916,-12.5097,17,3,-0.14907407407407408,Weak
OFF-AP-10004980,3M Replacement Filter for Office Air Cleaner for 20' x 33' Room,189.6,-64.8432,11,3,-0.34199999999999997,Weak
OFF-AR-10000034,"BIC Brite Liner Grip Highlighters, Assorted, 5/Pack",105.15200000000002,40.492000000000004,25,5,0.3850806451612903,Winner
OFF-AR-10000122,Newell 314,118.296,17.856,24,7,0.1509433962264151,Weak
OFF-AR-10000127,Newell 321,44.608000000000004,12.0048,14,3,0.2691176470588235,Weak
OFF-AR-10000203,Newell 336,68.48,13.781600000000001,18,4,0.20125,Weak
OFF-AR-10000246,Newell 318,61.716,14.4004,23,5,0.2333333333333333,Weak
OFF-AR-10000255,Newell 328,75.92,19.7392,13,3,0.26,Weak
OFF-AR-10000315,"Dixon Ticonderoga Maple Cedar Pencil, #2",14.122,2.6095,5,2,0.1847826086956522,Weak
OFF-AR-10000369,Design Ebony Sketching Pencil,10.841999999999999,1.5846,9,2,0.14615384615384616,Weak
OFF-AR-10000380,"Hunt PowerHouse Electric Pencil Sharpener, Blue",1352.088,368.406,37,9,0.27247191011235955,Star
OFF-AR-10000390,Newell Chalk Holder,83.426,36.5918,21,7,0.4386138613861386,Winner
OFF-AR-10000411,Boston 16701 Slimline Battery Pencil Sharpener,38.256,4.782,3,1,0.125,Weak
OFF-AR-10000422,Pencil and Crayon Sharpener,18.834,2.847,10,2,0.1511627906976744,Weak
OFF-AR-10000462,Sanford Pocket Accent Highlighters,14.399999999999999,6.192,9,2,0.43000000000000005,Weak
OFF-AR-10000475,"Hunt BOSTON Vista Battery-Operated Pencil Sharpener, Black",83.952,15.857600000000001,8,4,0.1888888888888889,Weak
OFF-AR-10000538,"Boston Model 1800 Electric Pencil Sharpener, Gray",264.61,67.56,10,2,0.2553191489361702,Star
OFF-AR-10000588,Newell 345,376.96000000000004,68.6464,21,7,0.18210526315789471,Star
OFF-AR-10000614,Barrel Sharpener,67.83000000000001,17.6358,19,4,0.25999999999999995,Weak
OFF-AR-10000634,Newell 320,81.32,9.4588,23,7,0.11631578947368422,Weak
OFF-AR-10000657,"Binney & Smith inkTank Desk Highlighter, Chisel Tip, Yellow, 12/Box",39.99,12.6205,19,4,0.31559139784946233,Weak
OFF-AR-10000658,Newell 324,263.34000000000003,72.072,23,7,0.27368421052631575,Star
OFF-AR-10000716,DIXON Ticonderoga Erasable Checking Pencils,54.684,17.2422,11,5,0.3153061224489796,Weak
OFF-AR-10000799,Col-Erase Pencils with Erasers,37.696,7.478400000000001,7,2,0.19838709677419358,Weak
OFF-AR-10000817,Manco Dry-Lighter Erasable Highlighter,82.08,25.9008,28,6,0.3155555555555556,Weak
OFF-AR-10000823,Newell 307,19.292,3.5672,12,3,0.18490566037735848,Weak
OFF-AR-10000896,Newell 329,24.272,4.8544,8,2,0.2,Weak
OFF-AR-10000914,Boston 16765 Mini Stand Up Battery Pencil Sharpener,65.29599999999999,13.5256,6,3,0.20714285714285718,Weak
OFF-AR-10000937,"Dixon Ticonderoga Core-Lock Colored Pencils, 48-Color Set",431.28999999999996,165.206,13,2,0.38305084745762713,Star
OFF-AR-10000940,Newell 343,44.688,8.2026,17,5,0.18355263157894736,Weak
OFF-AR-10001022,SANFORD Liquid Accent Tank-Style Highlighters,8.52,2.6412,3,2,0.31,Weak
OFF-AR-10001026,"Sanford Uni-Blazer View Highlighters, Chisel Tip, Yellow",22.0,9.68,10,1,0.44,Weak
OFF-AR-10001044,"BOSTON Ranger #55 Pencil Sharpener, Black",379.454,65.7547,17,7,0.1732876712328767,Star
OFF-AR-10001118,"Binney & Smith Crayola Metallic Crayons, 16-Color Pack",16.176000000000002,6.739999999999999,5,2,0.4166666666666666,Weak
OFF-AR-10001130,"Quartet Alpha White Chalk, 12/Pack",15.469999999999999,6.0996,8,2,0.3942857142857143,Weak
OFF-AR-10001149,"Avery Hi-Liter Comfort Grip Fluorescent Highlighter, Yellow Ink",7.8,3.042,4,2,0.38999999999999996,Weak
OFF-AR-10001149,"Sanford Colorific Colored Pencils, 12/Box",47.232,12.96,17,4,0.27439024390243905,Weak
OFF-AR-10001166,Staples in misc. colors,7.58,2.9562,1,1,0.39,Weak
OFF-AR-10001177,Newell 349,42.64,10.0368,14,3,0.23538461538461536,Weak
OFF-AR-10001216,Newell 339,26.688000000000002,6.116,10,3,0.22916666666666663,Weak
OFF-AR-10001221,"Dixon Ticonderoga Erasable Colored Pencil Set, 12-Color",33.488,5.8604,7,1,0.17500000000000002,Weak
OFF-AR-10001227,Newell 338,23.52,6.3504000000000005,8,2,0.27,Weak
OFF-AR-10001231,"Sanford EarthWrite Recycled Pencils, Medium Soft, #2",14.7,4.116,7,2,0.27999999999999997,Weak
OFF-AR-10001246,Newell 317,68.208,11.8482,27,6,0.17370689655172414,Weak
OFF-AR-10001315,Newell 310,33.44,5.9488,22,6,0.17789473684210527,Weak
OFF-AR-10001374,"BIC Brite Liner Highlighters, Chisel Tip",80.352,18.662399999999998,14,4,0.232258064516129,Weak
OFF-AR-10001419,Newell 325,115.64,26.019,31,5,0.22499999999999998,Weak
OFF-AR-10001427,Newell 330,47.84,8.0132,9,3,0.16749999999999998,Weak
OFF-AR-10001446,Newell 309,168.63,31.185000000000002,17,4,0.18493150684931509,Weak
OFF-AR-10001468,"Sanford Prismacolor Professional Thick Lead Art Pencils, 36-Color Set",209.664,49.7952,7,3,0.23750000000000002,Winner
OFF-AR-10001473,Newell 313,28.208,4.264,10,3,0.15116279069767444,Weak
OFF-AR-10001545,Newell 326,36.608,7.8671999999999995,23,6,0.21490384615384617,Weak
OFF-AR-10001547,Newell 311,54.808,11.248899999999999,27,7,0.20524193548387096,Weak
OFF-AR-10001573,American Pencil,48.93,14.189699999999998,21,6,0.29,Weak
OFF-AR-10001615,Newell 34,460.288,93.248,25,7,0.20258620689655174,Star
OFF-AR-10001662,Rogers Handheld Barrel Pencil Sharpener,58.08800000000001,12.0834,23,5,0.20801886792452826,Weak
OFF-AR-10001683,Lumber Crayons,122.14,36.641999999999996,14,5,0.3,Winner
OFF-AR-10001725,Boston Home & Office Model 2000 Electric Pencil Sharpeners,297.99,70.477,13,6,0.2365079365079365,Star
OFF-AR-10001761,Avery Hi-Liter Smear-Safe Highlighters,123.80799999999999,34.1056,24,6,0.2754716981132076,Weak
OFF-AR-10001770,Economy #2 Pencils,26.6,6.916,10,3,0.26,Weak
OFF-AR-10001860,BIC Liqua Brite Liner,173.5,53.576800000000006,27,6,0.3088,Winner
OFF-AR-10001868,Prang Dustless Chalk Sticks,30.575999999999997,14.616,19,7,0.47802197802197804,Weak
OFF-AR-10001897,Model L Table or Wall-Mount Pencil Sharpener,402.976,92.10879999999999,24,5,0.22857142857142854,Star
OFF-AR-10001915,Peel-Off China Markers,178.74,63.55200000000001,20,4,0.35555555555555557,Winner
OFF-AR-10001919,"OIC #2 Pencils, Medium Soft",25.567999999999998,6.8808,14,5,0.2691176470588235,Weak
OFF-AR-10001940,"Sanford Colorific Eraseable Coloring Pencils, 12 Count",45.919999999999995,17.875999999999998,15,4,0.3892857142857143,Weak
OFF-AR-10001953,Boston 1645 Deluxe Heavier-Duty Electric Pencil Sharpener,1002.7439999999999,200.109,25,6,0.19956140350877197,Star
OFF-AR-10001954,Newell 331,60.635999999999996,10.6602,14,3,0.17580645161290323,Weak
OFF-AR-10001955,Newell 319,384.896,107.13600000000001,20,6,0.27835051546391754,Star
OFF-AR-10001958,Stanley Bostitch Contemporary Electric Pencil Sharpeners,275.076,42.7896,19,7,0.15555555555555553,Star
OFF-AR-10001972,Newell 323,8.4,2.184,5,1,0.26,Weak
OFF-AR-10001988,Bulldog Table or Wall-Mount Pencil Sharpener,77.87,22.582299999999996,13,3,0.2899999999999999,Weak
OFF-AR-10002053,"Premium Writing Pencils, Soft, #2 by Central Association for the Blind",61.983999999999995,14.7808,22,5,0.23846153846153847,Weak
OFF-AR-10002067,Newell 334,432.512,109.5168,22,5,0.25321100917431194,Star
OFF-AR-10002135,Boston Heavy-Duty Trimline Electric Pencil Sharpeners,626.6,181.714,13,3,0.29,Star
OFF-AR-10002221,12 Colored Short Pencils,18.2,3.016,8,3,0.16571428571428573,Weak
OFF-AR-10002240,Panasonic KP-150 Electric Pencil Sharpener,573.648,126.8064,16,4,0.22105263157894736,Star
OFF-AR-10002255,Newell 346,25.344,6.940799999999999,9,4,0.2738636363636363,Weak
OFF-AR-10002257,"Eldon Spacemaker Box, Quick-Snap Lid, Clear",45.424,8.5504,16,5,0.18823529411764706,Weak
OFF-AR-10002280,Staples in misc. colors,54.348,22.3215,9,2,0.41071428571428575,Weak
OFF-AR-10002335,DIXON Oriole Pencils,21.672,2.58,10,4,0.11904761904761904,Weak
OFF-AR-10002375,Newell 351,55.76,16.1704,17,5,0.29000000000000004,Weak
OFF-AR-10002399,"Dixon Prang Watercolor Pencils, 10-Color Set with Brush",93.72,35.9118,23,6,0.3831818181818182,Weak
OFF-AR-10002445,SANFORD Major Accent Highlighters,209.56799999999998,77.88,30,7,0.37162162162162166,Winner
OFF-AR-10002467,Dixon Ticonderoga Pencils,37.548,9.267800000000001,13,3,0.24682539682539684,Weak
OFF-AR-10002578,Newell 335,25.92,7.5168,9,3,0.29,Weak
OFF-AR-10002656,Sanford Liquid Accent Highlighters,89.512,26.386,15,4,0.29477611940298504,Weak
OFF-AR-10002671,"Hunt BOSTON Model 1606 High-Volume Electric Pencil Sharpener, Beige",1113.024,111.3024,8,1,0.10000000000000002,Star
OFF-AR-10002704,Boston 1900 Electric Pencil Sharpener,14.98,4.494,1,1,0.3,Weak
OFF-AR-10002766,Prang Drawing Pencil Set,42.256,7.7562,17,3,0.18355263157894736,Weak
OFF-AR-10002804,Faber Castell Col-Erase Pencils,22.494,8.0685,5,4,0.3586956521739131,Weak
OFF-AR-10002818,Panasonic KP-310 Heavy-Duty Electric Pencil Sharpener,197.82,59.346000000000004,9,2,0.30000000000000004,Winner
OFF-AR-10002833,Newell 322,18.928,4.3134,11,4,0.22788461538461535,Weak
OFF-AR-10002952,Stanley Contemporary Battery Pencil Sharpeners,293.7,63.012,24,4,0.21454545454545457,Star
OFF-AR-10002956,Boston 16801 Nautilus Battery Pencil Sharpener,444.60200000000003,69.9918,23,6,0.1574257425742574,Star
OFF-AR-10002987,Prismacolor Color Pencil Set,198.4,57.9328,12,4,0.292,Winner
OFF-AR-10003045,Prang Colored Pencils,75.852,32.193,27,6,0.42441860465116277,Weak
OFF-AR-10003056,Newell 341,81.32,23.5828,19,5,0.29000000000000004,Weak
OFF-AR-10003087,Staples in misc. colors,24.92,5.696,15,3,0.22857142857142854,Weak
OFF-AR-10003156,50 Colored Long Pencils,138.176,32.9184,14,5,0.23823529411764707,Weak
OFF-AR-10003158,Fluorescent Highlighters by Dixon,68.456,18.5468,19,4,0.2709302325581395,Weak
OFF-AR-10003179,Dixon Ticonderoga Core-Lock Colored Pencils,229.572,58.6684,28,7,0.25555555555555554,Winner
OFF-AR-10003183,Avery Fluorescent Highlighter Four-Color Set,57.448,8.35,21,6,0.1453488372093023,Weak
OFF-AR-10003190,Newell 32,40.32,11.2896,14,5,0.28,Weak
OFF-AR-10003217,Newell 316,46.944,8.2152,11,2,0.175,Weak
OFF-AR-10003251,Prang Drawing Pencil Set,38.364000000000004,13.344000000000001,15,6,0.34782608695652173,Weak
OFF-AR-10003338,"Eberhard Faber 3 1/2"" Golf Pencils",124.992,24.552,18,6,0.19642857142857142,Weak
OFF-AR-10003373,"Boston School Pro Electric Pencil Sharpener, 1670",687.756,99.7556,26,6,0.14504504504504506,Star
OFF-AR-10003394,Newell 332,46.452,9.9666,17,4,0.21455696202531646,Weak
OFF-AR-10003405,"Dixon My First Ticonderoga Pencil, #2",28.08,3.159,6,2,0.1125,Weak
OFF-AR-10003469,Nontoxic Chalk,27.456,12.8128,16,6,0.4666666666666667,Weak
OFF-AR-10003477,4009 Highlighters,8.04,2.7336,6,1,0.34,Weak
OFF-AR-10003478,"Avery Hi-Liter EverBold Pen Style Fluorescent Highlighters, 4/Pack",219.78,68.376,31,6,0.3111111111111111,Winner
OFF-AR-10003481,Newell 348,60.352,9.118400000000001,22,5,0.15108695652173915,Weak
OFF-AR-10003504,Newell 347,117.27199999999999,29.1468,29,6,0.24854014598540147,Weak
OFF-AR-10003514,4009 Highlighters by Sanford,95.52,28.854999999999997,25,5,0.3020833333333333,Weak
OFF-AR-10003560,Zebra Zazzle Fluorescent Highlighters,100.928,20.671999999999997,20,6,0.2048192771084337,Weak
OFF-AR-10003582,"Boston Electric Pencil Sharpener, Model 1818, Charcoal Black",467.29,102.466,18,7,0.2192771084337349,Star
OFF-AR-10003602,"Quartet Omega Colored Chalk, 12/Pack",80.592,34.164,15,7,0.4239130434782609,Weak
OFF-AR-10003631,Staples in misc. colors,123.904,26.619999999999997,30,4,0.21484374999999997,Weak
OFF-AR-10003651,Newell 350,49.2,14.268,15,4,0.29,Weak
OFF-AR-10003696,Panasonic KP-350BK Electric Pencil Sharpener with Auto Stop,124.488,26.2808,4,3,0.2111111111111111,Weak
OFF-AR-10003723,Avery Hi-Liter Fluorescent Desk Style Markers,20.279999999999998,7.5036000000000005,6,2,0.37000000000000005,Weak
OFF-AR-10003727,Berol Giant Pencil Sharpener,254.85000000000002,49.780699999999996,17,4,0.1953333333333333,Star
OFF-AR-10003732,Newell 333,54.488,13.344,20,6,0.24489795918367346,Weak
OFF-AR-10003752,Deluxe Chalkboard Eraser Cleaner,159.39,65.83500000000001,15,4,0.4130434782608696,Winner
OFF-AR-10003759,"Crayola Anti Dust Chalk, 12/Pack",40.404,16.38,24,5,0.4054054054054054,Weak
OFF-AR-10003770,Newell 340,17.28,5.0112,6,1,0.29,Weak
OFF-AR-10003772,Boston 16750 Black Compact Battery Pencil Sharpener,43.75,13.125,5,2,0.3,Weak
OFF-AR-10003811,Newell 327,39.78,10.7406,18,4,0.27,Weak
OFF-AR-10003829,Newell 35,93.152,23.288,30,9,0.25,Weak
OFF-AR-10003856,Newell 344,40.032,7.1168000000000005,16,5,0.1777777777777778,Weak
OFF-AR-10003876,"Avery Hi-Liter GlideStik Fluorescent Highlighter, Yellow Ink",26.08,9.6496,9,2,0.37,Weak
OFF-AR-10003896,"Stride Job 150 Highlighters, Chisel Tip, Assorted Colors",17.94,6.4584,3,1,0.36,Weak
OFF-AR-10003903,Sanford 52201 APSCO Electric Pencil Sharpener,524.416,130.2846,13,3,0.2484375,Star
OFF-AR-10003958,Newell 337,5.248,0.5904,2,1,0.1125,Weak
OFF-AR-10003986,Avery Hi-Liter Pen Style Six-Color Fluorescent Set,7.7,3.157,2,1,0.41,Weak
OFF-AR-10004010,Hunt Boston Vacuum Mount KS Pencil Sharpener,496.858,108.46900000000001,15,4,0.2183098591549296,Star
OFF-AR-10004022,Panasonic KP-380BK Classic Electric Pencil Sharpener,705.208,111.538,22,6,0.15816326530612246,Star
OFF-AR-10004027,"Binney & Smith inkTank Erasable Desk Highlighter, Chisel Tip, Yellow, 12/Box",17.64,5.7456000000000005,8,3,0.32571428571428573,Weak
OFF-AR-10004042,"BOSTON Model 1800 Electric Pencil Sharpeners, Putty/Woodgrain",334.428,66.3462,21,5,0.19838709677419353,Star
OFF-AR-10004062,Staples in misc. colors,136.24,34.06,13,2,0.25,Weak
OFF-AR-10004078,Newell 312,213.744,29.784,45,9,0.13934426229508196,Weak
OFF-AR-10004165,"Binney & Smith inkTank Erasable Pocket Highlighter, Chisel Tip, Yellow",20.52,9.0288,9,2,0.44,Weak
OFF-AR-10004260,Boston 1799 Powerhouse Electric Pencil Sharpener,389.70000000000005,109.116,15,3,0.27999999999999997,Star
OFF-AR-10004269,Newell 31,82.6,20.1544,21,4,0.244,Weak
OFF-AR-10004272,Newell 308,8.4,2.1,5,2,0.25,Weak
OFF-AR-10004344,Bulldog Vacuum Base Pencil Sharpener,246.994,45.6819,23,4,0.1849514563106796,Star
OFF-AR-10004441,BIC Brite Liner Highlighters,48.852,15.2352,14,4,0.31186440677966104,Weak
OFF-AR-10004456,Panasonic KP-4ABK Battery-Operated Pencil Sharpener,190.32,55.192800000000005,13,3,0.29000000000000004,Winner
OFF-AR-10004511,"Sanford Colorific Scented Colored Pencils, 12/Pack",47.080000000000005,14.5948,11,2,0.30999999999999994,Weak
OFF-AR-10004582,BIC Brite Liner Grip Highlighters,8.2,3.69,5,2,0.45,Weak
OFF-AR-10004587,"Boston 1827 Commercial Additional Cutter, Drive Gear & Gear Rack for 1606",59.489999999999995,17.847,3,2,0.30000000000000004,Weak
OFF-AR-10004602,Boston KS Multi-Size Manual Pencil Sharpener,418.418,87.362,20,6,0.20879120879120877,Star
OFF-AR-10004648,Boston 19500 Mighty Mite Electric Pencil Sharpener,161.2,43.524,8,3,0.27,Winner
OFF-AR-10004685,"Binney & Smith Crayola Metallic Colored Pencils, 8-Color Set",79.636,23.7982,18,6,0.2988372093023256,Weak
OFF-AR-10004691,Boston 1730 StandUp Electric Pencil Sharpener,64.14,16.6764,3,1,0.26,Weak
OFF-AR-10004707,Staples in misc. colors,9.92,3.472,4,2,0.35,Weak
OFF-AR-10004752,Blackstonian Pencils,43.788000000000004,11.1072,17,3,0.25365853658536586,Weak
OFF-AR-10004757,Crayola Colored Pencils,107.584,28.4704,36,10,0.2646341463414634,Weak
OFF-AR-10004790,Staples in misc. colors,47.88,2.9925,5,2,0.0625,Weak
OFF-AR-10004817,Colorific Watercolor Pencils,51.6,11.3004,11,3,0.219,Weak
OFF-AR-10004930,Turquoise Lead Holder with Pocket Clip,37.52,10.586,6,3,0.28214285714285714,Weak
OFF-AR-10004956,Newell 33,47.988,8.37,10,3,0.17441860465116277,Weak
OFF-AR-10004974,Newell 342,9.84,2.8536,3,1,0.29000000000000004,Weak
OFF-AR-10004999,Newell 315,145.912,33.787,25,6,0.2315573770491803,Weak
OFF-BI-10000014,Heavy-Duty E-Z-D Binders,163.65,19.0925,25,7,0.11666666666666667,Weak
OFF-BI-10000042,"Pressboard Data Binder, Crimson, 12"" X 8 1/2""",33.108000000000004,7.1556,9,3,0.21612903225806449,Weak
OFF-BI-10000050,"Angle-D Binders with Locking Rings, Label Holders",197.82999999999998,35.332,42,10,0.1785977859778598,Weak
OFF-BI-10000069,"GBC Prepunched Paper, 19-Hole, for Binding Systems, 24-lb",385.757,110.1734,34,6,0.2856031128404669,Star
OFF-BI-10000088,GBC Imprintable Covers,162.50400000000002,11.309400000000002,27,7,0.06959459459459459,Weak
OFF-BI-10000136,Avery Non-Stick Heavy Duty View Round Locking Ring Binders,50.232,22.2456,9,2,0.44285714285714284,Weak
OFF-BI-10000138,Acco Translucent Poly Ring Binders,77.68799999999999,9.5472,28,7,0.12289156626506026,Weak
OFF-BI-10000145,Zipper Ring Binder Pockets,62.712,7.02,35,10,0.11194029850746268,Weak
OFF-BI-10000174,"Wilson Jones Clip & Carry Folder Binder Tool for Ring Binders, Clear",125.85999999999999,23.316000000000003,34,6,0.1852534562211982,Weak
OFF-BI-10000201,"Avery Triangle Shaped Sheet Lifters, Black, 2/Pack",19.188000000000002,-0.4919999999999991,16,5,-0.02564102564102559,Weak
OFF-BI-10000216,"Mead 1st Gear 2"" Zipper Binder, Asst. Colors",42.801,3.891,6,2,0.09090909090909091,Weak
OFF-BI-10000279,"Acco Recycled 2"" Capacity Laser Printer Hanging Data Binders",85.255,8.669999999999998,10,4,0.10169491525423727,Weak
OFF-BI-10000285,XtraLife ClearVue Slant-D Ring Binders by Cardinal,72.912,-13.328,22,5,-0.18279569892473116,Weak
OFF-BI-10000301,GBC Instant Report Kit,128.75300000000001,18.762999999999998,34,10,0.14572864321608037,Weak
OFF-BI-10000309,"GBC Twin Loop Wire Binding Elements, 9/16"" Spine, Black",211.558,-5.783600000000002,28,7,-0.027338129496402887,Weak
OFF-BI-10000315,Poly Designer Cover & Back,451.962,106.344,35,7,0.23529411764705882,Star
OFF-BI-10000320,GBC Plastic Binding Combs,131.364,44.7966,23,9,0.34101123595505617,Winner
OFF-BI-10000343,"Pressboard Covers with Storage Hooks, 9 1/2"" x 11"", Light Blue",100.655,-8.6416,42,11,-0.08585365853658537,Weak
OFF-BI-10000404,Avery Printable Repositionable Plastic Tabs,115.24000000000001,42.312000000000005,16,6,0.36716417910447763,Winner
OFF-BI-10000474,Avery Recycled Flexi-View Covers for Binding Systems,133.049,-100.3478,28,6,-0.7542168674698795,Weak
OFF-BI-10000494,Acco Economy Flexible Poly Round Ring Binder,11.484,-5.742,6,4,-0.5,Weak
OFF-BI-10000545,GBC Ibimaster 500 Manual ProClick Binding System,17806.932,2206.8419999999996,41,7,0.12393162393162391,Star
OFF-BI-10000546,Avery Durable Binders,81.216,18.0576,43,11,0.2223404255319149,Weak
OFF-BI-10000591,Avery Binder Labels,26.063,9.8806,8,4,0.37910447761194027,Weak
OFF-BI-10000605,"Acco Pressboard Covers with Storage Hooks, 9 1/2"" x 11"", Executive Red",85.344,32.8422,26,8,0.3848214285714286,Weak
OFF-BI-10000632,Satellite Sectional Post Binders,386.349,-12.154799999999994,17,8,-0.03146067415730336,Volume
OFF-BI-10000666,Surelock Post Binders,550.08,229.20000000000002,21,6,0.4166666666666667,Star
OFF-BI-10000756,Storex DuraTech Recycled Plastic Frosted Binders,94.128,11.447999999999999,39,8,0.1216216216216216,Weak
OFF-BI-10000773,Insertable Tab Post Binder Dividers,53.733999999999995,-44.0298,23,7,-0.8194029850746269,Weak
OFF-BI-10000778,GBC VeloBinder Electric Binding Machine,423.43,-362.94,13,3,-0.8571428571428571,Volume
OFF-BI-10000822,"Acco PRESSTEX Data Binder with Storage Hooks, Light Blue, 9 1/2"" X 11""",62.408,23.2416,14,4,0.37241379310344824,Weak
OFF-BI-10000829,Avery Non-Stick Binders,101.474,38.4344,26,6,0.3787610619469026,Winner
OFF-BI-10000831,Storex Flexible Poly Binders with Double Pockets,3.168,-2.5344,4,1,-0.8,Weak
OFF-BI-10000848,Angle-D Ring Binders,26.256,-6.235799999999999,11,5,-0.23749999999999996,Weak
OFF-BI-10000948,"GBC Laser Imprintable Binding System Covers, Desert Sand",146.981,18.408299999999997,17,6,0.12524271844660192,Weak
OFF-BI-10000962,"Acco Flexible ACCOHIDE Square Ring Data Binder, Dark Blue, 11 1/2"" X 14"" 7/8""",361.194,87.3699,33,9,0.2418918918918919,Star
OFF-BI-10000977,Ibico Plastic Spiral Binding Combs,1009.28,286.976,44,12,0.28433734939759037,Star
OFF-BI-10001031,Pressboard Data Binders by Wilson Jones,99.324,22.9086,27,8,0.2306451612903226,Weak
OFF-BI-10001036,Cardinal EasyOpen D-Ring Binders,209.30599999999998,26.506000000000004,40,8,0.12663755458515286,Weak
OFF-BI-10001071,GBC ProClick Punch Binding System,1497.132,616.1274,27,6,0.4115384615384615,Star
OFF-BI-10001072,"GBC Clear Cover, 8-1/2 x 11, unpunched, 25 covers per pack",136.44,13.644000000000002,15,4,0.10000000000000002,Weak
OFF-BI-10001078,"Acco PRESSTEX Data Binder with Storage Hooks, Dark Blue, 14 7/8"" X 11""",175.388,73.8674,37,7,0.42116564417177915,Winner
OFF-BI-10001097,Avery Hole Reinforcements,101.549,25.293799999999997,24,7,0.24907975460122694,Weak
OFF-BI-10001098,Acco D-Ring Binder w/DublLock,235.18,-102.8378,31,9,-0.43727272727272726,Weak
OFF-BI-10001107,"GBC White Gloss Covers, Plain Front",246.16,23.602400000000003,29,6,0.09588235294117649,Volume
OFF-BI-10001116,"Wilson Jones 1"" Hanging DublLock Ring Binders",111.408,-3.9071999999999996,42,9,-0.03507109004739336,Weak
OFF-BI-10001120,Ibico EPK-21 Electric Binding System,15875.916000000001,3345.2823,13,3,0.2107142857142857,Star
OFF-BI-10001132,"Acco PRESSTEX Data Binder with Storage Hooks, Dark Blue, 9 1/2"" X 11""",62.946,-0.16139999999999866,23,4,-0.002564102564102543,Weak
OFF-BI-10001153,Ibico Recycled Grain-Textured Covers,107.074,-13.816000000000003,7,3,-0.12903225806451615,Weak
OFF-BI-10001191,Canvas Sectional Post Binders,213.86399999999998,97.0026,9,3,0.4535714285714286,Winner
OFF-BI-10001196,"Avery Flip-Chart Easel Binder, Black",239.466,37.8222,17,4,0.15794392523364487,Star
OFF-BI-10001249,Avery Heavy-Duty EZD View Binder with Locking Rings,170.984,29.730800000000002,41,10,0.17388059701492536,Weak
OFF-BI-10001267,"Universal Recycled Hanging Pressboard Report Binders, Letter Size",72.806,8.638000000000002,20,5,0.1186440677966102,Weak
OFF-BI-10001294,Fellowes Binding Cases,271.44,71.955,31,5,0.2650862068965517,Star
OFF-BI-10001308,GBC Standard Plastic Binding Systems' Combs,86.036,-3.7680000000000007,26,6,-0.04379562043795621,Weak
OFF-BI-10001359,GBC DocuBind TL300 Electric Binding System,17132.509,968.7492000000004,34,10,0.05654450261780108,Star
OFF-BI-10001460,Plastic Binding Combs,269.67,84.9915,23,5,0.3151685393258427,Star
OFF-BI-10001510,Deluxe Heavy-Duty Vinyl Round Ring Binder,504.24,88.242,33,7,0.17500000000000002,Star
OFF-BI-10001524,GBC Premium Transparent Covers with Diagonal Lined Pattern,692.34,59.583200000000005,58,12,0.08606060606060606,Star
OFF-BI-10001525,"Acco Pressboard Covers with Storage Hooks, 14 7/8"" x 11"", Executive Red",33.528,-8.382000000000001,20,4,-0.25000000000000006,Weak
OFF-BI-10001543,GBC VeloBinder Manual Binding System,842.166,280.72200000000004,30,8,0.33333333333333337,Star
OFF-BI-10001553,SpineVue Locking Slant-D Ring Binders by Cardinal,103.28200000000001,3.4732,21,7,0.03362831858407079,Weak
OFF-BI-10001575,GBC Linen Binding Covers,207.566,-82.4068,18,6,-0.3970149253731343,Weak
OFF-BI-10001597,"Wilson Jones Ledger-Size, Piano-Hinge Binder, 2"", Blue",995.814,122.12040000000003,41,10,0.12263374485596712,Star
OFF-BI-10001617,GBC Wire Binding Combs,134.42000000000002,41.256600000000006,17,5,0.3069230769230769,Winner
OFF-BI-10001628,"Acco Data Flex Cable Posts For Top & Bottom Load Binders, 6"" Capacity",241.976,46.934999999999995,34,8,0.19396551724137928,Star
OFF-BI-10001634,Wilson Jones Active Use Binders,71.344,15.652000000000001,15,5,0.21938775510204084,Weak
OFF-BI-10001636,Ibico Plastic and Wire Spiral Binding Combs,208.221,21.580800000000004,41,9,0.10364372469635628,Weak
OFF-BI-10001658,GBC Standard Therm-A-Bind Covers,289.072,-6.977599999999995,22,8,-0.02413793103448274,Volume
OFF-BI-10001670,Vinyl Sectional Post Binders,765.3100000000001,105.55999999999999,35,9,0.1379310344827586,Star
OFF-BI-10001679,GBC Instant Index System for Binding Systems,71.928,-12.432,19,5,-0.17283950617283952,Weak
OFF-BI-10001718,GBC DocuBind P50 Personal Binding Machine,2188.116,628.2836,46,9,0.2871345029239766,Star
OFF-BI-10001721,Trimflex Flexible Post Binders,346.356,112.8864,21,4,0.3259259259259259,Star
OFF-BI-10001757,Pressboard Hanging Data Binders for Unburst Sheets,112.66799999999999,-10.135200000000001,48,10,-0.08995633187772928,Weak
OFF-BI-10001758,Wilson Jones 14 Line Acrylic Coated Pressboard Data Binders,100.392,35.297399999999996,23,4,0.35159574468085103,Weak
OFF-BI-10001759,"Acco Pressboard Covers with Storage Hooks, 14 7/8"" x 11"", Dark Blue",20.192999999999998,-1.1810999999999998,11,3,-0.05849056603773584,Weak
OFF-BI-10001765,Wilson Jones Heavy-Duty Casebound Ring Binders with Metal Hinges,554.24,157.95839999999998,22,6,0.285,Star
OFF-BI-10001787,Wilson Jones Four-Pocket Poly Binders,62.13,5.4282,17,4,0.08736842105263158,Weak
OFF-BI-10001890,Avery Poly Binder Pockets,70.884,11.3128,32,7,0.1595959595959596,Weak
OFF-BI-10001900,"DXL Angle-View Binders with Locking Rings, Black",105.424,35.5806,22,3,0.33749999999999997,Weak
OFF-BI-10001922,Storex Dura Pro Binders,153.252,49.361399999999996,33,5,0.3220930232558139,Winner
OFF-BI-10001982,Wilson Jones Custom Binder Spines & Labels,38.08,-17.408,20,6,-0.4571428571428572,Weak
OFF-BI-10001989,Premium Transparent Presentation Covers by GBC,572.754,212.7372,33,8,0.37142857142857144,Star
OFF-BI-10002003,Ibico Presentation Index for Binding Systems,72.038,15.0842,27,7,0.20939226519337018,Weak
OFF-BI-10002012,Wilson Jones Easy Flow II Sheet Lifters,41.760000000000005,10.872,33,8,0.26034482758620686,Weak
OFF-BI-10002026,Avery Arch Ring Binders,1214.29,259.707,31,9,0.2138755980861244,Star
OFF-BI-10002026,Ibico Recycled Linen-Style Covers,734.328,287.48159999999996,22,3,0.3914893617021276,Star
OFF-BI-10002049,UniKeep View Case Binders,25.917,-0.4889999999999999,10,4,-0.018867924528301883,Weak
OFF-BI-10002071,Fellowes Black Plastic Comb Bindings,75.53,-9.1798,27,7,-0.12153846153846154,Weak
OFF-BI-10002072,Cardinal Slant-D Ring Binders,88.638,32.153,13,3,0.3627450980392157,Weak
OFF-BI-10002082,GBC Twin Loop Wire Binding Elements,961.7919999999999,229.632,44,9,0.2387543252595156,Star
OFF-BI-10002103,"Cardinal Slant-D Ring Binder, Heavy Gauge Vinyl",179.014,5.3877999999999995,37,10,0.030097087378640773,Weak
OFF-BI-10002133,"Wilson Jones Elliptical Ring 3 1/2"" Capacity Binders, 800 sheets",761.8399999999999,-2.1399999999999864,35,6,-0.0028089887640449264,Volume
OFF-BI-10002160,Acco Hanging Data Binders,41.910000000000004,8.2296,17,7,0.19636363636363632,Weak
OFF-BI-10002194,Cardinal Hold-It CD Pocket,38.304,-12.4488,12,4,-0.325,Weak
OFF-BI-10002215,"Wilson Jones Hanging View Binder, White, 1""",97.97999999999999,40.47,15,5,0.4130434782608696,Winner
OFF-BI-10002225,"Square Ring Data Binders, Rigid 75 Pt. Covers, 11"" x 14-7/8""",334.368,98.2464,22,7,0.2938271604938271,Star
OFF-BI-10002309,Avery Heavy-Duty EZD  Binder With Locking Rings,93.744,21.204,25,5,0.2261904761904762,Weak
OFF-BI-10002353,GBC VeloBind Cover Sets,314.976,60.216,33,9,0.1911764705882353,Star
OFF-BI-10002393,Binder Posts,57.4,7.8064,16,6,0.136,Weak
OFF-BI-10002412,Wilson Jones “Snap” Scratch Pad Binder Tool for Ring Binders,100.92,30.739999999999995,22,5,0.30459770114942525,Weak
OFF-BI-10002414,GBC ProClick Spines for 32-Hole Punch,55.132,-4.6361,9,4,-0.08409090909090909,Weak
OFF-BI-10002429,"Premier Elliptical Ring Binder, Black",435.29200000000003,-134.54479999999998,36,7,-0.309090909090909,Volume
OFF-BI-10002432,Wilson Jones Standard D-Ring Binders,71.346,15.0282,21,7,0.21063829787234042,Weak
OFF-BI-10002437,Recycled Premium Regency Composition Covers,110.01599999999999,39.880799999999994,9,3,0.3625,Winner
OFF-BI-10002498,Clear Mylar Reinforcing Strips,377.538,90.27269999999999,29,7,0.23910891089108907,Star
OFF-BI-10002557,Presstex Flexible Ring Binders,70.07,13.194999999999999,25,7,0.18831168831168832,Weak
OFF-BI-10002571,"Avery Framed View Binder, EZD Ring (Locking), Navy, 1 1/2""",83.83200000000001,-6.087799999999998,17,5,-0.07261904761904758,Weak
OFF-BI-10002609,Avery Hidden Tab Dividers for Binding Systems,13.708,-5.6024,12,4,-0.40869565217391307,Weak
OFF-BI-10002706,Avery Premier Heavy-Duty Binder with Round Locking Rings,177.072,22.848000000000003,20,6,0.12903225806451615,Weak
OFF-BI-10002735,GBC Prestige Therm-A-Bind Covers,936.663,318.3968,34,9,0.3399267399267399,Star
OFF-BI-10002764,Recycled Pressboard Report Cover with Reinforced Top Hinge,48.772999999999996,9.2378,24,6,0.1894039735099338,Weak
OFF-BI-10002794,"Avery Trapezoid Ring Binder, 3"" Capacity, Black, 1040 sheets",532.74,93.8442,21,6,0.17615384615384616,Star
OFF-BI-10002799,"SlimView Poly Binder, 3/8""",76.664,-7.2520000000000024,30,5,-0.09459459459459463,Weak
OFF-BI-10002813,Avery Reinforcements for Hole-Punch Pages,28.512,-16.137,41,8,-0.5659722222222222,Weak
OFF-BI-10002824,Recycled Easel Ring Binders,308.844,21.634000000000004,35,9,0.07004830917874398,Volume
OFF-BI-10002827,Avery Durable Poly Binders,82.95,-15.5946,33,6,-0.188,Weak
OFF-BI-10002852,Ibico Standard Transparent Covers,377.392,125.248,30,9,0.3318777292576419,Star
OFF-BI-10002854,"Performers Binder/Pad Holder, Black",330.754,-33.636,26,6,-0.1016949152542373,Volume
OFF-BI-10002867,GBC Recycled Regency Composition Covers,836.9200000000001,288.1396,17,4,0.34428571428571425,Star
OFF-BI-10002897,"Black Avery Memo-Size 3-Ring Binder, 5 1/2"" x 8 1/2""",34.498,10.165899999999999,13,3,0.2946808510638298,Weak
OFF-BI-10002931,"Avery Trapezoid Extra Heavy Duty 4"" Binders",146.79,-62.91,10,3,-0.42857142857142855,Weak
OFF-BI-10002949,Prestige Round Ring Binders,61.408,9.8496,16,6,0.1603960396039604,Weak
OFF-BI-10002954,Newell 3-Hole Punched Plastic Slotted Magazine Holders for Binders,11.882,-11.882,10,3,-1.0,Weak
OFF-BI-10002976,ACCOHIDE Binder by Acco,57.81999999999999,24.9865,15,3,0.43214285714285716,Weak
OFF-BI-10002982,Avery Self-Adhesive Photo Pockets for Polaroid Photos,101.46900000000001,-1.2257999999999982,29,9,-0.01208053691275166,Weak
OFF-BI-10003007,"Premium Transparent Presentation Covers, No Pattern/Clear, 8 1/2"" x 11""",620.48,55.0676,27,6,0.08875,Star
OFF-BI-10003091,GBC DocuBind TL200 Manual Binding Machine,3426.894,1171.4153999999999,19,5,0.34183006535947713,Star
OFF-BI-10003094,Self-Adhesive Ring Binder Labels,8.448,0.9856000000000003,4,2,0.1166666666666667,Weak
OFF-BI-10003166,GBC Plasticlear Binding Covers,61.992,-63.3696,21,6,-1.0222222222222221,Weak
OFF-BI-10003196,Accohide Poly Flexible Ring Binders,43.758,-19.822000000000003,34,8,-0.45299145299145305,Weak
OFF-BI-10003274,"Avery Durable Slant Ring Binders, No Labels",57.71,0.7562000000000015,27,7,0.013103448275862095,Weak
OFF-BI-10003291,Wilson Jones Leather-Like Binders with DublLock Round Rings,156.267,-1.0475999999999974,34,8,-0.006703910614525123,Weak
OFF-BI-10003305,Avery Hanging File Binders,63.986000000000004,2.6311999999999998,19,5,0.0411214953271028,Weak
OFF-BI-10003314,Tuff Stuff Recycled Round Ring Binders,49.164,19.665599999999998,12,4,0.39999999999999997,Weak
OFF-BI-10003350,Acco Expandable Hanging Binders,38.918,1.0208000000000004,11,4,0.026229508196721322,Weak
OFF-BI-10003355,Cardinal Holdit Business Card Pockets,87.648,22.908,25,8,0.2613636363636364,Weak
OFF-BI-10003364,Binding Machine Supplies,562.981,138.26579999999998,28,7,0.24559585492227975,Star
OFF-BI-10003429,"Cardinal HOLDit! Binder Insert Strips,Extra Strips",136.728,4.367700000000001,41,9,0.03194444444444445,Weak
OFF-BI-10003460,Acco 3-Hole Punch,105.996,42.223200000000006,28,7,0.3983471074380166,Winner
OFF-BI-10003476,Avery Metallic Poly Binders,135.80100000000002,43.4334,31,6,0.31983122362869193,Winner
OFF-BI-10003527,Fellowes PB500 Electric Punch Plastic Comb Binding Machine with Manual Bind,22877.82,6990.445,25,8,0.3055555555555555,Star
OFF-BI-10003529,Avery Round Ring Poly Binders,36.919999999999995,12.2972,17,6,0.3330769230769231,Weak
OFF-BI-10003638,GBC Durable Plastic Covers,369.585,14.318999999999997,34,8,0.038743455497382194,Volume
OFF-BI-10003650,GBC DocuBind 300 Electric Binding Machine,6785.142,494.4212000000001,23,8,0.07286821705426358,Star
OFF-BI-10003655,Durable Pressboard Binders,37.239999999999995,15.085999999999999,11,2,0.40510204081632656,Weak
OFF-BI-10003656,Fellowes PB200 Plastic Comb Binding Machine,3178.813,424.975,30,7,0.13368983957219252,Star
OFF-BI-10003669,3M Organizer Strips,60.480000000000004,7.127999999999999,19,5,0.11785714285714284,Weak
OFF-BI-10003676,"GBC Standard Recycled Report Covers, Clear Plastic Sheets",258.72,-27.1656,51,12,-0.105,Volume
OFF-BI-10003684,Wilson Jones Legal Size Ring Binders,532.158,48.37800000000001,44,9,0.09090909090909093,Star
OFF-BI-10003694,"Avery 3 1/2"" Diskette Storage Pages, 10/Pack",137.808,-14.4072,27,6,-0.10454545454545455,Weak
OFF-BI-10003707,Aluminum Screw Posts,271.628,4.577999999999996,35,9,0.01685393258426965,Volume
OFF-BI-10003708,"Acco Four Pocket Poly Ring Binder with Label Holder, Smoke, 1""",32.78,-20.4875,13,3,-0.625,Weak
OFF-BI-10003712,"Acco Pressboard Covers with Storage Hooks, 14 7/8"" x 11"", Light Blue",91.326,8.6907,33,9,0.09516129032258065,Weak
OFF-BI-10003718,GBC Therma-A-Bind 250T Electric Binding System,1180.704,413.2464,12,2,0.35000000000000003,Star
OFF-BI-10003719,Large Capacity Hanging Post Binders,237.025,-32.435,20,4,-0.1368421052631579,Weak
OFF-BI-10003727,Avery Durable Slant Ring Binders With Label Holder,84.43599999999999,17.0544,31,8,0.20198019801980202,Weak
OFF-BI-10003784,Computer Printout Index Tabs,9.744,0.1343999999999997,11,3,0.01379310344827583,Weak
OFF-BI-10003876,"Green Canvas Binder for 8-1/2"" x 14"" Sheets",128.4,64.2,3,1,0.5,Winner
OFF-BI-10003910,DXL Angle-View Binders with Locking Rings by Samsill,91.74900000000001,23.901,16,6,0.26050420168067223,Weak
OFF-BI-10003925,Fellowes PB300 Plastic Comb Binding Machine,8070.192,2518.0551,27,6,0.31201923076923077,Star
OFF-BI-10003963,Cardinal Holdit Data Disk Pockets,100.464,38.7296,16,3,0.38550724637681155,Winner
OFF-BI-10003981,"Avery Durable Plastic 1"" Binders",116.224,37.5004,34,7,0.32265625,Winner
OFF-BI-10003982,Wilson Jones Century Plastic Molded Ring Binders,583.6370000000001,55.2482,48,10,0.09466192170818503,Star
OFF-BI-10003984,Lock-Up Easel 'Spel-Binder',636.219,16.262100000000004,41,6,0.02556053811659193,Volume
OFF-BI-10004001,GBC Recycled VeloBinder Covers,218.112,-11.927999999999994,25,5,-0.05468749999999997,Weak
OFF-BI-10004002,Wilson Jones International Size A4 Ring Binders,174.73000000000002,12.802000000000005,18,7,0.07326732673267329,Weak
OFF-BI-10004022,Acco Suede Grain Vinyl Round Ring Binder,29.468,-5.0596,23,6,-0.17169811320754716,Weak
OFF-BI-10004040,Wilson Jones Impact Binders,119.14,26.677000000000007,35,7,0.22391304347826094,Weak
OFF-BI-10004094,GBC Standard Plastic Binding Systems Combs,53.1,-1.0620000000000012,12,4,-0.02000000000000002,Weak
OFF-BI-10004099,GBC VeloBinder Strips,52.992,-23.808,20,4,-0.4492753623188406,Weak
OFF-BI-10004139,Fellowes Presentation Covers for Comb Binding Machines,133.86,21.825000000000003,14,2,0.16304347826086957,Weak
OFF-BI-10004140,Avery Non-Stick Binders,75.432,-13.47,36,13,-0.17857142857142858,Weak
OFF-BI-10004141,Insertable Tab Indexes For Data Binders,15.581999999999999,-1.5899999999999999,10,4,-0.10204081632653061,Weak
OFF-BI-10004182,Economy Binders,29.952,9.7968,19,4,0.3270833333333333,Weak
OFF-BI-10004187,3-ring staple pack,42.111999999999995,16.6944,26,6,0.3964285714285715,Weak
OFF-BI-10004209,"Fellowes Twister Kit, Gray/Clear, 3/pkg",118.992,17.285999999999998,23,6,0.14527027027027026,Weak
OFF-BI-10004224,Catalog Binders with Expanding Posts,968.832,-141.288,30,7,-0.14583333333333334,Volume
OFF-BI-10004230,GBC Recycled Grain Textured Covers,435.204,129.87040000000002,17,4,0.29841269841269846,Star
OFF-BI-10004233,"GBC Pre-Punched Binding Paper, Plastic, White, 8-1/2"" x 11""",284.622,43.4928,29,7,0.15280898876404495,Star
OFF-BI-10004236,"XtraLife ClearVue Slant-D Ring Binder, White, 3""",325.896,111.86160000000001,27,7,0.34324324324324323,Star
OFF-BI-10004308,Avery Legal 4-Ring Binder,157.35,52.45,10,3,0.33333333333333337,Winner
OFF-BI-10004318,Ibico EB-19 Dual Function Manual Binding System,3234.913,1086.3772,23,8,0.3358288770053476,Star
OFF-BI-10004330,"GBC Velobind Prepunched Cover Sets, Regency Series",484.438,-64.71499999999999,27,5,-0.13358778625954196,Volume
OFF-BI-10004352,Wilson Jones DublLock D-Ring Binders,35.775,15.525,6,2,0.4339622641509434,Weak
OFF-BI-10004364,Storex Dura Pro Binders,74.25,-4.158000000000001,24,8,-0.056000000000000015,Weak
OFF-BI-10004390,GBC DocuBind 200 Manual Binding Machine,3704.624,1389.234,11,3,0.375,Star
OFF-BI-10004410,"C-Line Peel & Stick Add-On Filing Pockets, 8-3/4 x 5-1/8, 10/Pack",85.995,15.0969,21,4,0.17555555555555555,Weak
OFF-BI-10004465,Avery Durable Slant Ring Binders,39.6,-15.84,14,4,-0.39999999999999997,Weak
OFF-BI-10004492,Tuf-Vin Binders,555.808,237.79739999999998,19,5,0.42784090909090905,Star
OFF-BI-10004506,Wilson Jones data.warehouse D-Ring Binders with DublLock,64.194,17.118399999999998,11,4,0.2666666666666666,Weak
OFF-BI-10004519,GBC DocuBind P100 Manual Binding Machine,2124.544,116.18600000000004,22,6,0.05468750000000002,Star
OFF-BI-10004528,Cardinal Poly Pocket Divider Pockets for Ring Binders,37.632000000000005,11.76,14,3,0.31249999999999994,Weak
OFF-BI-10004584,GBC ProClick 150 Presentation Binding System,2970.212,-44.23720000000003,18,4,-0.014893617021276605,Volume
OFF-BI-10004593,Ibico Laser Imprintable Binding System Covers,890.8000000000001,41.92,30,7,0.047058823529411764,Star
OFF-BI-10004600,Ibico Ibimaster 300 Manual Binding System,5924.639,1674.3545,21,7,0.2826086956521739,Star
OFF-BI-10004632,GBC Binding covers,72.52,29.784999999999997,6,2,0.4107142857142857,Weak
OFF-BI-10004632,Ibico Hi-Tech Manual Binding System,5123.832,-76.2475,31,10,-0.01488095238095238,Volume
OFF-BI-10004654,Avery Binding System Hidden Tab Executive Style Index Sets,80.203,10.963000000000001,24,7,0.1366906474820144,Weak
OFF-BI-10004654,VariCap6 Expandable Binder,70.93,6.747000000000002,7,2,0.09512195121951221,Weak
OFF-BI-10004656,Peel & Stick Add-On Corner Pockets,38.016,4.32,30,7,0.11363636363636365,Weak
OFF-BI-10004716,Wilson Jones Hanging Recycled Pressboard Data Binders,32.647999999999996,1.7807999999999993,4,2,0.05454545454545453,Weak
OFF-BI-10004728,Wilson Jones Turn Tabs Binder Tool for Ring Binders,105.07600000000001,16.5808,34,9,0.15779816513761466,Weak
OFF-BI-10004738,Flexible Leather- Look Classic Collection Ring Binder,73.866,7.576000000000002,7,4,0.1025641025641026,Weak
OFF-BI-10004781,GBC Wire Binding Strips,212.65800000000002,-18.409200000000002,14,5,-0.08656716417910448,Weak
OFF-BI-10004817,GBC Personal VeloBind Strips,118.602,-24.6788,23,5,-0.20808080808080806,Weak
OFF-BI-10004826,JM Magazine Binder,151.892,31.6992,14,4,0.20869565217391306,Weak
OFF-BI-10004828,GBC Poly Designer Binding Covers,222.642,86.0436,16,5,0.38646616541353385,Winner
OFF-BI-10004876,Wilson Jones Suede Grain Vinyl Binders,13.622,3.6974,7,2,0.2714285714285714,Weak
OFF-BI-10004965,Ibico Covers for Plastic or Wire Binding Elements,184.0,57.5,20,7,0.3125,Winner
OFF-BI-10004967,Round Ring Binders,25.584,2.4335999999999998,21,5,0.09512195121951218,Weak
OFF-BI-10004970,"ACCOHIDE 3-Ring Binder, Blue, 1""",147.028,50.7164,44,13,0.34494382022471914,Winner
OFF-BI-10004995,GBC DocuBind P400 Electric Binding System,17965.068,-1878.1662000000003,27,6,-0.10454545454545457,Volume
OFF-EN-10000056,Cameo Buff Policy Envelopes,1331.722,540.1564,24,6,0.405607476635514,Star
OFF-EN-10000461,"#10- 4 1/8"" x 9 1/2"" Recycled Envelopes",148.58,60.568200000000004,19,5,0.4076470588235294,Winner
OFF-EN-10000483,"White Envelopes, White Envelopes with Clear Poly Window",320.25,139.07999999999998,22,5,0.4342857142857142,Star
OFF-EN-10000781,"#10- 4 1/8"" x 9 1/2"" Recycled Envelopes",75.164,28.842,10,2,0.3837209302325581,Weak
OFF-EN-10000927,Jet-Pak Recycled Peel 'N' Seal Padded Mailers,552.706,177.6555,19,4,0.3214285714285714,Star
OFF-EN-10001028,Staple envelope,100.63199999999999,42.4092,9,2,0.42142857142857143,Winner
OFF-EN-10001099,Staple envelope,131.052,51.833999999999996,15,4,0.39552238805970147,Winner
OFF-EN-10001137,"#10 Gummed Flap White Envelopes, 100/Box",23.128,9.7468,6,2,0.42142857142857143,Weak
OFF-EN-10001141,"Manila Recycled Extra-Heavyweight Clasp Envelopes, 6"" x 9""",70.272,25.4736,8,3,0.3625,Weak
OFF-EN-10001219,"#10- 4 1/8"" x 9 1/2"" Security-Tint Envelopes",126.824,56.6888,18,6,0.44698795180722894,Winner
OFF-EN-10001335,"White Business Envelopes with Contemporary Seam, Recycled White Business Envelopes",336.952,150.97199999999998,34,6,0.448051948051948,Star
OFF-EN-10001415,Staple envelope,45.756,20.646,9,4,0.45121951219512196,Weak
OFF-EN-10001434,"Strathmore #10 Envelopes, Ultimate White",263.55,129.1395,5,2,0.49,Star
OFF-EN-10001453,"Tyvek Interoffice Envelopes, 9 1/2"" x 12 1/2"", 100/Box",939.092,421.9816,16,5,0.4493506493506494,Star
OFF-EN-10001509,Poly String Tie Envelopes,47.736,20.706,25,9,0.4337606837606838,Weak
OFF-EN-10001532,Brown Kraft Recycled Envelopes,244.512,117.16199999999999,15,5,0.47916666666666663,Star
OFF-EN-10001539,Staple envelope,94.916,41.3118,13,4,0.43524590163934423,Winner
OFF-EN-10001990,Staple envelope,130.64,61.400800000000004,23,6,0.4700000000000001,Winner
OFF-EN-10002230,Airmail Envelopes,654.654,254.30790000000002,9,3,0.38846153846153847,Star
OFF-EN-10002312,#10 Self-Seal White Envelopes,88.72,43.4728,8,2,0.49,Winner
OFF-EN-10002500,Globe Weis Peel & Seel First Class Envelopes,196.812,84.348,16,5,0.42857142857142855,Winner
OFF-EN-10002504,"Tyvek  Top-Opening Peel & Seel Envelopes, Plain White",543.6,212.2758,23,6,0.3905,Star
OFF-EN-10002592,"Peel & Seel Recycled Catalog Envelopes, Brown",176.01600000000002,77.586,17,4,0.44078947368421045,Winner
OFF-EN-10002600,"Redi-Strip #10 Envelopes, 4 1/8 x 9 1/2",51.92,19.706,21,5,0.3795454545454545,Weak
OFF-EN-10002621,Staple envelope,68.46000000000001,29.34,8,4,0.4285714285714285,Weak
OFF-EN-10002973,Ampad #10 Peel & Seel Holiday Envelopes,35.84,17.2032,8,2,0.4799999999999999,Weak
OFF-EN-10002986,"#10-4 1/8"" x 9 1/2"" Premium Diagonal Seam Envelopes",176.288,63.747,13,2,0.36160714285714285,Winner
OFF-EN-10003001,Ames Color-File Green Diamond Border X-ray Mailers,1192.516,480.3656,16,3,0.40281690140845067,Star
OFF-EN-10003040,Quality Park Security Envelopes,240.764,88.19290000000001,11,4,0.36630434782608695,Star
OFF-EN-10003055,"Blue String-Tie & Button Interoffice Envelopes, 10 x 13",399.8,157.921,11,4,0.39499999999999996,Star
OFF-EN-10003068,#6 3/4 Gummed Flap White Envelopes,55.44,19.404,7,3,0.35000000000000003,Weak
OFF-EN-10003072,Peel & Seel Envelopes,41.128,18.9344,11,3,0.46037735849056605,Weak
OFF-EN-10003134,Staple envelope,168.192,68.912,17,5,0.40972222222222227,Winner
OFF-EN-10003160,Pastel Pink Envelopes,65.52,31.4496,9,3,0.48000000000000004,Weak
OFF-EN-10003286,Staple envelope,284.832,131.238,35,7,0.46075581395348836,Star
OFF-EN-10003296,Tyvek Side-Opening Peel & Seel Expanding Envelopes,1266.72,570.024,14,5,0.45,Star
OFF-EN-10003448,"Peel & Seel Recycled Catalog Envelopes, Brown",23.16,11.58,2,1,0.5,Weak
OFF-EN-10003567,"Inter-Office Recycled Envelopes, Brown Kraft, Button-String,10"" x 13"" , 100/Box",197.82,81.326,10,3,0.4111111111111111,Winner
OFF-EN-10003798,"Recycled Interoffice Envelopes with Re-Use-A-Seal Closure, 10 x 13",68.28,23.0445,5,2,0.33749999999999997,Weak
OFF-EN-10003845,Colored Envelopes,50.922,19.0404,16,5,0.37391304347826093,Weak
OFF-EN-10003862,Laser & Ink Jet Business Envelopes,102.432,39.0522,11,2,0.38125,Winner
OFF-EN-10004030,Convenience Packs of Business Envelopes,49.956,21.177,15,5,0.4239130434782608,Weak
OFF-EN-10004147,Wausau Papers Astrobrights Colored Envelopes,50.232,22.7838,9,3,0.45357142857142857,Weak
OFF-EN-10004206,Multimedia Mailers,325.86,149.8956,2,1,0.45999999999999996,Star
OFF-EN-10004386,"Recycled Interoffice Envelopes with String and Button Closure, 10 x 13",211.112,91.162,10,4,0.4318181818181819,Winner
OFF-EN-10004459,Security-Tint Envelopes,132.936,58.904399999999995,19,8,0.443103448275862,Winner
OFF-EN-10004483,"#10 White Business Envelopes,4 1/8 x 9 1/2",476.368,218.9099,31,6,0.4595394736842105,Star
OFF-EN-10004773,Staple envelope,433.72,196.72299999999998,15,4,0.4535714285714285,Star
OFF-EN-10004846,Letter or Legal Size Expandable Poly String Tie Envelopes,28.728,11.0922,13,3,0.38611111111111107,Weak
OFF-EN-10004955,Fashion Color Clasp Envelopes,77.904,36.5175,15,3,0.46875,Winner
OFF-FA-10000053,Revere Boxed Rubber Bands by Revere,26.838,-0.9450000000000001,15,4,-0.035211267605633804,Weak
OFF-FA-10000089,Acco Glide Clips,19.6,9.604,5,1,0.48999999999999994,Weak
OFF-FA-10000134,"Advantus Push Pins, Aluminum Head",139.44,43.2264,24,5,0.31,Winner
OFF-FA-10000254,Sterling Rubber Bands by Alliance,19.782,-3.768,5,2,-0.19047619047619047,Weak
OFF-FA-10000304,Advantus Push Pins,54.936,20.2086,27,7,0.3678571428571429,Weak
OFF-FA-10000490,"OIC Binder Clips, Mini, 1/4"" Capacity, Black",14.384,6.4976,12,4,0.4517241379310345,Weak
OFF-FA-10000585,OIC Bulk Pack Metal Binder Clips,56.538,22.615199999999998,18,5,0.39999999999999997,Weak
OFF-FA-10000611,Binder Clips by OIC,31.375999999999998,13.6752,23,5,0.4358490566037736,Weak
OFF-FA-10000621,"OIC Colored Binder Clips, Assorted Sizes",121.72,50.5138,39,6,0.41500000000000004,Winner
OFF-FA-10000624,OIC Binder Clips,121.00399999999999,56.564,36,6,0.4674556213017752,Winner
OFF-FA-10000735,Staples,22.192,9.344000000000001,8,3,0.4210526315789474,Weak
OFF-FA-10000840,OIC Thumb-Tacks,12.996,5.1414,13,3,0.3956140350877193,Weak
OFF-FA-10000936,Acco Hot Clips Clips to Go,56.588,22.2075,19,5,0.39244186046511625,Weak
OFF-FA-10000992,"Acco Clips to Go Binder Clips, 24 Clips in Two Sizes",51.83,23.6075,15,4,0.45547945205479456,Weak
OFF-FA-10001135,"Brites Rubber Bands, 1 1/2 oz. Box",13.068000000000001,-0.5147999999999999,7,3,-0.039393939393939384,Weak
OFF-FA-10001229,Staples,29.868000000000002,10.7682,9,3,0.36052631578947364,Weak
OFF-FA-10001332,"Acco Banker's Clasps, 5 3/4""-Long",33.984,15.667200000000001,12,4,0.4610169491525424,Weak
OFF-FA-10001561,Stockwell Push Pins,47.088,14.954799999999999,22,5,0.31759259259259254,Weak
OFF-FA-10001754,Stockwell Gold Paper Clips,3.68,1.8032,2,1,0.48999999999999994,Weak
OFF-FA-10001843,Staples,50.388,21.5878,22,4,0.42843137254901964,Weak
OFF-FA-10001883,"Alliance Super-Size Bands, Assorted Sizes",147.82,1.4782,19,3,0.01,Weak
OFF-FA-10002280,Advantus Plastic Paper Clips,160.0,71.6,34,8,0.44749999999999995,Winner
OFF-FA-10002676,Colored Push Pins,24.978,7.602,15,5,0.30434782608695654,Weak
OFF-FA-10002701,Alliance Rubber Bands,5.04,0.2016,3,1,0.04,Weak
OFF-FA-10002763,Advantus Map Pennant Flags and Round Head Tacks,71.89,15.484,21,5,0.2153846153846154,Weak
OFF-FA-10002780,Staples,92.976,33.4356,37,5,0.3596153846153846,Weak
OFF-FA-10002815,Staples,29.304,12.8316,7,2,0.4378787878787879,Weak
OFF-FA-10002975,Staples,54.431999999999995,17.6904,18,2,0.325,Weak
OFF-FA-10002983,Advantus SlideClip Paper Clips,46.376000000000005,19.778,15,3,0.42647058823529405,Weak
OFF-FA-10002988,Ideal Clamps,58.69199999999999,24.8637,33,8,0.4236301369863014,Weak
OFF-FA-10003021,Staples,19.552,3.6659999999999995,13,2,0.18749999999999997,Weak
OFF-FA-10003059,Assorted Color Push Pins,27.874000000000002,7.258100000000001,17,6,0.2603896103896104,Weak
OFF-FA-10003112,Staples,134.13,47.34,20,6,0.35294117647058826,Winner
OFF-FA-10003467,"Alliance Big Bands Rubber Bands, 12/Pack",29.7,0.0,15,4,0.0,Weak
OFF-FA-10003472,Bagged Rubber Bands,18.144,0.0,15,4,0.0,Weak
OFF-FA-10003485,Staples,26.724,9.7464,12,2,0.36470588235294116,Weak
OFF-FA-10003495,Staples,137.40800000000002,58.367999999999995,26,4,0.42477876106194684,Winner
OFF-FA-10004076,Translucent Push Pins by OIC,11.879999999999999,3.1482,7,2,0.265,Weak
OFF-FA-10004248,Advantus T-Pin Paper Clips,64.042,20.0244,16,5,0.31267605633802814,Weak
OFF-FA-10004395,Plymouth Boxed Rubber Bands by Plymouth,28.259999999999998,-3.0615,7,2,-0.10833333333333335,Weak
OFF-FA-10004838,"Super Bands, 12/Pack",29.016,-1.6554,17,3,-0.05705128205128206,Weak
OFF-FA-10004854,"Vinyl Coated Wire Paper Clips in Organizer Box, 800/Box",238.784,92.7584,24,6,0.38846153846153847,Winner
OFF-FA-10004968,Rubber Band Ball,58.344,-0.29920000000000013,16,4,-0.005128205128205131,Weak
OFF-LA-10000081,Avery 496,50.25,22.950000000000003,14,4,0.4567164179104478,Weak
OFF-LA-10000121,Avery 48,71.82000000000001,30.996000000000002,12,2,0.43157894736842106,Weak
OFF-LA-10000134,Avery 511,47.432,20.2048,17,4,0.42597402597402595,Weak
OFF-LA-10000240,Self-Adhesive Address Labels for Typewriters by Universal,131.57999999999998,54.094,20,5,0.41111111111111115,Winner
OFF-LA-10000248,Avery 52,68.634,31.475699999999996,19,6,0.45860215053763437,Weak
OFF-LA-10000262,Avery 494,22.446,8.352,10,4,0.37209302325581395,Weak
OFF-LA-10000305,Avery 495,78.12,33.894,13,3,0.43387096774193545,Weak
OFF-LA-10000407,Avery White Multi-Purpose Labels,95.616,41.832,20,4,0.4375,Winner
OFF-LA-10000414,Avery 503,124.2,59.616,12,3,0.48,Winner
OFF-LA-10000443,Avery 501,45.756,16.4205,15,4,0.3588709677419355,Weak
OFF-LA-10000452,Avery 488,42.84,19.908,14,4,0.4647058823529412,Weak
OFF-LA-10000476,"Avery 05222 Permanent Self-Adhesive File Folder Labels for Typewriters, on Rolls, White, 250/Roll",8.26,3.7996,2,1,0.46,Weak
OFF-LA-10000634,Avery 509,26.1,12.006,10,3,0.45999999999999996,Weak
OFF-LA-10000973,Avery 502,17.64,6.1739999999999995,7,3,0.35,Weak
OFF-LA-10001045,Permanent Self-Adhesive File Folder Labels for Typewriters by Universal,44.37,19.000799999999998,18,6,0.42823529411764705,Weak
OFF-LA-10001074,Round Specialty Laser Printer Labels,258.118,98.7364,24,4,0.3825242718446602,Star
OFF-LA-10001158,"Avery Address/Shipping Labels for Typewriters, 4"" x 2""",223.56,105.156,22,5,0.4703703703703704,Winner
OFF-LA-10001175,Avery 514,33.408,15.7824,12,3,0.4724137931034483,Weak
OFF-LA-10001297,Avery 473,144.9,69.552,14,3,0.48000000000000004,Winner
OFF-LA-10001317,Avery 520,34.02,16.002,11,4,0.47037037037037027,Weak
OFF-LA-10001404,Avery 517,44.28,18.8559,13,4,0.4258333333333333,Weak
OFF-LA-10001474,Avery 477,427.41999999999996,196.61319999999998,14,3,0.45999999999999996,Star
OFF-LA-10001569,Avery 499,152.388,60.9552,34,9,0.39999999999999997,Winner
OFF-LA-10001613,Avery File Folder Labels,101.952,44.6688,39,11,0.43813559322033896,Winner
OFF-LA-10001641,Avery 518,98.28,45.864,32,6,0.4666666666666666,Winner
OFF-LA-10001771,Avery 513,88.644,32.1708,21,4,0.3629213483146067,Weak
OFF-LA-10001934,Avery 516,109.64999999999999,51.535500000000006,15,4,0.4700000000000001,Winner
OFF-LA-10001982,Smead Alpha-Z Color-Coded Name Labels First Letter Starter Set,35.25,15.75,10,3,0.44680851063829785,Weak
OFF-LA-10002034,Avery 478,49.1,24.059,10,3,0.49,Weak
OFF-LA-10002043,Avery 489,97.28999999999999,43.47,10,3,0.4468085106382979,Winner
OFF-LA-10002195,Avery 481,91.168,43.120000000000005,30,5,0.47297297297297297,Winner
OFF-LA-10002271,Smead Alpha-Z Color-Coded Second Alphabetical Labels and Starter Set,41.888,19.465600000000002,14,4,0.46470588235294125,Weak
OFF-LA-10002312,Avery 490,177.6,81.4,13,5,0.45833333333333337,Winner
OFF-LA-10002368,Avery 479,16.704,6.8382,7,3,0.409375,Weak
OFF-LA-10002381,Avery 497,24.023999999999997,11.211200000000002,8,2,0.4666666666666668,Weak
OFF-LA-10002475,Avery 519,99.416,41.301500000000004,15,5,0.4154411764705883,Winner
OFF-LA-10002762,Avery 485,451.08000000000004,212.00760000000002,36,6,0.47000000000000003,Star
OFF-LA-10002787,Avery 480,59.25,28.05,16,4,0.47341772151898737,Weak
OFF-LA-10002945,"Permanent Self-Adhesive File Folder Labels for Typewriters, 1 1/8 x 3 1/2, White",98.28,37.044000000000004,18,5,0.37692307692307697,Winner
OFF-LA-10003077,Avery 500,14.62,6.8714,2,1,0.47000000000000003,Weak
OFF-LA-10003121,Avery 506,66.08,28.166600000000003,17,3,0.4262500000000001,Weak
OFF-LA-10003148,Avery 51,95.75999999999999,41.328,16,5,0.4315789473684211,Winner
OFF-LA-10003190,Avery 474,69.696,30.0384,27,8,0.4309917355371901,Weak
OFF-LA-10003223,Avery 508,87.398,39.8201,19,6,0.45561797752808986,Winner
OFF-LA-10003498,Avery 475,266.4,133.2,18,4,0.5,Star
OFF-LA-10003510,"Avery 4027 File Folder Labels for Dot Matrix Printers, 5000 Labels per Box, White",805.992,327.8922,29,10,0.40681818181818186,Star
OFF-LA-10003537,Avery 515,62.650000000000006,29.445500000000003,5,2,0.47,Weak
OFF-LA-10003663,Avery 498,26.01,12.2247,9,2,0.47,Weak
OFF-LA-10003714,Avery 510,21.75,8.100000000000001,7,3,0.37241379310344835,Weak
OFF-LA-10003720,Avery 487,66.42,27.306,20,5,0.4111111111111111,Weak
OFF-LA-10003766,Self-Adhesive Removable Labels,94.5,45.36,30,6,0.48,Winner
OFF-LA-10003923,Alphabetical Labels for Top Tab Filing,387.76,187.95999999999998,27,6,0.4847328244274809,Star
OFF-LA-10003930,"Dot Matrix Printer Tape Reel Labels, White, 5000/Box",2044.848,891.6717,23,6,0.4360576923076923,Star
OFF-LA-10004008,Avery 507,24.192,8.64,10,2,0.35714285714285715,Weak
OFF-LA-10004055,Color-Coded Legal Exhibit Labels,9.82,4.8118,2,1,0.49,Weak
OFF-LA-10004093,Avery 486,153.51,68.2754,22,8,0.4447619047619048,Winner
OFF-LA-10004178,Avery 491,45.43,18.6676,12,3,0.4109090909090909,Weak
OFF-LA-10004345,Avery 493,40.262,17.725099999999998,9,3,0.44024390243902434,Weak
OFF-LA-10004409,Avery 492,53.568,22.464,20,5,0.41935483870967744,Weak
OFF-LA-10004425,Staple-on labels,53.754000000000005,21.5883,21,5,0.4016129032258064,Weak
OFF-LA-10004484,Avery 476,124.726,48.8992,34,9,0.3920529801324503,Winner
OFF-LA-10004544,Avery 505,325.6,148.0,24,6,0.45454545454545453,Star
OFF-LA-10004545,Avery 50,235.564,102.74600000000001,20,5,0.4361702127659575,Winner
OFF-LA-10004559,Avery 49,63.936,30.153599999999997,23,5,0.4716216216216216,Weak
OFF-LA-10004677,Self-Adhesive Address Labels for Typewriters with Dispenser Box,5.904,1.9926,2,1,0.33749999999999997,Weak
OFF-LA-10004689,Avery 512,58.956,25.2586,22,3,0.4284313725490196,Weak
OFF-LA-10004853,Avery 483,42.828,15.936,10,3,0.37209302325581395,Weak
OFF-PA-10000007,"Telephone Message Books with Fax/Mobile Section, 4 1/4"" x 6""",51.120000000000005,21.96,15,3,0.4295774647887324,Weak
OFF-PA-10000019,Xerox 1931,209.952,88.6464,36,8,0.4222222222222222,Winner
OFF-PA-10000029,Xerox 224,85.536,34.992,15,5,0.40909090909090906,Weak
OFF-PA-10000048,Xerox 20,6.48,3.1104,1,1,0.4799999999999999,Weak
OFF-PA-10000061,Xerox 205,98.49600000000001,44.5824,16,3,0.4526315789473684,Winner
OFF-PA-10000062,Green Bar Computer Printout Paper,692.496,300.0816,14,4,0.4333333333333333,Star
OFF-PA-10000069,"TOPS 4 x 6 Fluorescent Color Memo Sheets, 500 Sheets per Pack",79.716,29.419,10,2,0.36904761904761907,Weak
OFF-PA-10000100,Xerox 1945,1344.472,612.8005,35,5,0.45579268292682934,Star
OFF-PA-10000130,Xerox 199,57.352,19.688000000000002,16,4,0.3432835820895523,Weak
OFF-PA-10000141,"Ampad Evidence Wirebond Steno Books, 6"" x 9""",16.568,6.1693999999999996,9,3,0.3723684210526315,Weak
OFF-PA-10000143,Astroparche Fine Business Paper,144.672,65.0496,29,6,0.44963503649635034,Winner
OFF-PA-10000157,Xerox 191,767.232,354.2454,39,10,0.46171875000000007,Star
OFF-PA-10000167,Xerox 1925,489.48400000000004,182.782,18,6,0.37341772151898733,Star
OFF-PA-10000174,"Message Book, Wirebound, Four 5 1/2"" X 4"" Forms/Pg., 200 Dupl. Sets/Book",119.248,42.9704,14,5,0.36034482758620684,Winner
OFF-PA-10000176,Xerox 1887,493.21999999999997,207.1524,29,7,0.42000000000000004,Star
OFF-PA-10000210,Xerox Blank Computer Paper,99.9,46.953,5,1,0.47000000000000003,Winner
OFF-PA-10000213,Xerox 198,60.756,26.4438,13,2,0.43524590163934423,Weak
OFF-PA-10000223,Xerox 2000,63.504000000000005,29.808,10,4,0.4693877551020408,Weak
OFF-PA-10000232,Xerox 1975,54.432,24.6888,9,4,0.45357142857142857,Weak
OFF-PA-10000241,"IBM Multi-Purpose Copy Paper, 8 1/2 x 11"", Case",179.684,60.411,7,4,0.33620689655172414,Winner
OFF-PA-10000246,Riverleaf Stik-Withit Designer Note Cubes,136.816,55.33,15,5,0.40441176470588236,Winner
OFF-PA-10000249,Easy-staple paper,147.36,62.7508,13,5,0.4258333333333333,Winner
OFF-PA-10000289,Xerox 213,79.056,35.2512,13,5,0.4459016393442623,Weak
OFF-PA-10000295,Xerox 229,54.432,24.105600000000003,9,2,0.4428571428571429,Weak
OFF-PA-10000300,Xerox 1936,155.844,60.5394,9,3,0.38846153846153847,Winner
OFF-PA-10000304,Xerox 1995,67.392,26.9568,12,4,0.4,Weak
OFF-PA-10000308,Xerox 1901,16.896,5.28,4,1,0.3125,Weak
OFF-PA-10000312,Xerox 1955,182.72,59.384,10,2,0.325,Winner
OFF-PA-10000327,Xerox 1971,113.84800000000001,47.936,28,6,0.42105263157894735,Winner
OFF-PA-10000349,Easy-staple paper,86.652,39.1428,18,7,0.4517241379310345,Winner
OFF-PA-10000350,"Message Book, Standard Line ""While You Were Out"", 5 1/2"" X 4"", 200 Sets/Book",51.36,24.139200000000002,6,2,0.47000000000000003,Weak
OFF-PA-10000357,"White Dual Perf Computer Printout Paper, 2700 Sheets, 1 Part, Heavyweight, 20 lbs., 14 7/8 x 11",877.186,396.3733,23,5,0.4518691588785046,Star
OFF-PA-10000357,Xerox 1888,1231.656,539.2656,24,6,0.4378378378378378,Star
OFF-PA-10000380,"REDIFORM Incoming/Outgoing Call Register, 11"" X 8 1/2"", 100 Messages",248.53199999999998,110.922,33,7,0.4463087248322148,Star
OFF-PA-10000418,Xerox 189,1782.4499999999998,746.532,19,6,0.41882352941176476,Star
OFF-PA-10000466,"Memo Book, 100 Message Capacity, 5 3/8” x 11”",63.355999999999995,29.656,10,2,0.46808510638297873,Weak
OFF-PA-10000474,Easy-staple paper,680.448,286.0008,21,9,0.42031250000000003,Star
OFF-PA-10000477,Xerox 1952,7.968,2.6892,2,1,0.3375,Weak
OFF-PA-10000477,Xerox 22,75.168,31.3632,13,3,0.4172413793103448,Weak
OFF-PA-10000482,"Snap-A-Way Black Print Carbonless Ruled Speed Letter, Triplicate",827.092,364.6034,23,4,0.4408256880733945,Star
OFF-PA-10000483,Xerox 19,415.132,159.54700000000003,15,4,0.3843283582089553,Star
OFF-PA-10000501,Petty Cash Envelope,231.856,94.36,10,3,0.4069767441860465,Winner
OFF-PA-10000520,Xerox 201,110.16,46.1376,19,5,0.4188235294117647,Winner
OFF-PA-10000528,Xerox 1981,70.752,30.096,14,4,0.4253731343283582,Weak
OFF-PA-10000533,Southworth Parchment Paper & Envelopes,57.552,22.236,10,4,0.38636363636363635,Weak
OFF-PA-10000551,Array Memo Cubes,54.908,25.848200000000002,11,3,0.4707547169811321,Weak
OFF-PA-10000552,Xerox 200,73.872,30.0672,13,4,0.4070175438596491,Weak
OFF-PA-10000556,Xerox 208,15.552,5.4432,3,1,0.35000000000000003,Weak
OFF-PA-10000565,Easy-staple paper,279.9,137.151,5,2,0.4900000000000001,Star
OFF-PA-10000575,"Wirebound Message Books, Four 2 3/4 x 5 White Forms per Page",140.49,64.6254,21,3,0.45999999999999996,Winner
OFF-PA-10000587,"Array Parchment Paper, Assorted Colors",106.288,49.504000000000005,15,4,0.46575342465753433,Winner
OFF-PA-10000595,Xerox 1929,351.736,154.3984,16,4,0.438961038961039,Star
OFF-PA-10000605,Xerox 1950,38.147999999999996,17.5134,7,2,0.45909090909090916,Weak
OFF-PA-10000659,"Adams Phone Message Book, Professional, 400 Message Capacity, 5 3/6” x 11”",94.928,43.1364,14,3,0.4544117647058824,Winner
OFF-PA-10000659,"TOPS Carbonless Receipt Book, Four 2-3/4 x 7-1/4 Money Receipts per Page",318.86400000000003,136.656,20,3,0.42857142857142855,Star
OFF-PA-10000673,"Post-it “Important Message” Note Pad, Neon Colors, 50 Sheets/Pad",62.608000000000004,28.537599999999998,9,2,0.455813953488372,Weak
OFF-PA-10000675,Xerox 1919,1155.9180000000001,528.771,30,6,0.45744680851063824,Star
OFF-PA-10000682,Xerox 1924,60.112,24.7384,12,4,0.4115384615384615,Weak
OFF-PA-10000697,"TOPS Voice Message Log Book, Flash Format",30.464,11.0432,8,2,0.36250000000000004,Weak
OFF-PA-10000726,"Black Print Carbonless Snap-Off Rapid Letter, 8 1/2"" x 7""",160.336,65.1365,19,4,0.40624999999999994,Winner
OFF-PA-10000740,Xerox 1982,237.536,89.5328,12,3,0.3769230769230769,Winner
OFF-PA-10000743,Xerox 1977,97.52799999999999,45.424,15,5,0.4657534246575343,Winner
OFF-PA-10000788,Xerox 210,80.352,29.808,15,5,0.3709677419354839,Weak
OFF-PA-10000791,"Wirebound Message Books, Four 2 3/4 x 5 Forms per Page, 200 Sets per Book",111.618,46.0305,25,5,0.4123931623931624,Winner
OFF-PA-10000806,Xerox 1934,817.308,389.061,15,4,0.47602739726027393,Star
OFF-PA-10000807,"TOPS ""Important Message"" Pads, Canary, 4-1/4 x 5-1/2, 50 Sheets per Pad",59.92,28.162399999999998,14,2,0.47,Weak
OFF-PA-10000809,Xerox 206,41.472,14.5152,8,4,0.35,Weak
OFF-PA-10000859,Unpadded Memo Slips,18.308,8.358,5,2,0.4565217391304348,Weak
OFF-PA-10000919,Xerox 1918,155.04,75.9696,4,1,0.49000000000000005,Winner
OFF-PA-10000955,Southworth 25% Cotton Granite Paper & Envelopes,37.932,13.2108,7,3,0.3482758620689655,Weak
OFF-PA-10000994,Xerox 1915,2159.91,960.426,22,8,0.44466019417475733,Star
OFF-PA-10001001,"Snap-A-Way Black Print Carbonless Speed Message, No Reply Area, Duplicate",93.248,31.4712,4,1,0.33749999999999997,Weak
OFF-PA-10001019,Xerox 1884,543.456,204.5952,32,8,0.3764705882352941,Star
OFF-PA-10001033,Xerox 1893,1287.086,555.4145,35,9,0.4315286624203821,Star
OFF-PA-10001125,Xerox 1988,774.5,280.369,29,7,0.36200000000000004,Star
OFF-PA-10001144,Xerox 1913,865.4879999999999,375.0448,17,5,0.43333333333333335,Star
OFF-PA-10001166,Xerox 1932,85.056,28.7064,3,1,0.33749999999999997,Weak
OFF-PA-10001166,Xerox 2,95.904,38.6208,17,6,0.40270270270270275,Winner
OFF-PA-10001184,Xerox 1903,138.736,65.54079999999999,24,6,0.4724137931034482,Winner
OFF-PA-10001204,Xerox 1972,29.568,12.144,6,3,0.4107142857142857,Weak
OFF-PA-10001215,Xerox 1963,77.088,27.72,17,3,0.3595890410958904,Weak
OFF-PA-10001243,Xerox 1983,29.900000000000002,14.651,5,2,0.48999999999999994,Weak
OFF-PA-10001246,Xerox 215,45.36,21.7728,7,2,0.48,Weak
OFF-PA-10001260,"TOPS Money Receipt Book, Consecutively Numbered in Red,",56.07,25.2315,7,1,0.45,Weak
OFF-PA-10001274,Loose Memo Sheets,18.25,8.5775,5,2,0.47000000000000003,Weak
OFF-PA-10001281,Computer Printout Paper with Letter-Trim Fine Perforations,191.6,91.968,4,1,0.48000000000000004,Winner
OFF-PA-10001289,White Computer Printout Paper by Universal,1201.56,509.694,35,7,0.42419354838709683,Star
OFF-PA-10001293,Xerox 1946,79.056,35.2512,13,3,0.4459016393442623,Weak
OFF-PA-10001295,Computer Printout Paper with Letter-Trim Perforations,360.43,153.2776,21,6,0.42526315789473684,Star
OFF-PA-10001307,"Important Message Pads, 50 4-1/4 x 5-1/2 Forms per Pad",54.599999999999994,22.47,15,4,0.4115384615384616,Weak
OFF-PA-10001357,Xerox 1886,651.4399999999999,302.728,14,5,0.46470588235294125,Star
OFF-PA-10001363,Xerox 1933,208.76,98.1172,17,4,0.47000000000000003,Winner
OFF-PA-10001450,Rediform S.O.S. Phone Message Books,19.92,9.7608,4,1,0.48999999999999994,Weak
OFF-PA-10001457,White GlueTop Scratch Pads,90.24,41.5104,6,1,0.46,Winner
OFF-PA-10001461,HP Office Paper (20Lb. and 87 Bright),60.12,28.8576,9,1,0.48000000000000004,Weak
OFF-PA-10001471,Strathmore Photo Frame Cards,116.96000000000001,53.8016,16,4,0.45999999999999996,Winner
OFF-PA-10001497,Xerox 1914,549.6,241.27439999999999,11,3,0.43899999999999995,Star
OFF-PA-10001509,"Recycled Desk Saver Line ""While You Were Out"" Book, 5 1/2"" X 4""",268.5,123.51,30,5,0.46,Star
OFF-PA-10001526,Xerox 1949,70.71600000000001,27.5394,17,6,0.38943661971830984,Weak
OFF-PA-10001534,Xerox 230,111.456,50.803200000000004,18,4,0.4558139534883721,Winner
OFF-PA-10001560,"Adams Telephone Message Books, 5 1/4” x 11”",80.936,32.918,15,5,0.4067164179104477,Weak
OFF-PA-10001569,Xerox 232,120.52799999999999,56.5056,19,4,0.4688172043010753,Winner
OFF-PA-10001583,"1/4 Fold Party Design Invitations & White Envelopes, 24 8-1/2"" X 11"" Cards, 25 Env./Pack",49.980000000000004,22.7115,7,2,0.45441176470588235,Weak
OFF-PA-10001593,Xerox 1947,106.444,40.664,20,4,0.38202247191011235,Winner
OFF-PA-10001609,Tops Wirebound Message Log Books,67.116,26.2542,23,5,0.3911764705882353,Weak
OFF-PA-10001622,"Ampad Poly Cover Wirebound Steno Book, 6"" x 9"" Assorted Colors, Gregg Ruled",24.516,9.534,6,3,0.38888888888888895,Weak
OFF-PA-10001639,Xerox 203,124.416,53.6544,21,5,0.43125,Winner
OFF-PA-10001661,Xerox 1922,11.952,4.3326,3,1,0.36250000000000004,Weak
OFF-PA-10001667,Great White Multi-Use Recycled Paper (20Lb. and 84 Bright),92.092,39.468,16,5,0.4285714285714286,Winner
OFF-PA-10001685,Easy-staple paper,200.772,87.0012,22,4,0.43333333333333335,Winner
OFF-PA-10001712,Xerox 1948,69.93,31.4685,7,1,0.44999999999999996,Weak
OFF-PA-10001725,Xerox 1892,178.296,79.458,5,2,0.4456521739130435,Winner
OFF-PA-10001736,Xerox 1880,623.744,285.64639999999997,18,5,0.4579545454545454,Star
OFF-PA-10001745,"Wirebound Message Books, 2 7/8"" x 5"", 3 Forms per Page",108.416,44.985600000000005,17,3,0.414935064935065,Winner
OFF-PA-10001752,Hammermill CopyPlus Copy Paper (20Lb. and 84 Bright),32.868,15.0894,7,3,0.45909090909090905,Weak
OFF-PA-10001776,"Wirebound Message Books, Four 2 3/4"" x 5"" Forms per Page, 600 Sets per Book",216.918,99.0036,24,8,0.4564102564102564,Winner
OFF-PA-10001790,Xerox 1910,586.088,236.3568,14,5,0.4032786885245902,Star
OFF-PA-10001800,Xerox 220,124.416,53.6544,21,6,0.43125,Winner
OFF-PA-10001801,Xerox 193,77.74000000000001,38.0926,13,3,0.48999999999999994,Winner
OFF-PA-10001804,Xerox 195,97.52799999999999,41.9504,16,5,0.43013698630136993,Winner
OFF-PA-10001815,Xerox 1885,816.68,392.0064,17,4,0.48000000000000004,Star
OFF-PA-10001826,Xerox 207,40.176,16.5888,7,2,0.41290322580645156,Weak
OFF-PA-10001837,Xerox 1976,15.552,5.4432,3,1,0.35000000000000003,Weak
OFF-PA-10001838,"Adams Telephone Message Book W/Dividers/Space For Phone Numbers, 5 1/4""X8 1/2"", 300/Messages",121.128,55.1544,22,9,0.45533980582524275,Winner
OFF-PA-10001846,Xerox 1899,39.304,15.721599999999999,8,3,0.39999999999999997,Weak
OFF-PA-10001870,Xerox 202,138.672,61.171200000000006,23,7,0.4411214953271029,Winner
OFF-PA-10001878,Xerox 1891,1320.57,542.901,30,7,0.4111111111111111,Star
OFF-PA-10001892,"Rediform Wirebound ""Phone Memo"" Message Book, 11 x 5-3/4",110.01599999999999,43.7772,17,5,0.3979166666666667,Winner
OFF-PA-10001934,Xerox 1993,111.45600000000002,51.9696,18,6,0.46627906976744177,Winner
OFF-PA-10001937,Xerox 21,93.312,32.6592,18,5,0.35,Weak
OFF-PA-10001947,Xerox 1974,45.448,21.049599999999998,8,3,0.46315789473684205,Weak
OFF-PA-10001950,Southworth 25% Cotton Antique Laid Paper & Envelopes,141.78,54.627,19,4,0.38529411764705884,Winner
OFF-PA-10001952,Xerox 1902,82.22399999999999,32.8896,4,2,0.4000000000000001,Weak
OFF-PA-10001954,Xerox 1964,593.8399999999999,273.16639999999995,26,3,0.45999999999999996,Star
OFF-PA-10001970,Xerox 1881,375.768,174.0076,31,9,0.4630718954248366,Star
OFF-PA-10001970,Xerox 1908,1399.5,685.755,25,6,0.49,Star
OFF-PA-10001972,Xerox 214,202.17600000000002,84.24,35,8,0.41666666666666663,Winner
OFF-PA-10001977,Xerox 194,443.84000000000003,184.1936,9,4,0.415,Star
OFF-PA-10001994,"Ink Jet Note and Greeting Cards, 8-1/2"" x 5-1/2"" Card Size",121.392,48.5568,6,3,0.4,Winner
OFF-PA-10002001,Xerox 1984,12.96,6.3504,2,1,0.48999999999999994,Weak
OFF-PA-10002005,Xerox 225,171.072,76.7232,28,8,0.4484848484848485,Winner
OFF-PA-10002036,Xerox 1930,112.75200000000001,49.9608,19,4,0.443103448275862,Winner
OFF-PA-10002105,Xerox 223,19.44,9.3312,3,1,0.48000000000000004,Weak
OFF-PA-10002109,Wirebound Voice Message Log Book,15.232,4.9504,4,2,0.325,Weak
OFF-PA-10002120,Xerox 1889,131.904,47.8152,3,1,0.3625,Winner
OFF-PA-10002137,"Southworth 100% Résumé Paper, 24lb.",154.044,64.185,21,6,0.41666666666666663,Winner
OFF-PA-10002160,Xerox 1978,134.096,57.4532,26,6,0.42844827586206896,Winner
OFF-PA-10002195,"RSVP Cards & Envelopes, Blank White, 8-1/2"" X 11"", 24 Cards/25 Envelopes/Set",79.248,33.477199999999996,17,5,0.4224358974358974,Weak
OFF-PA-10002195,Xerox 1966,79.056,32.7888,14,6,0.4147540983606558,Weak
OFF-PA-10002222,"Xerox Color Copier Paper, 11"" x 17"", Ream",593.84,260.83279999999996,27,6,0.43923076923076915,Star
OFF-PA-10002230,Xerox 1897,67.72800000000001,27.0912,16,4,0.39999999999999997,Weak
OFF-PA-10002245,Xerox 1895,177.008,78.338,30,6,0.4425675675675675,Winner
OFF-PA-10002246,"Wirebound Four 2-3/4 x 5 Forms per Page, 400 Sets per Book",104.49000000000001,41.9895,19,5,0.4018518518518518,Winner
OFF-PA-10002250,Things To Do Today Pad,138.532,59.1696,26,7,0.4271186440677966,Winner
OFF-PA-10002254,Xerox 1883,775.572,305.4804,33,6,0.3938775510204081,Star
OFF-PA-10002259,"Geographics Note Cards, Blank, White, 8 1/2"" x 11""",53.712,18.7992,6,2,0.35,Weak
OFF-PA-10002262,Xerox 192,123.12,59.0976,19,5,0.48,Winner
OFF-PA-10002319,Xerox 1944,573.648,257.3664,16,6,0.4486486486486486,Star
OFF-PA-10002333,"Universal Ultra Bright White Copier/Laser Paper, 8 1/2"" x 11"", Ream",15.552,5.6376,3,1,0.3625,Weak
OFF-PA-10002365,Xerox 1967,57.024,23.328,10,4,0.40909090909090906,Weak
OFF-PA-10002377,"Adams Telephone Message Book W/Dividers/Space For Phone Numbers, 5 1/4""X8 1/2"", 200/Messages",113.6,51.120000000000005,20,5,0.45000000000000007,Winner
OFF-PA-10002377,Xerox 1916,831.98,342.58,20,7,0.4117647058823529,Star
OFF-PA-10002421,Embossed Ink Jet Note Cards,284.382,108.336,15,4,0.38095238095238093,Star
OFF-PA-10002464,HP Office Recycled Paper (20Lb. and 87 Bright),40.46,19.8254,7,1,0.48999999999999994,Weak
OFF-PA-10002479,Xerox 4200 Series MultiUse Premium Copy Paper (20Lb. and 84 Bright),78.144,31.68,16,5,0.4054054054054054,Weak
OFF-PA-10002499,Xerox 1890,244.7,122.35,5,2,0.5,Star
OFF-PA-10002552,Xerox 1958,32.400000000000006,15.552,5,2,0.4799999999999999,Weak
OFF-PA-10002558,Xerox 1938,268.24,93.884,7,1,0.35,Star
OFF-PA-10002581,Xerox 1951,755.912,244.74200000000002,30,6,0.3237704918032787,Star
OFF-PA-10002586,Xerox 1970,61.752,24.8004,14,4,0.40161290322580645,Weak
OFF-PA-10002606,Xerox 1928,124.608,49.104,26,4,0.3940677966101695,Winner
OFF-PA-10002615,"Ampad Gold Fibre Wirebound Steno Books, 6"" x 9"", Gregg Ruled",103.194,46.040400000000005,24,7,0.4461538461538462,Winner
OFF-PA-10002659,Avoid Verbal Orders Carbonless Minifold Book,41.236,17.5084,13,3,0.4245901639344263,Weak
OFF-PA-10002666,Southworth 25% Cotton Linen-Finish Paper & Envelopes,85.164,30.351,11,3,0.35638297872340424,Weak
OFF-PA-10002689,Weyerhaeuser First Choice Laser/Copy Paper (20Lb. and 88 Bright),129.6,58.8384,21,3,0.454,Winner
OFF-PA-10002709,Xerox 1956,23.92,8.671,5,1,0.36249999999999993,Weak
OFF-PA-10002713,"Adams Phone Message Book, 200 Message Capacity, 8 1/16” x 11”",178.88,82.2848,26,6,0.46,Winner
OFF-PA-10002741,Xerox 1980,34.24,15.408,8,2,0.44999999999999996,Weak
OFF-PA-10002749,"Wirebound Message Books, 5-1/2 x 4 Forms, 2 or 4 Forms per Page",56.196,25.4889,9,2,0.4535714285714286,Weak
OFF-PA-10002751,Xerox 1920,89.7,40.365,15,4,0.45,Winner
OFF-PA-10002764,Easy-staple paper,170.10000000000002,83.349,15,3,0.48999999999999994,Winner
OFF-PA-10002787,Xerox 227,94.608,33.9552,18,6,0.35890410958904106,Weak
OFF-PA-10002870,"Ampad Phone Message Book, Recycled, 400 Message Capacity, 5 ¾” x 11”",62.400000000000006,28.08,10,3,0.44999999999999996,Weak
OFF-PA-10002893,"Wirebound Service Call Books, 5 1/2"" x 4""",125.84,60.4032,13,5,0.48,Winner
OFF-PA-10002923,Xerox 1942,597.068,278.95799999999997,13,6,0.4672131147540983,Star
OFF-PA-10002947,Xerox 1923,94.856,39.2784,16,5,0.4140845070422535,Winner
OFF-PA-10002960,Xerox 1926,34.86,16.3842,7,1,0.47000000000000003,Weak
OFF-PA-10002968,Xerox 1973,54.816,17.8152,3,1,0.325,Weak
OFF-PA-10002986,Xerox 1898,215.096,93.52,35,9,0.43478260869565216,Winner
OFF-PA-10003001,Xerox 1986,85.50399999999999,40.3472,13,4,0.47187500000000004,Winner
OFF-PA-10003016,"Adams ""While You Were Out"" Message Pads",57.147999999999996,24.335,19,4,0.42582417582417587,Weak
OFF-PA-10003022,Standard Line “While You Were Out” Hardbound Telephone Message Book,211.00799999999998,80.4468,11,2,0.38125000000000003,Winner
OFF-PA-10003022,Xerox 1992,71.76,35.1624,12,3,0.48999999999999994,Weak
OFF-PA-10003036,"Black Print Carbonless 8 1/2"" x 8 1/4"" Rapid Memo Book",46.592,15.1424,8,3,0.325,Weak
OFF-PA-10003039,Xerox 1960,501.876,178.135,19,4,0.3549382716049383,Star
OFF-PA-10003063,EcoTones Memo Sheets,52.8,21.6,15,3,0.4090909090909091,Weak
OFF-PA-10003072,"Eureka Recycled Copy Paper 8 1/2"" x 11"", Ream",99.792,42.5088,17,5,0.42597402597402595,Winner
OFF-PA-10003127,Easy-staple paper,274.352,117.6548,11,5,0.4288461538461539,Star
OFF-PA-10003129,Tops White Computer Printout Paper,440.18999999999994,206.8893,9,3,0.47000000000000003,Star
OFF-PA-10003134,Xerox 1937,307.456,107.6096,8,3,0.35,Star
OFF-PA-10003172,Xerox 1996,176.256,81.9072,28,8,0.4647058823529412,Winner
OFF-PA-10003177,Xerox 1999,67.392,30.3264,11,5,0.45,Weak
OFF-PA-10003205,"Wirebound Message Forms, Four 2 3/4 x 5 Forms per Page, Pink Paper",35.948,14.2975,5,2,0.3977272727272727,Weak
OFF-PA-10003228,Xerox 1917,1222.75,574.6925,25,5,0.47,Star
OFF-PA-10003256,Avery Personal Creations Heavyweight Cards,27.696,9.6936,3,1,0.35,Weak
OFF-PA-10003270,Xerox 1954,84.48,32.208,18,4,0.38125,Weak
OFF-PA-10003302,Xerox 1906,836.3839999999999,385.5872,24,5,0.46101694915254243,Star
OFF-PA-10003309,Xerox 211,73.872,30.0672,13,3,0.4070175438596491,Weak
OFF-PA-10003349,Xerox 1957,80.352,34.0848,14,5,0.4241935483870968,Weak
OFF-PA-10003363,Xerox 204,90.72,43.5456,14,3,0.48,Winner
OFF-PA-10003395,Xerox 1941,1069.47,469.728,11,3,0.4392156862745098,Star
OFF-PA-10003424,"""While you Were Out"" Message Book, One Form per Page",17.808,6.678,6,2,0.375,Weak
OFF-PA-10003441,Xerox 226,217.728,99.792,35,8,0.4583333333333333,Winner
OFF-PA-10003465,Xerox 1912,201.082,92.5736,11,4,0.46037735849056605,Winner
OFF-PA-10003543,Xerox 1985,25.92,9.072,5,2,0.3499999999999999,Weak
OFF-PA-10003591,Southworth 100% Cotton The Best Paper,151.536,65.43599999999999,15,3,0.43181818181818177,Winner
OFF-PA-10003625,Xerox 1979,328.38800000000003,140.959,11,3,0.4292452830188679,Star
OFF-PA-10003641,Xerox 1909,733.364,291.76279999999997,31,7,0.397841726618705,Star
OFF-PA-10003651,Xerox 1968,138.944,65.9984,21,4,0.4750000000000001,Winner
OFF-PA-10003656,Xerox 1935,290.18,133.4828,11,2,0.45999999999999996,Star
OFF-PA-10003657,Xerox 1927,37.664,14.123999999999999,10,3,0.37499999999999994,Weak
OFF-PA-10003673,Strathmore Photo Mount Cards,214.248,93.4284,33,7,0.4360759493670886,Winner
OFF-PA-10003724,"Wirebound Message Book, 4 per Page",184.62,87.69449999999999,35,7,0.4749999999999999,Winner
OFF-PA-10003729,Xerox 1998,46.656,16.3296,9,2,0.35,Weak
OFF-PA-10003739,Xerox 1969,11.56,5.6644,2,1,0.48999999999999994,Weak
OFF-PA-10003790,Xerox 1991,86.792,37.4576,4,2,0.43157894736842106,Winner
OFF-PA-10003797,Xerox 209,142.56,68.4288,22,4,0.48,Winner
OFF-PA-10003823,Xerox 197,278.82,125.469,9,2,0.45,Star
OFF-PA-10003845,Xerox 1987,92.48,45.3152,16,4,0.48999999999999994,Winner
OFF-PA-10003848,Xerox 1997,112.75200000000001,48.7296,19,5,0.43218390804597695,Winner
OFF-PA-10003883,"Message Book, Phone, Wirebound Standard Line Memo, 2 3/4"" X 5""",72.05,33.143,11,3,0.46,Weak
OFF-PA-10003892,Xerox 1943,743.432,328.6752,16,4,0.4421052631578948,Star
OFF-PA-10003893,Xerox 1962,96.72800000000001,37.878,25,6,0.39159292035398224,Winner
OFF-PA-10003919,Xerox 1989,7.968,2.6892,2,1,0.3375,Weak
OFF-PA-10003936,Xerox 1994,76.464,32.6592,13,4,0.4271186440677966,Weak
OFF-PA-10003953,Xerox 218,31.104000000000003,14.256,5,3,0.4583333333333333,Weak
OFF-PA-10003971,Xerox 1965,44.252,19.8536,8,3,0.4486486486486486,Weak
OFF-PA-10004000,"While You Were Out Pads, 50 per Pad, 4 x 5 1/4, Green Cycle",50.138000000000005,18.778100000000002,13,4,0.3745283018867925,Weak
OFF-PA-10004039,Xerox 1882,403.056,174.6576,8,3,0.43333333333333335,Star
OFF-PA-10004040,Universal Premium White Copier/Laser Paper (20Lb. and 87 Bright),129.168,55.9728,24,5,0.4333333333333333,Winner
OFF-PA-10004041,"It's Hot Message Books with Stickers, 2 3/4"" x 5""",161.32,59.56999999999999,25,6,0.3692660550458715,Winner
OFF-PA-10004071,"Eaton Premium Continuous-Feed Paper, 25% Cotton, Letter Size, White, 1000 Shts/Box",843.2959999999999,381.7024,16,8,0.4526315789473685,Star
OFF-PA-10004082,"Adams Telephone Message Book w/Frequently-Called Numbers Space, 400 Messages per Book",175.56,87.78,22,5,0.5,Winner
OFF-PA-10004092,Tops Green Bar Computer Printout Paper,293.64,146.82,6,2,0.5,Star
OFF-PA-10004100,Xerox 216,171.072,73.3536,29,6,0.4287878787878788,Winner
OFF-PA-10004101,Xerox 1894,137.376,63.2448,22,4,0.460377358490566,Winner
OFF-PA-10004156,Xerox 188,201.852,91.9674,19,7,0.45561797752808986,Winner
OFF-PA-10004239,Xerox 1953,11.128,4.066,3,2,0.36538461538461536,Weak
OFF-PA-10004243,Xerox 1939,227.64,109.2672,12,2,0.48000000000000004,Winner
OFF-PA-10004248,Xerox 1990,36.96,13.728,8,2,0.3714285714285714,Weak
OFF-PA-10004255,Xerox 219,51.84,24.8832,8,3,0.4799999999999999,Weak
OFF-PA-10004285,Xerox 1959,133.6,60.6544,21,6,0.454,Winner
OFF-PA-10004327,Xerox 1911,526.9,252.912,11,4,0.48000000000000004,Star
OFF-PA-10004353,Southworth 25% Cotton Premium Laser Paper and Envelopes,487.512,217.38240000000002,26,4,0.44590163934426236,Star
OFF-PA-10004355,Xerox 231,58.32000000000001,24.624,10,4,0.42222222222222217,Weak
OFF-PA-10004359,Multicolor Computer Printout Paper,1887.3,851.3820000000001,19,5,0.45111111111111113,Star
OFF-PA-10004381,14-7/8 x 11 Blue Bar Computer Printout Paper,422.752,172.94400000000002,10,4,0.4090909090909091,Star
OFF-PA-10004405,Rediform Voice Mail Log Books,29.204,12.1584,11,2,0.4163265306122449,Weak
OFF-PA-10004438,Xerox 1907,122.8,57.716,10,3,0.47000000000000003,Winner
OFF-PA-10004451,Xerox 222,102.384,45.1008,17,6,0.44050632911392407,Winner
OFF-PA-10004470,"Adams Write n' Stick Phone Message Book, 11"" X 5 1/4"", 200 Messages",40.896,16.3584,8,3,0.39999999999999997,Weak
OFF-PA-10004475,Xerox 1940,615.552,279.1968,12,4,0.45357142857142857,Star
OFF-PA-10004519,Spiral Phone Message Books with Labels by Adams,60.032,25.759999999999998,15,4,0.4291044776119403,Weak
OFF-PA-10004530,Personal Creations Ink Jet Cards and Labels,321.44,157.5056,28,4,0.48999999999999994,Star
OFF-PA-10004569,"Wirebound Message Books, Two 4 1/4"" x 5"" Forms per Page",94.364,41.9311,13,4,0.4443548387096774,Winner
OFF-PA-10004609,Xerox 221,80.352,33.1776,14,4,0.41290322580645156,Weak
OFF-PA-10004610,Xerox 1900,105.288,44.084,26,7,0.41869918699187,Winner
OFF-PA-10004621,Xerox 212,130.89600000000002,53.3952,23,6,0.4079207920792079,Winner
OFF-PA-10004665,Advantus Motivational Note Cards,217.46,90.521,19,4,0.4162650602409638,Winner
OFF-PA-10004675,"Telephone Message Books with Fax/Mobile Section, 5 1/2"" x 3 3/16""",67.31,26.162,12,4,0.38867924528301884,Weak
OFF-PA-10004733,Things To Do Today Spiral Book,63.36,22.968,10,2,0.3625,Weak
OFF-PA-10004734,Southworth Structures Collection,72.8,36.4,10,2,0.5,Winner
OFF-PA-10004735,Xerox 1905,146.448,68.94720000000001,23,5,0.47079646017699117,Winner
OFF-PA-10004782,Xerox 228,45.36,21.7728,7,2,0.48,Weak
OFF-PA-10004888,Xerox 217,85.536,38.3616,14,5,0.4484848484848485,Winner
OFF-PA-10004911,"Rediform S.O.S. 1-Up Phone Message Bk, 4-1/4x3-1/16 Bk, 1 Form/Pg, 40 Messages/Bk, 3/Pk",84.42,40.5216,9,3,0.48,Winner
OFF-PA-10004947,Easy-staple paper,48.792,20.544,12,3,0.42105263157894735,Weak
OFF-PA-10004948,Xerox 190,29.88,14.0436,6,2,0.47000000000000003,Weak
OFF-PA-10004965,Xerox 1921,55.944,17.4825,7,3,0.3125,Weak
OFF-PA-10004971,Xerox 196,87.856,37.7434,17,7,0.42960526315789477,Winner
OFF-PA-10004983,Xerox 23,141.264,63.7632,23,6,0.4513761467889908,Winner
OFF-PA-10004996,"Speediset Carbonless Redi-Letter 7"" x 8 1/2""",78.356,29.1773,9,3,0.37236842105263157,Weak
OFF-ST-10000025,Fellowes Stor/Drawer Steel Plus Storage Drawers,3111.018,61.07519999999998,34,7,0.019631901840490792,Star
OFF-ST-10000036,"Recycled Data-Pak for Archival Bound Computer Printouts, 12-1/2 x 12-1/2 x 16",1857.252,414.918,20,6,0.22340425531914895,Star
OFF-ST-10000046,Fellowes Super Stor/Drawer Files,2875.59,258.48,20,7,0.0898876404494382,Star
OFF-ST-10000060,Fellowes Bankers Box Staxonsteel Drawer File/Stacking System,2560.212,158.5512,42,7,0.06192893401015228,Star
OFF-ST-10000078,Tennsco 6- and 18-Compartment Lockers,8697.576000000001,1304.6364,34,9,0.15,Star
OFF-ST-10000107,Fellowes Super Stor/Drawer,227.55,22.755,9,3,0.09999999999999999,Weak
OFF-ST-10000129,Fellowes Recycled Storage Drawers,1287.9479999999999,48.8532,12,3,0.03793103448275863,Star
OFF-ST-10000136,Letter Size File,341.41999999999996,59.55,10,2,0.1744186046511628,Star
OFF-ST-10000142,Deluxe Rollaway Locking File with Drawer,5572.792,1380.7215999999999,14,5,0.2477611940298507,Star
OFF-ST-10000321,Akro Stacking Bins,91.524,-6.9432,13,6,-0.07586206896551724,Weak
OFF-ST-10000344,"Neat Ideas Personal Hanging Folder Files, Black",265.914,57.2118,21,6,0.21515151515151515,Star
OFF-ST-10000352,Acco Perma 2700 Stacking Storage Drawers,148.70000000000002,-2.974,6,3,-0.02,Weak
OFF-ST-10000419,"Rogers Jumbo File, Granite",168.392,-6.3826,13,4,-0.03790322580645161,Weak
OFF-ST-10000464,"Multi-Use Personal File Cart and Caster Set, Three Stacking Bins",368.45599999999996,93.15679999999999,11,5,0.2528301886792453,Star
OFF-ST-10000532,Advantus Rolling Drawer Organizers,1115.92,233.18880000000001,31,6,0.20896551724137932,Star
OFF-ST-10000563,Fellowes Bankers Box Stor/Drawer Steel Plus,959.4,-19.188000000000002,34,8,-0.020000000000000004,Volume
OFF-ST-10000585,Economy Rollaway Files,1982.4,393.176,13,5,0.1983333333333333,Star
OFF-ST-10000604,Home/Office Personal File Carts,806.432,154.682,25,6,0.1918103448275862,Star
OFF-ST-10000615,"SimpliFile Personal File, Black Granite, 15w x 6-15/16d x 11-1/4h",347.31,85.806,32,8,0.24705882352941175,Star
OFF-ST-10000617,Woodgrain Magazine Files by Perma,54.236,1.5793999999999997,19,5,0.029120879120879118,Weak
OFF-ST-10000636,Rogers Profile Extra Capacity Storage Tub,284.58,-4.6872,18,5,-0.01647058823529412,Volume
OFF-ST-10000642,"Tennsco Lockers, Gray",402.816,-26.434800000000003,22,6,-0.06562500000000002,Volume
OFF-ST-10000649,Hanging Personal Folder File,251.2,51.025,17,5,0.203125,Star
OFF-ST-10000675,"File Shuttle II and Handi-File, Black",1070.924,257.564,32,6,0.24050632911392408,Star
OFF-ST-10000676,Fellowes Econo/Stor Drawers,581.58,-56.2194,7,2,-0.09666666666666666,Volume
OFF-ST-10000689,"Fellowes Strictly Business Drawer File, Letter/Legal Size",3436.7400000000002,338.04,25,5,0.09836065573770492,Star
OFF-ST-10000736,Carina Double Wide Media Storage Towers in Natural & Black,2056.892,-42.1096,27,10,-0.020472440944881893,Volume
OFF-ST-10000760,Eldon Fold 'N Roll Cart System,279.6,61.232400000000005,22,4,0.219,Star
OFF-ST-10000777,"Companion Letter/Legal File, Black",385.152,86.0928,11,4,0.2235294117647059,Star
OFF-ST-10000798,2300 Heavy-Duty Transfer File Systems by Perma,244.804,22.2322,11,3,0.09081632653061224,Volume
OFF-ST-10000876,Eldon Simplefile Box Office,169.184,34.832,15,5,0.2058823529411765,Weak
OFF-ST-10000877,Recycled Steel Personal File for Standard File Folders,575.016,124.95540000000001,11,3,0.21730769230769234,Star
OFF-ST-10000885,Fellowes Desktop Hanging File Manager,201.45000000000002,50.362500000000004,15,4,0.25,Winner
OFF-ST-10000918,Crate-A-Files,176.58,31.392,18,7,0.17777777777777776,Weak
OFF-ST-10000934,"Contico 72""H Heavy-Duty Storage System",516.348,-57.372,14,4,-0.11111111111111112,Volume
OFF-ST-10000943,Eldon ProFile File 'N Store Portable File Tub Letter/Legal Size Black,475.02599999999995,113.5428,26,5,0.23902439024390246,Star
OFF-ST-10000991,Space Solutions HD Industrial Steel Shelving.,3035.208,24.143700000000003,27,8,0.007954545454545455,Volume
OFF-ST-10001031,Adjustable Personal File Tote,188.848,32.2344,13,4,0.17068965517241377,Weak
OFF-ST-10001034,Eldon File Chest Portable File,79.4,5.955,5,1,0.075,Weak
OFF-ST-10001097,Office Impressions Heavy Duty Welded Shelving & Multimedia Storage Drawers,2509.05,0.0,15,4,0.0,Volume
OFF-ST-10001128,"Carina Mini System Audio Rack, Model AR050B",2219.6000000000004,-41.062599999999996,21,4,-0.018499999999999996,Volume
OFF-ST-10001172,"Tennsco Lockers, Sand",407.012,56.2264,22,5,0.13814432989690723,Star
OFF-ST-10001228,"Fellowes Personal Hanging Folder Files, Navy",284.716,52.6456,24,4,0.1849056603773585,Star
OFF-ST-10001228,Personal File Boxes with Fold-Down Carry Handle,115.292,21.812,8,3,0.1891891891891892,Weak
OFF-ST-10001272,"Mini 13-1/2 Capacity Data Binder Rack, Pearl",837.568,150.50050000000002,7,3,0.17968750000000003,Star
OFF-ST-10001291,"Tenex Personal Self-Stacking Standard File Box, Black/Gray",229.976,44.811499999999995,15,5,0.19485294117647056,Winner
OFF-ST-10001321,"Decoflex Hanging Personal Folder File, Blue",471.852,111.6408,32,8,0.2366013071895425,Star
OFF-ST-10001325,Sterilite Officeware Hinged File Box,303.92,74.408,30,8,0.24482758620689654,Star
OFF-ST-10001328,"Personal Filing Tote with Lid, Black/Gray",288.486,65.142,20,6,0.22580645161290322,Star
OFF-ST-10001370,Sensible Storage WireTech Storage Systems,1121.484,-24.843,17,5,-0.022151898734177215,Volume
OFF-ST-10001414,Decoflex Hanging Personal Folder File,46.26,12.0276,3,1,0.26,Weak
OFF-ST-10001418,Carina Media Storage Towers in Natural & Black,829.328,-67.078,15,4,-0.08088235294117647,Volume
OFF-ST-10001469,Fellowes Bankers Box Recycled Super Stor/Drawer,1058.008,-7.557200000000002,21,6,-0.007142857142857144,Volume
OFF-ST-10001476,Steel Personal Filing/Posting Tote,546.854,80.2526,18,3,0.14675324675324675,Star
OFF-ST-10001490,"Hot File 7-Pocket, Floor Stand",5853.816,1481.301,35,10,0.2530487804878049,Star
OFF-ST-10001496,Standard Rollaway File with Lock,6054.384,1120.7818,37,9,0.18511904761904763,Star
OFF-ST-10001505,"Perma STOR-ALL Hanging File Box, 13 1/8""W x 12 1/4""D x 10 1/2""H",108.836,4.6046,21,5,0.0423076923076923,Weak
OFF-ST-10001511,Space Solutions Commercial Steel Shelving,1758.48,-84.04499999999999,30,6,-0.04779411764705881,Volume
OFF-ST-10001522,"Gould Plastics 18-Pocket Panel Bin, 34w x 5-1/4d x 20-1/2h",2152.566,-143.5044,26,9,-0.06666666666666668,Volume
OFF-ST-10001526,Iceberg Mobile Mega Data/Printer Cart,5270.454,1263.465,45,7,0.23972602739726026,Star
OFF-ST-10001558,Acco Perma 4000 Stacking Storage Drawers,441.72799999999995,27.608,30,10,0.06250000000000001,Volume
OFF-ST-10001580,Super Decoflex Portable Personal File,140.812,32.956,10,3,0.23404255319148937,Weak
OFF-ST-10001590,"Tenex Personal Project File with Scoop Front Design, Black",382.83200000000005,93.55120000000001,29,8,0.24436619718309857,Star
OFF-ST-10001627,Eldon Jumbo ProFile Portable File Boxes Graphite/Black,36.744,3.6744,3,1,0.09999999999999999,Weak
OFF-ST-10001713,"Gould Plastics 9-Pocket Panel Bin, 18-3/8w x 5-1/4d x 20-1/2h, Black",763.056,-50.8704,16,4,-0.06666666666666665,Volume
OFF-ST-10001780,Tennsco 16-Compartment Lockers with Coat Rack,2591.56,129.578,5,2,0.05,Star
OFF-ST-10001809,Fellowes Officeware Wire Shelving,3521.336,-176.0668,42,9,-0.05,Volume
OFF-ST-10001837,"SAFCO Mobile Desk Side File, Wire Frame",769.68,136.832,20,7,0.17777777777777778,Star
OFF-ST-10001932,Fellowes Staxonsteel Drawer Files,3477.06,320.6622,19,5,0.09222222222222222,Star
OFF-ST-10001963,Tennsco Regal Shelving Units,1054.664,-27.380699999999997,11,2,-0.02596153846153846,Volume
OFF-ST-10002011,Smead Adjustable Mobile File Trolley with Lockable Top,4778.766,1106.6616,12,3,0.23157894736842105,Star
OFF-ST-10002182,"Iris 3-Drawer Stacking Bin, Black",150.408,-33.8418,9,1,-0.225,Weak
OFF-ST-10002205,File Shuttle I and Handi-File,209.244,46.745999999999995,10,2,0.22340425531914893,Winner
OFF-ST-10002214,X-Rack File for Hanging Folders,291.282,65.70779999999999,27,8,0.2255813953488372,Star
OFF-ST-10002276,Safco Steel Mobile File Cart,683.552,120.872,9,5,0.17682926829268292,Star
OFF-ST-10002289,"Safco Wire Cube Shelving System, For Use as 4 or 5 14"" Cubes, Black",406.784,14.301,13,4,0.03515625,Volume
OFF-ST-10002292,"Sauder Facets Collection Locker/File Cabinet, Sky Alder Finish",1706.508,222.588,5,2,0.13043478260869565,Star
OFF-ST-10002301,Tennsco Commercial Shelving,341.712,-40.8834,19,8,-0.11964285714285715,Volume
OFF-ST-10002344,"Carina 42""Hx23 3/4""W Media Storage Unit",1571.012,-95.5564,21,7,-0.060824742268041236,Volume
OFF-ST-10002352,Iris Project Case,193.116,39.5808,26,5,0.2049586776859504,Winner
OFF-ST-10002370,"Sortfiler Multipurpose Personal File Organizer, Black",248.124,50.6943,13,3,0.2043103448275862,Star
OFF-ST-10002406,Pizazz Global Quick File,353.29200000000003,94.6104,24,6,0.2677966101694915,Star
OFF-ST-10002444,Recycled Eldon Regeneration Jumbo File,211.216,52.0672,18,5,0.24651162790697673,Winner
OFF-ST-10002485,Rogers Deluxe File Chest,386.848,-26.5958,19,6,-0.06875,Volume
OFF-ST-10002486,Eldon Shelf Savers Cubes and Bins,205.212,-6.8404,31,6,-0.03333333333333333,Weak
OFF-ST-10002554,Tennsco Industrial Shelving,1007.546,-94.8854,23,7,-0.0941747572815534,Volume
OFF-ST-10002562,Staple magnet,114.436,19.8856,14,5,0.1737704918032787,Weak
OFF-ST-10002574,"SAFCO Commercial Wire Shelving, Black",3978.432,-580.188,33,9,-0.14583333333333334,Volume
OFF-ST-10002583,Fellowes Neat Ideas Storage Cubes,337.792,-5.1968,11,5,-0.015384615384615385,Volume
OFF-ST-10002615,"Dual Level, Single-Width Filing Carts",2542.9840000000004,592.3292,17,5,0.23292682926829267,Star
OFF-ST-10002743,SAFCO Boltless Steel Shelving,4704.696,-470.4696,46,10,-0.1,Volume
OFF-ST-10002756,"Tennsco Stur-D-Stor Boltless Shelving, 5 Shelves, 24"" Deep, Sand",2625.014,-54.12400000000001,20,5,-0.02061855670103093,Volume
OFF-ST-10002790,Safco Industrial Shelving,827.12,-104.1285,13,5,-0.12589285714285714,Volume
OFF-ST-10002957,Sterilite Show Offs Storage Containers,78.144,-6.336,16,5,-0.08108108108108109,Weak
OFF-ST-10002974,"Trav-L-File Heavy-Duty Shuttle II, Black",1193.818,278.848,30,7,0.23357664233576644,Star
OFF-ST-10003058,Eldon Mobile Mega Data Cart  Mega Stackable  Add-On Trays,709.5,205.755,30,6,0.29,Star
OFF-ST-10003123,Fellowes Bases and Tops For Staxonsteel/High-Stak Systems,858.8820000000001,201.07160000000002,26,10,0.23410852713178296,Star
OFF-ST-10003208,Adjustable Depth Letter/Legal Cart,7730.196,1932.549,45,11,0.25,Star
OFF-ST-10003221,Staple magnet,53.4,14.418,5,3,0.27,Weak
OFF-ST-10003282,"Advantus 10-Drawer Portable Organizer, Chrome Metal Frame, Smoke Drawers",992.016,260.5536,17,3,0.26265060240963856,Star
OFF-ST-10003306,Letter Size Cart,4600.092,1252.8822,33,8,0.27236024844720497,Star
OFF-ST-10003324,Belkin OmniView SE Rackmount Kit,248.35999999999999,0.0,7,2,0.0,Volume
OFF-ST-10003327,Akro-Mils 12-Gallon Tote,113.202,21.548099999999998,13,4,0.19035087719298244,Weak
OFF-ST-10003442,Eldon Portable Mobile Manager,842.744,182.1232,32,8,0.21610738255033557,Star
OFF-ST-10003455,"Tenex File Box, Personal Filing Tote with Lid, Black",338.118,62.660399999999996,24,7,0.18532110091743118,Star
OFF-ST-10003470,"Tennsco Snap-Together Open Shelving Units, Starter Sets and Add-On Units",4471.68,223.584,16,4,0.049999999999999996,Star
OFF-ST-10003479,"Eldon Base for stackable storage shelf, platinum",872.256,-52.569,25,7,-0.06026785714285715,Volume
OFF-ST-10003572,Portfile Personal File Boxes,99.11999999999999,7.434,7,2,0.07500000000000001,Weak
OFF-ST-10003638,Mobile Personal File Cube,449.664,90.6354,21,5,0.2015625,Star
OFF-ST-10003641,Space Solutions Industrial Galvanized Steel Shelving.,441.28,-22.064,6,2,-0.05,Volume
OFF-ST-10003656,Safco Industrial Wire Shelving,1363.058,-126.7068,16,5,-0.09295774647887324,Volume
OFF-ST-10003692,Recycled Steel Personal File for Hanging File Folders,537.962,65.8145,11,4,0.12234042553191489,Star
OFF-ST-10003716,Tennsco Double-Tier Lockers,7740.688,301.52680000000004,38,10,0.038953488372093024,Star
OFF-ST-10003722,Project Tote Personal File,95.404,15.7136,8,3,0.16470588235294117,Weak
OFF-ST-10003805,"24 Capacity Maxi Data Binder Racks, Pearl",926.4200000000001,136.85750000000002,5,2,0.14772727272727273,Star
OFF-ST-10003816,Fellowes High-Stak Drawer Files,2959.992,382.3323,19,6,0.12916666666666665,Star
OFF-ST-10003994,"Belkin 19"" Center-Weighted Shelf, Gray",849.3119999999999,-47.184,16,4,-0.05555555555555556,Volume
OFF-ST-10003996,"Letter/Legal File Tote with Clear Snap-On Lid, Black Granite",138.11599999999999,31.156399999999998,9,3,0.22558139534883723,Weak
OFF-ST-10004123,Safco Industrial Wire Shelving System,2438.264,-200.156,29,7,-0.08208955223880597,Volume
OFF-ST-10004180,Safco Commercial Shelving,409.288,7.441599999999999,9,4,0.01818181818181818,Volume
OFF-ST-10004186,"Stur-D-Stor Shelving, Vertical 5-Shelf: 72""H x 36""W x 18 1/2""D",2219.6,44.391999999999996,20,4,0.02,Star
OFF-ST-10004258,Portable Personal File Box,151.404,35.5311,13,4,0.23467741935483874,Weak
OFF-ST-10004337,"SAFCO Commercial Wire Shelving, 72h",1139.064,-24.496,19,4,-0.02150537634408602,Volume
OFF-ST-10004340,"Fellowes Mobile File Cart, Black",1877.836,425.3112,32,7,0.22649006622516554,Star
OFF-ST-10004459,Tennsco Single-Tier Lockers,5855.304,-563.01,18,5,-0.09615384615384615,Volume
OFF-ST-10004507,Advantus Rolling Storage Box,401.31,88.3225,25,9,0.2200854700854701,Star
OFF-ST-10004634,"Personal Folder Holder, Ebony",145.73000000000002,35.872,14,6,0.2461538461538461,Weak
OFF-ST-10004804,"Belkin 19"" Vented Equipment Shelf, Black",1132.56,-141.57,25,7,-0.125,Volume
OFF-ST-10004835,Plastic Stacking Crates & Casters,35.712,2.6784,8,4,0.07499999999999998,Weak
OFF-ST-10004946,Desktop 3-Pocket Hot File,216.4,56.264,4,1,0.26,Winner
OFF-ST-10004950,Acco Perma 3000 Stacking Storage Drawers,373.44399999999996,16.5742,21,6,0.04438202247191012,Volume
OFF-ST-10004950,"Tenex Personal Filing Tote With Secure Closure Lid, Black/Frost",279.18,23.265,22,5,0.08333333333333333,Volume
OFF-ST-10004963,Eldon Gobal File Keepers,242.24,-4.8448,17,5,-0.02,Volume
OFF-SU-10000151,High Speed Automatic Electric Letter Opener,17030.311999999998,-262.00480000000005,11,3,-0.015384615384615389,Volume
OFF-SU-10000157,Compact Automatic Electric Letter Opener,2028.27,-76.3584,18,5,-0.037647058823529415,Volume
OFF-SU-10000381,Acme Forged Steel Scissors with Black Enamel Handles,223.44,51.577400000000004,26,6,0.23083333333333336,Winner
OFF-SU-10000432,Acco Side-Punched Conventional Columnar Pads,19.432000000000002,-3.6435,7,2,-0.18749999999999997,Weak
OFF-SU-10000646,Premier Automatic Letter Opener,2836.366,-427.8586,14,5,-0.15084745762711865,Volume
OFF-SU-10000898,"Acme Hot Forged Carbon Steel Scissors with Nickel-Plated Handles, 3 7/8"" Cut, 8""L",339.15999999999997,72.697,27,5,0.214344262295082,Star
OFF-SU-10000946,Staple remover,153.216,34.2342,21,4,0.22343749999999998,Weak
OFF-SU-10000952,Fiskars Home & Office Scissors,97.68,27.3504,11,3,0.27999999999999997,Weak
OFF-SU-10001165,Acme Elite Stainless Steel Scissors,95.076,21.0168,12,5,0.2210526315789474,Weak
OFF-SU-10001212,Kleencut Forged Office Shears by Acme United Corporation,9.568,2.2880000000000003,5,2,0.23913043478260873,Weak
OFF-SU-10001218,Fiskars Softgrip Scissors,252.54,70.7112,23,5,0.28,Star
OFF-SU-10001225,Staple remover,72.864,-6.4768,22,7,-0.08888888888888888,Weak
OFF-SU-10001574,Acme Value Line Scissors,70.81,19.71,20,9,0.27835051546391754,Weak
OFF-SU-10001664,Acme Office Executive Series Stainless Steel Trimmers,111.41,22.6248,14,6,0.2030769230769231,Weak
OFF-SU-10001935,Staple remover,29.648000000000003,-3.8368,16,6,-0.12941176470588234,Weak
OFF-SU-10002189,Acme Rosewood Handle Letter Opener,43.67,-3.4936000000000003,12,3,-0.08,Weak
OFF-SU-10002301,Serrated Blade or Curved Handle Hand Letter Openers,23.864,-4.1133999999999995,9,2,-0.17236842105263156,Weak
OFF-SU-10002503,Acme Preferred Stainless Steel Scissors,90.88,26.3552,16,4,0.29000000000000004,Weak
OFF-SU-10002522,Acme Kleen Earth Office Shears,38.024,10.475999999999999,10,4,0.2755102040816326,Weak
OFF-SU-10002537,Acme Box Cutter Scissors,276.21,64.2444,28,5,0.2325925925925926,Star
OFF-SU-10002557,Fiskars Spring-Action Scissors,75.492,13.4208,6,4,0.17777777777777776,Weak
OFF-SU-10002573,"Acme 10"" Easy Grip Assistive Scissors",290.998,82.391,17,5,0.28313253012048195,Star
OFF-SU-10002881,Martin Yale Chadless Opener Electric Letter Opener,16656.2,-1299.1836,22,6,-0.078,Volume
OFF-SU-10003002,Letter Slitter,10.08,0.3024,4,2,0.03,Weak
OFF-SU-10003505,Premier Electric Letter Opener,2641.6079999999997,-7.105427357601002e-15,24,8,-2.6898114169857914e-18,Volume
OFF-SU-10003567,Stiletto Hand Letter Openers,136.32,-21.983999999999998,17,4,-0.16126760563380282,Weak
OFF-SU-10003936,Acme Serrated Blade Letter Opener,13.992,-1.7489999999999999,5,2,-0.12499999999999999,Weak
OFF-SU-10004115,Acme Stainless Steel Office Snips,59.614000000000004,6.543,10,3,0.10975609756097561,Weak
OFF-SU-10004231,Acme Tagit Stainless Steel Antibacterial Scissors,196.01999999999998,37.026,22,6,0.1888888888888889,Winner
OFF-SU-10004261,"Fiskars 8"" Scissors, 2/Pack",162.056,39.652,10,3,0.24468085106382978,Winner
OFF-SU-10004290,"Acme Design Line 8"" Stainless Steel Bent Scissors w/Champagne Handles, 3-1/8"" Cut",45.144,10.1916,7,3,0.22575757575757574,Weak
OFF-SU-10004498,Martin-Yale Premier Letter Opener,133.952,-3.4776,11,5,-0.02596153846153846,Weak
OFF-SU-10004661,Acme Titanium Bonded Scissors,85.0,15.809999999999999,11,4,0.186,Weak
OFF-SU-10004664,Acme Softgrip Scissors,166.056,33.1298,23,4,0.19950980392156864,Weak
OFF-SU-10004737,Acme Design Stainless Steel Bent Scissors,47.88,12.9276,7,2,0.26999999999999996,Weak
OFF-SU-10004768,Acme Kleencut Forged Steel Scissors,35.587999999999994,7.462,7,3,0.20967741935483875,Weak
OFF-SU-10004782,"Elite 5"" Scissors",179.14,37.18,24,7,0.20754716981132076,Winner
OFF-SU-10004884,Acme Galleria Hot Forged Steel Scissors with Colored Handles,147.862,36.179,10,2,0.2446808510638298,Winner
TEC-AC-10000023,"Maxell 74 Minute CD-R Spindle, 50/Pack",230.67,83.0412,11,4,0.36000000000000004,Winner
TEC-AC-10000057,Microsoft Natural Ergonomic Keyboard 4000,557.814,107.66409999999999,19,5,0.19301075268817203,Star
TEC-AC-10000109,Sony Micro Vault Click 16 GB USB 2.0 Flash Drive,985.424,134.376,20,6,0.13636363636363638,Star
TEC-AC-10000158,Sony 64GB Class 10 Micro SDHC R40 Memory Card,719.8,94.29379999999999,22,7,0.131,Star
TEC-AC-10000171,"Verbatim 25 GB 6x Blu-ray Single Layer Recordable Disc, 25/Pack",202.31199999999998,71.269,10,4,0.35227272727272735,Winner
TEC-AC-10000199,Kingston Digital DataTraveler 8GB USB 2.0,44.03,-2.0229999999999997,9,3,-0.045945945945945935,Weak
TEC-AC-10000290,Sabrent 4-Port USB 2.0 Hub,96.418,29.197,15,4,0.3028169014084507,Weak
TEC-AC-10000303,Logitech M510 Wireless Mouse,175.95600000000002,41.9895,5,2,0.23863636363636362,Winner
TEC-AC-10000358,Imation Secure Drive + Hardware Encrypted USB flash drive - 16 GB,737.006,159.558,20,5,0.21649484536082475,Star
TEC-AC-10000387,KeyTronic KT800P2 - Keyboard - Black,75.1,1.2015999999999998,6,3,0.015999999999999997,Weak
TEC-AC-10000397,"Perixx PERIBOARD-512B, Ergonomic Split Keyboard",104.97,7.3479,3,1,0.07,Weak
TEC-AC-10000420,Logitech G500s Laser Gaming Mouse with Adjustable Weight Tuning,839.8799999999999,239.3658,13,2,0.28500000000000003,Star
TEC-AC-10000474,Kensington Expert Mouse Optical USB Trackball for PC or Mac,1690.8220000000001,360.962,20,6,0.2134831460674157,Star
TEC-AC-10000487,SanDisk Cruzer 4 GB USB Flash Drive,15.576,3.3099,3,1,0.2125,Weak
TEC-AC-10000521,"Verbatim Slim CD and DVD Storage Cases, 50/Pack",80.78,16.156,8,4,0.19999999999999998,Weak
TEC-AC-10000580,Logitech G13 Programmable Gameboard with LCD Display,1039.87,43.194599999999994,14,4,0.04153846153846154,Star
TEC-AC-10000682,Kensington K72356US Mouse-in-a-Box USB Desktop Mouse,321.846,106.176,20,6,0.32989690721649484,Star
TEC-AC-10000710,Maxell DVD-RAM Discs,263.68,113.38239999999999,16,2,0.42999999999999994,Star
TEC-AC-10000736,Logitech G600 MMO Gaming Mouse,1455.818,483.13960000000003,19,7,0.3318681318681319,Star
TEC-AC-10000844,Logitech Gaming G510s - Keyboard,2090.754,622.1268,27,7,0.29756097560975614,Star
TEC-AC-10000865,WD My Passport Ultra 500GB Portable External Hard Drive,708.0,120.36,12,4,0.17,Star
TEC-AC-10000892,NETGEAR N750 Dual Band Wi-Fi Gigabit Router,1890.0,622.8,22,7,0.3295238095238095,Star
TEC-AC-10000927,Anker Ultrathin Bluetooth Wireless Keyboard Aluminum Cover with Stand,491.836,32.989000000000004,17,4,0.06707317073170732,Volume
TEC-AC-10000990,Imation Bio 2GB USB Flash Drive Imation Corp,2098.88,881.5296,16,3,0.42,Star
TEC-AC-10000991,Sony Micro Vault Click 8 GB USB 2.0 Flash Drive,253.74599999999998,11.277600000000001,6,2,0.04444444444444445,Volume
TEC-AC-10001013,Logitech ClearChat Comfort/USB Headset H390,486.214,152.60089999999997,17,5,0.3138554216867469,Star
TEC-AC-10001090,Micro Innovations Wireless Classic Keyboard with Mouse,107.964,9.5968,4,2,0.08888888888888889,Weak
TEC-AC-10001101,Sony 16GB Class 10 Micro SDHC R40 Memory Card,190.772,5.155999999999999,16,4,0.02702702702702702,Weak
TEC-AC-10001109,Logitech Trackman Marble Mouse,725.758,273.5088,26,8,0.3768595041322314,Star
TEC-AC-10001114,Microsoft Wireless Mobile Mouse 4000,591.852,183.954,15,4,0.31081081081081086,Star
TEC-AC-10001142,First Data FD10 PIN Pad,1279.8,71.1,17,4,0.05555555555555555,Star
TEC-AC-10001266,Memorex Micro Travel Drive 8 GB,247.0,96.85,21,6,0.39210526315789473,Star
TEC-AC-10001267,Imation 32GB Pocket Pro USB 3.0 Flash Drive - 32 GB - Black - 1 P ...,467.21999999999997,143.76,18,5,0.3076923076923077,Star
TEC-AC-10001284,Enermax Briskie RF Wireless Keyboard and Mouse Combo,303.242,90.5572,16,4,0.2986301369863013,Star
TEC-AC-10001314,Case Logic 2.4GHz Wireless Keyboard,1229.754,-11.997600000000006,27,8,-0.009756097560975615,Volume
TEC-AC-10001383,Logitech Wireless Touch Keyboard K400,324.87,55.2279,13,2,0.16999999999999998,Star
TEC-AC-10001432,Enermax Aurora Lite Keyboard,1406.6999999999998,618.948,18,4,0.44000000000000006,Star
TEC-AC-10001445,Imation USB 2.0 Swivel Flash Drive USB flash drive - 4 GB - Pink,42.42,8.9082,14,3,0.21000000000000002,Weak
TEC-AC-10001465,SanDisk Cruzer 64 GB USB Flash Drive,690.08,181.60000000000002,20,7,0.26315789473684215,Star
TEC-AC-10001539,Logitech G430 Surround Sound Gaming Headset with Dolby 7.1 Technology,1247.844,377.5528,17,4,0.30256410256410254,Star
TEC-AC-10001542,SanDisk Cruzer 16 GB USB Flash Drive,50.512,4.018,5,2,0.07954545454545454,Weak
TEC-AC-10001552,Logitech K350 2.4Ghz Wireless Keyboard,1154.664,47.2815,25,5,0.040948275862068964,Star
TEC-AC-10001553,"Memorex 25GB 6X Branded Blu-Ray Recordable Disc, 15/Pack",373.78,24.8054,26,5,0.06636363636363636,Volume
TEC-AC-10001590,Dell Slim USB Multimedia Keyboard,125.0,30.0,5,2,0.24,Weak
TEC-AC-10001606,Logitech Wireless Performance Mouse MX for PC and Mac,1699.83,459.954,20,6,0.2705882352941177,Star
TEC-AC-10001635,KeyTronic KT400U2 - Keyboard - Black,55.512,6.168,6,2,0.11111111111111112,Weak
TEC-AC-10001714,Logitech MX Performance Wireless Mouse,789.822,211.8159,23,7,0.2681818181818182,Star
TEC-AC-10001767,SanDisk Ultra 64 GB MicroSDHC Class 10 Memory Card,535.866,37.590599999999995,14,3,0.07014925373134327,Star
TEC-AC-10001772,Memorex Mini Travel Drive 16 GB USB 2.0 Flash Drive,654.77,255.3603,41,5,0.39,Star
TEC-AC-10001838,Razer Tiamat Over Ear 7.1 Surround Sound PC Gaming Headset,5119.744000000001,2155.8922000000002,26,7,0.42109375,Star
TEC-AC-10001874,Logitech Wireless Anywhere Mouse MX for PC and Mac,215.964,47.992,4,2,0.2222222222222222,Winner
TEC-AC-10001908,Logitech Wireless Headset h800,2119.788,559.944,24,4,0.2641509433962264,Star
TEC-AC-10001956,Microsoft Arc Touch Mouse,119.9,43.164,2,1,0.36,Winner
TEC-AC-10001990,Kensington Orbit Wireless Mobile Trackball for PC and Mac,1703.7160000000001,357.5404,33,5,0.20985915492957744,Star
TEC-AC-10001998,Logitech LS21 Speaker System - PC Multimedia - 2.1-CH - Wired,167.916,49.1754,9,4,0.29285714285714287,Winner
TEC-AC-10002001,Logitech Wireless Gaming Headset G930,2111.868,599.9625,15,4,0.2840909090909091,Star
TEC-AC-10002006,Memorex Micro Travel Drive 16 GB,354.978,79.1505,25,4,0.22297297297297294,Star
TEC-AC-10002018,AmazonBasics 3-Button USB Wired Mouse,67.104,23.276699999999998,11,4,0.346875,Weak
TEC-AC-10002049,Logitech G19 Programmable Gaming Keyboard,4389.246,729.0612,36,8,0.16610169491525423,Star
TEC-AC-10002049,Plantronics Savi W720 Multi-Device Wireless Headset System,9367.289999999999,3696.2819999999997,24,7,0.3945945945945946,Star
TEC-AC-10002076,Microsoft Natural Keyboard Elite,958.08,-59.88,20,3,-0.0625,Volume
TEC-AC-10002134,Rosewill 107 Normal Keys USB Wired Standard Keyboard,105.14399999999999,0.8087999999999997,9,3,0.00769230769230769,Weak
TEC-AC-10002167,Imation 8gb Micro Traveldrive Usb 2.0 Flash Drive,288.0,21.0,20,6,0.07291666666666667,Volume
TEC-AC-10002217,Imation Clip USB flash drive - 8 GB,199.28,-12.784,12,5,-0.06415094339622641,Weak
TEC-AC-10002253,Imation Bio 8GB USB Flash Drive Imation Corp,2493.6000000000004,374.04,15,3,0.15,Star
TEC-AC-10002305,KeyTronic E03601U1 - Keyboard - Beige,324.0,58.32,18,6,0.18,Star
TEC-AC-10002323,SanDisk Ultra 32 GB MicroSDHC Class 10 Memory Card,716.04,23.868000000000002,36,9,0.03333333333333334,Volume
TEC-AC-10002331,"Maxell 74 Minute CDR, 10/Pack",232.764,72.5676,26,5,0.31176470588235294,Winner
TEC-AC-10002335,Logitech Media Keyboard K200,349.9,38.1391,11,2,0.109,Star
TEC-AC-10002345,HP Standard 104 key PS/2 Keyboard,275.5,58.0,20,6,0.21052631578947367,Star
TEC-AC-10002370,Maxell CD-R Discs,15.76,3.7036,9,3,0.235,Weak
TEC-AC-10002399,SanDisk Cruzer 32 GB USB Flash Drive,346.164,100.4256,19,5,0.29010989010989013,Star
TEC-AC-10002402,Razer Kraken PRO Over Ear PC and Music Headset,1631.7959999999998,343.957,23,5,0.21078431372549022,Star
TEC-AC-10002473,Maxell 4.7GB DVD-R,987.624,334.6002,39,9,0.33879310344827585,Star
TEC-AC-10002550,Maxell 4.7GB DVD-RW 3/Pack,98.76599999999999,25.1694,7,3,0.2548387096774194,Weak
TEC-AC-10002550,"Memorex 25GB 6X Branded Blu-Ray Recordable Disc, 30/Pack",338.66999999999996,-17.892000000000003,12,2,-0.0528301886792453,Volume
TEC-AC-10002558,Imation Swivel Flash Drive USB flash drive - 8 GB,54.57599999999999,17.6235,5,2,0.3229166666666667,Weak
TEC-AC-10002567,Logitech G602 Wireless Gaming Mouse,1871.766,489.53880000000004,27,8,0.26153846153846155,Star
TEC-AC-10002600,Belkin QODE FastFit Bluetooth Keyboard,495.6,16.107,9,2,0.032499999999999994,Volume
TEC-AC-10002637,Logitech VX Revolution Cordless Laser Mouse for Notebooks (Black),3311.8160000000003,97.1946,19,4,0.02934782608695652,Star
TEC-AC-10002647,"Logitech Wireless Boombox Speaker - portable - wireless, wired",383.04,148.96,4,2,0.3888888888888889,Star
TEC-AC-10002718,Belkin Standard 104 key USB Keyboard,218.85,8.0245,17,5,0.03666666666666667,Weak
TEC-AC-10002800,Plantronics Audio 478 Stereo USB Headset,979.804,297.4405,21,6,0.30357142857142855,Star
TEC-AC-10002842,WD My Passport Ultra 2TB Portable External Hard Drive,3403.4,404.6,30,7,0.11888111888111888,Star
TEC-AC-10002857,"Verbatim 25 GB 6x Blu-ray Single Layer Recordable Disc, 1/Pack",59.599999999999994,8.195,10,2,0.1375,Weak
TEC-AC-10002926,Logitech Wireless Marathon Mouse M705,1409.718,554.889,30,8,0.39361702127659576,Star
TEC-AC-10002942,WD My Passport Ultra 1TB Portable External Hard Drive,662.4,-24.84,12,5,-0.0375,Volume
TEC-AC-10003023,Logitech G105 Gaming Keyboard,463.086,24.935400000000005,9,4,0.053846153846153856,Volume
TEC-AC-10003027,Imation 8GB Mini TravelDrive USB 2.0 Flash Drive,259.634,-3.019,10,2,-0.011627906976744186,Volume
TEC-AC-10003033,Plantronics CS510 - Over-the-Head monaural Wireless Headset System,7390.88,2085.284,24,7,0.28214285714285714,Star
TEC-AC-10003038,Kingston Digital DataTraveler 16GB USB 2.0,329.36,46.6295,39,9,0.14157608695652174,Star
TEC-AC-10003063,Micro Innovations USB RF Wireless Keyboard with Mouse,390.0,74.0,16,5,0.18974358974358974,Star
TEC-AC-10003095,Logitech G35 7.1-Channel Surround Sound Headset,1767.864,566.7564,14,5,0.3205882352941176,Star
TEC-AC-10003116,Memorex Froggy Flash Drive 8 GB,482.8,168.8025,29,7,0.3496323529411765,Star
TEC-AC-10003133,Memorex Mini Travel Drive 4 GB USB 2.0 Flash Drive,13.616,3.5742,2,1,0.2625,Weak
TEC-AC-10003174,Plantronics S12 Corded Telephone Headset System,2242.032,754.5300000000001,23,6,0.33653846153846156,Star
TEC-AC-10003198,Enermax Acrylux Wireless Keyboard,2450.16,630.468,29,6,0.2573170731707317,Star
TEC-AC-10003237,Memorex Micro Travel Drive 4 GB,103.88,37.418,11,3,0.36020408163265305,Winner
TEC-AC-10003280,Belkin F8E887 USB Wired Ergonomic Keyboard,563.812,66.2779,21,8,0.1175531914893617,Star
TEC-AC-10003289,Anker Ultra-Slim Mini Bluetooth 3.0 Wireless Keyboard,467.766,98.35079999999999,24,4,0.21025641025641023,Star
TEC-AC-10003399,Memorex Mini Travel Drive 64 GB USB 2.0 Flash Drive,289.92,121.7664,8,4,0.42,Star
TEC-AC-10003433,Maxell 4.7GB DVD+R 5/Pack,9.702,3.7125000000000004,11,4,0.38265306122448983,Weak
TEC-AC-10003441,Kingston Digital DataTraveler 32GB USB 2.0,159.32999999999998,0.0,10,4,0.0,Weak
TEC-AC-10003447,Micropad Numeric Keypads,119.94,29.985,6,2,0.25,Weak
TEC-AC-10003499,Memorex Mini Travel Drive 8 GB USB 2.0 Flash Drive,138.95999999999998,40.0668,14,3,0.2883333333333334,Winner
TEC-AC-10003590,"TRENDnet 56K USB 2.0 Phone, Internet and Fax Modem",585.1139999999999,204.0132,23,4,0.3486725663716815,Star
TEC-AC-10003610,Logitech Illuminated - Keyboard,1139.81,515.914,20,6,0.45263157894736844,Star
TEC-AC-10003614,"Verbatim 25 GB 6x Blu-ray Single Layer Recordable Disc, 10/Pack",132.126,38.9424,12,4,0.29473684210526313,Winner
TEC-AC-10003628,Logitech 910-002974 M325 Wireless Mouse for Web Scrolling,1319.56,496.6344,49,14,0.3763636363636364,Star
TEC-AC-10003657,Lenovo 17-Key USB Numeric Keypad,312.70799999999997,21.073800000000002,11,4,0.0673913043478261,Volume
TEC-AC-10003709,Maxell 4.7GB DVD-R 5/Pack,18.018,6.93,20,4,0.3846153846153846,Weak
TEC-AC-10003832,Imation 16GB Mini TravelDrive USB 2.0 Flash Drive,795.12,267.3591,27,7,0.33625,Star
TEC-AC-10003832,Logitech P710e Mobile Speakerphone,5561.784000000001,764.7452999999999,23,7,0.13749999999999998,Star
TEC-AC-10003870,Logitech Z-906 Speaker sys - home theater - 5.1-CH,3959.88,1583.952,12,3,0.39999999999999997,Star
TEC-AC-10003911,NETGEAR AC1750 Dual Band Gigabit Smart WiFi Router,2143.866,559.9649999999999,15,4,0.26119402985074625,Star
TEC-AC-10004001,Logitech Wireless Headset H600 Over-The-Head Design,386.90999999999997,133.269,10,2,0.3444444444444445,Star
TEC-AC-10004114,KeyTronic 6101 Series - Keyboard - Black,360.712,127.06899999999999,10,2,0.35227272727272724,Star
TEC-AC-10004127,SanDisk Cruzer 8 GB USB Flash Drive,27.168,-1.3584,4,1,-0.05,Weak
TEC-AC-10004145,Logitech diNovo Edge Keyboard,5999.76,1379.9448,24,4,0.22999999999999998,Star
TEC-AC-10004171,Razer Kraken 7.1 Surround Sound Over Ear USB Gaming Headset,2619.738,995.9004,29,6,0.3801526717557252,Star
TEC-AC-10004209,Memorex Froggy Flash Drive 4 GB,114.29599999999999,33.849199999999996,12,4,0.29615384615384616,Weak
TEC-AC-10004227,SanDisk Ultra 16 GB MicroSDHC Class 10 Memory Card,267.594,-37.671,25,6,-0.1407766990291262,Volume
TEC-AC-10004353,Hypercom P1300 Pinpad,1108.8,275.31,21,7,0.24829545454545457,Star
TEC-AC-10004396,Logitech Keyboard K120,101.64,-11.4345,7,2,-0.1125,Weak
TEC-AC-10004420,Cherry 142-key Programmable Keyboard,479.72,52.7692,4,1,0.10999999999999999,Star
TEC-AC-10004469,Microsoft Sculpt Comfort Mouse,1070.66,421.872,29,7,0.3940298507462686,Star
TEC-AC-10004510,Logitech Desktop MK120 Mouse and keyboard Combo,638.04,34.356,41,10,0.05384615384615385,Volume
TEC-AC-10004518,Memorex Mini Travel Drive 32 GB USB 2.0 Flash Drive,160.0,62.4,8,1,0.39,Winner
TEC-AC-10004568,Maxell LTO Ultrium - 800 GB,677.358,87.8886,26,5,0.12975206611570247,Star
TEC-AC-10004571,Logitech G700s Rechargeable Gaming Mouse,2239.776,847.9152,24,8,0.3785714285714286,Star
TEC-AC-10004595,First Data TMFD35 PIN Pad,571.2,119.952,4,2,0.21,Star
TEC-AC-10004633,"Verbatim 25 GB 6x Blu-ray Single Layer Recordable Disc, 3/Pack",184.536,67.104,30,6,0.36363636363636365,Winner
TEC-AC-10004659,Imation Secure+ Hardware Encrypted USB 2.0 Flash Drive; 16GB,1926.9360000000001,408.744,32,5,0.21212121212121213,Star
TEC-AC-10004666,Maxell iVDR EX 500GB Cartridge,2755.4,1184.8220000000001,10,2,0.43000000000000005,Star
TEC-AC-10004708,Sony 32GB Class 10 Micro SDHC R40 Memory Card,251.4,52.794,12,4,0.21,Star
TEC-AC-10004761,Maxell 4.7GB DVD+RW 3/Pack,232.57799999999997,77.26050000000001,15,3,0.33219178082191786,Winner
TEC-AC-10004803,Sony Micro Vault Click 4 GB USB 2.0 Flash Drive,250.92000000000002,35.1288,18,3,0.13999999999999999,Volume
TEC-AC-10004855,V7 USB Numeric Keypad,461.868,-58.7832,16,4,-0.1272727272727273,Volume
TEC-AC-10004859,"Maxell Pro 80 Minute CD-R, 10/Pack",132.84799999999998,48.943999999999996,8,2,0.368421052631579,Winner
TEC-AC-10004864,Memorex Micro Travel Drive 32 GB,284.778,97.4817,9,3,0.3423076923076923,Star
TEC-AC-10004877,Imation 30456 USB Flash Drive 8GB,106.25999999999999,4.692,16,3,0.044155844155844164,Weak
TEC-AC-10004901,Kensington SlimBlade Notebook Wireless Mouse with Nano Receiver,509.898,113.97720000000001,12,3,0.2235294117647059,Star
TEC-AC-10004975,Plantronics Audio 995 Wireless Stereo Headset,1913.13,587.1329999999999,18,4,0.3068965517241379,Star
TEC-AC-10004992,Kingston Digital DataTraveler 64GB USB 2.0,202.68,16.2144,6,2,0.08,Weak
TEC-CO-10000971,Hewlett Packard 310 Color Digital Copier,2939.902,629.979,11,3,0.2142857142857143,Star
TEC-CO-10001046,Canon Imageclass D680 Copier / Fax,5319.924000000001,1854.9734999999998,9,3,0.3486842105263157,Star
TEC-CO-10001449,Hewlett Packard LaserJet 3310 Copier,15839.735999999999,5543.9076,33,7,0.35,Star
TEC-CO-10001571,Sharp 1540cs Digital Laser Copier,3959.928,1484.973,9,6,0.375,Star
TEC-CO-10001766,Canon PC940 Copier,5669.874,2092.4535,15,3,0.36904761904761907,Star
TEC-CO-10001943,Canon PC-428 Personal Copier,1399.9299999999998,339.983,10,3,0.24285714285714288,Star
TEC-CO-10002095,Hewlett Packard 610 Color Digital Copier / Printer,8899.822,3124.9375,21,7,0.35112359550561795,Star
TEC-CO-10002313,Canon PC1080F Personal Copier,5399.91,1739.971,10,3,0.32222222222222224,Star
TEC-CO-10003236,Canon Image Class D660 Copier,3959.9339999999997,1691.9718,7,2,0.4272727272727273,Star
TEC-CO-10003763,Canon PC1060 Personal Laser Copier,11619.833999999999,4570.9347,19,4,0.39337349397590365,Star
TEC-CO-10004115,Sharp AL-1530CS Digital Copier,3599.9280000000003,1049.979,10,3,0.29166666666666663,Star
TEC-CO-10004202,Brother DCP1000 Digital 3 in 1 Multifunction Machine,4139.862,1019.966,16,6,0.24637681159420288,Star
TEC-CO-10004722,Canon imageCLASS 2200 Advanced Copier,61599.824,25199.928,20,5,0.40909090909090906,Star
TEC-MA-10000010,Hewlett-Packard Deskjet 3050a All-in-One Color Inkjet Printer,3040.0,1459.2,8,1,0.48000000000000004,Star
TEC-MA-10000029,"Epson WorkForce WF-2530 All-in-One Printer, Copier Scanner",209.97,90.2871,3,1,0.43,Winner
TEC-MA-10000045,Zebra ZM400 Thermal Label Printer,6965.700000000001,3343.536,6,2,0.48,Star
TEC-MA-10000112,Panasonic KX MB2061 Multifunction Printer,2396.4,179.73,10,1,0.075,Star
TEC-MA-10000418,Cubify CubeX 3D Printer Double Head Print,6599.978,-2279.9924,4,2,-0.34545454545454546,Volume
TEC-MA-10000423,Texas Instruments TI-34 Scientific Calculator,204.507,64.6506,12,3,0.3161290322580645,Winner
TEC-MA-10000488,Bady BDG101FRU Card Printer,9279.884,1327.9834,14,4,0.14310344827586208,Star
TEC-MA-10000752,Texas Instrument TI-15 Fraction Calculator,41.905,-20.519,8,2,-0.489655172413793,Weak
TEC-MA-10000822,Lexmark MX611dhe Monochrome Laser Printer,16829.901,-4589.973,18,4,-0.2727272727272727,Volume
TEC-MA-10000864,Cisco 9971 IP Video Phone Charcoal,4268.0,466.4,16,2,0.10927835051546392,Star
TEC-MA-10000904,"Brother MFC-9340CDW LED All-In-One Printer, Copier Scanner",341.991,-319.1916,3,1,-0.9333333333333333,Volume
TEC-MA-10000984,Okidata MB760 Printer,4476.8,503.64,4,1,0.11249999999999999,Star
TEC-MA-10001016,Canon PC170 Desktop Personal Copier,575.82,67.179,6,2,0.11666666666666665,Star
TEC-MA-10001031,Socket Bluetooth Cordless Hand Scanner (CHS),506.28,177.198,3,1,0.35000000000000003,Star
TEC-MA-10001047,"3D Systems Cube Printer, 2nd Generation, Magenta",14299.89,3717.9714000000004,11,2,0.26,Star
TEC-MA-10001127,"HP Designjet T520 Inkjet Large Format Printer - 24"" Color",18374.895,4094.9766,12,3,0.22285714285714284,Star
TEC-MA-10001148,Okidata MB491 Multifunction Printer,2844.2999999999997,-434.13,9,2,-0.15263157894736842,Volume
TEC-MA-10001148,Swingline SM12-08 MicroCut Jam Free Shredder,2359.9410000000003,-447.9888,13,3,-0.18983050847457625,Volume
TEC-MA-10001681,Lexmark MarkNet N8150 Wireless Print Server,723.51,-506.457,6,2,-0.7,Volume
TEC-MA-10001695,Zebra GK420t Direct Thermal/Thermal Transfer Printer,703.71,-938.28,6,1,-1.3333333333333333,Volume
TEC-MA-10001856,Okidata C610n Printer,649.0,-272.58,2,1,-0.42,Volume
TEC-MA-10001972,Okidata C331dn Printer,2652.4,69.80000000000001,10,4,0.026315789473684213,Star
TEC-MA-10002073,"3D Systems Cube Printer, 2nd Generation, White",2339.982,-467.9964,3,2,-0.2,Volume
TEC-MA-10002109,"HP Officejet Pro 8600 e-All-In-One Printer, Copier, Scanner, Fax",449.97,47.9968,4,2,0.10666666666666666,Star
TEC-MA-10002178,Cisco CP-7937G Unified IP Conference Station Phone,1391.4,-55.656,4,2,-0.039999999999999994,Volume
TEC-MA-10002210,Epson TM-T88V Direct Thermal Printer - Monochrome - Desktop,1212.705,-1057.23,10,2,-0.8717948717948719,Volume
TEC-MA-10002412,Cisco TelePresence System EX90 Videoconferencing Unit,22638.48,-1811.0784,6,1,-0.08,Volume
TEC-MA-10002428,Fellowes Powershred HS-440 4-Sheet High Security Shredder,2076.866,883.443,14,2,0.4253731343283582,Star
TEC-MA-10002694,Hewlett-Packard Deskjet F4180 All-in-One Color Ink-jet - Printer / copier / scanner,101.994,-71.3958,2,1,-0.7,Weak
TEC-MA-10002790,NeatDesk Desktop Scanner & Digital Filing System,479.988,55.9986,2,1,0.11666666666666667,Star
TEC-MA-10002859,Ativa MDM8000 8-Sheet Micro-Cut Shredder,287.968,97.1892,4,1,0.33749999999999997,Star
TEC-MA-10002927,Canon imageCLASS MF7460 Monochrome Digital Laser Multifunction Copier,3991.98,1995.99,2,1,0.5,Star
TEC-MA-10002930,Ricoh - Ink Collector Unit for GX3000 Series Printers,465.64500000000004,36.916,14,3,0.07927927927927926,Star
TEC-MA-10002981,I.R.I.S IRISCard Anywhere 5 Card Scanner,350.973,152.0883,3,1,0.43333333333333335,Star
TEC-MA-10003173,Hewlett-Packard 300S Scientific Calculator,131.1,60.306,10,2,0.46,Winner
TEC-MA-10003176,Okidata B400 Printer,1029.6,115.83,3,2,0.1125,Star
TEC-MA-10003183,DYMO CardScan Personal V9 Business Card Scanner,1343.9160000000002,463.971,11,3,0.3452380952380952,Star
TEC-MA-10003230,Okidata C610n Printer,1362.9,-19.47,3,1,-0.014285714285714284,Volume
TEC-MA-10003246,Hewlett-Packard Deskjet D4360 Printer,447.968,139.99,4,1,0.3125,Star
TEC-MA-10003329,"Vtech AT&T CL2940 Corded Speakerphone, Black",71.976,24.2919,3,1,0.33749999999999997,Weak
TEC-MA-10003337,Okidata B401 Printer,179.991,-251.9874,3,1,-1.4,Weak
TEC-MA-10003353,Xerox WorkCentre 6505DN Laser Multifunction Printer,2519.958,-251.9958,7,1,-0.09999999999999999,Volume
TEC-MA-10003356,Panasonic KX MC6040 Color Laser Multifunction Printer,1619.82,-22.497500000000002,5,2,-0.013888888888888892,Volume
TEC-MA-10003493,Penpower WorldCard Pro Card Scanner,91.475,-1.8295,1,1,-0.02,Weak
TEC-MA-10003589,Cisco 8961 IP Phone Charcoal,224.937,-164.9538,3,1,-0.7333333333333333,Weak
TEC-MA-10003626,Hewlett-Packard Deskjet 6540 Color Inkjet Printer,1396.21,139.621,6,2,0.1,Star
TEC-MA-10003673,Hewlett-Packard Desktjet 6988DT Refurbished Printer,3404.5,1668.205,5,1,0.49,Star
TEC-MA-10003674,Hewlett-Packard Deskjet 5550 Printer,597.132,49.761,3,1,0.08333333333333334,Star
TEC-MA-10003979,Ativa V4110MDD Micro-Cut Shredder,7699.89,3772.9461,11,2,0.49,Star
TEC-MA-10004002,Zebra GX420t Direct Thermal/Thermal Transfer Printer,5787.355,509.712,14,3,0.08807339449541285,Star
TEC-MA-10004086,Plantronics Single Ear Headset,29.925,-21.945,5,1,-0.7333333333333333,Weak
TEC-MA-10004125,Cubify CubeX 3D Printer Triple Head Print,7999.98,-3839.9904,4,1,-0.48000000000000004,Volume
TEC-MA-10004241,Star Micronics TSP800 TSP847IIU Receipt Printer,600.53,137.264,2,1,0.2285714285714286,Star
TEC-MA-10004255,Konica Minolta magicolor 1690MF Multifunction Printer,319.92,118.3704,8,1,0.37,Star
TEC-MA-10004458,Lexmark X 9575 Professional All-in-One Color Printer,396.0,190.08,4,1,0.48000000000000004,Star
TEC-MA-10004521,Epson Perfection V600 Photo Scanner,206.991,-172.4925,3,1,-0.8333333333333333,Weak
TEC-MA-10004552,Star Micronics TSP100 TSP143LAN Receipt Printer,1035.8,269.308,4,1,0.26,Star
TEC-MA-10004626,Lexmark 20R1285 X6650 Wireless All-in-One Printer,600.0,218.4,6,2,0.364,Star
TEC-MA-10004679,StarTech.com 10/100 VDSL2 Ethernet Extender Kit,1331.8,-585.992,8,3,-0.44,Volume
TEC-PH-10000004,Belkin iPhone and iPad Lightning Cable,11.992,0.8994,1,1,0.075,Weak
TEC-PH-10000011,PureGear Roll-On Screen Protector,511.744,189.5052,31,4,0.3703125,Star
TEC-PH-10000038,Jawbone MINI JAMBOX Wireless Bluetooth Speaker,1369.8000000000002,-208.2096,12,3,-0.15199999999999997,Volume
TEC-PH-10000127,iOttie XL Car Mount,223.88799999999998,-50.3748,14,2,-0.22500000000000003,Weak
TEC-PH-10000141,Clearsounds A400,329.95,-11.878200000000001,7,2,-0.036000000000000004,Volume
TEC-PH-10000148,Cyber Acoustics AC-202b Speech Recognition Stereo Headset,103.91999999999999,-10.6518,9,4,-0.10250000000000001,Weak
TEC-PH-10000149,Cisco SPA525G2 IP Phone - Wireless,295.26,44.289,17,3,0.15000000000000002,Star
TEC-PH-10000169,ARKON Windshield Dashboard Air Vent Car Mount Holder,216.95999999999998,-15.594000000000001,14,4,-0.07187500000000001,Weak
TEC-PH-10000193,Jensen SMPS-640 - speaker phone,496.584,88.28160000000001,12,4,0.1777777777777778,Star
TEC-PH-10000213,Seidio BD2-HK3IPH5-BK DILEX Case and Holster Combo for Apple iPhone 5/5s - Black,272.88800000000003,27.288800000000002,11,3,0.09999999999999999,Volume
TEC-PH-10000215,Plantronics Cordless Phone Headset with In-line Volume - M214C,908.7,219.8355,27,6,0.2419230769230769,Star
TEC-PH-10000307,Shocksock Galaxy S4 Armband,63.510000000000005,-10.074,7,3,-0.1586206896551724,Weak
TEC-PH-10000347,Cush Cases Heavy Duty Rugged Cover Case for Samsung Galaxy S5 - Purple,65.34,3.9105000000000003,17,6,0.05984848484848485,Weak
TEC-PH-10000369,HTC One Mini,2041.038,317.4948,19,4,0.15555555555555556,Star
TEC-PH-10000376,Square Credit Card Reader,145.854,5.3946000000000005,19,5,0.036986301369863014,Weak
TEC-PH-10000439,GE DSL Phone Line Filter,239.94,41.1897,7,3,0.1716666666666667,Star
TEC-PH-10000441,VTech DS6151,2318.2160000000003,413.2472,21,5,0.17826086956521736,Star
TEC-PH-10000455,GE 30522EE2,1159.9,336.371,10,3,0.29,Star
TEC-PH-10000486,Plantronics HL10 Handset Lifter,371.168,41.7564,4,1,0.1125,Star
TEC-PH-10000526,Vtech CS6719,1113.484,145.9048,14,4,0.1310344827586207,Star
TEC-PH-10000560,Samsung Galaxy S III - 16GB - pebble blue (T-Mobile),7139.796,83.99760000000003,28,6,0.011764705882352946,Star
TEC-PH-10000562,Samsung Convoy 3,688.138,-31.077199999999998,9,2,-0.04516129032258064,Volume
TEC-PH-10000576,AT&T 1080 Corded phone,1068.522,68.495,10,5,0.06410256410256411,Star
TEC-PH-10000586,AT&T SB67148 SynJ,369.544,80.5078,6,2,0.2178571428571429,Star
TEC-PH-10000673,Plantronics Voyager Pro HD - Bluetooth Headset,675.896,304.15319999999997,11,4,0.44999999999999996,Star
TEC-PH-10000675,Panasonic KX TS3282B Corded phone,590.328,44.2746,9,3,0.075,Star
TEC-PH-10000702,"Square Credit Card Reader, 4 1/2"" x 4 1/2"" x 1"", White",197.802,54.8451,27,5,0.2772727272727273,Winner
TEC-PH-10000730,Samsung Galaxy S4 Active,3999.92,1039.9792,8,2,0.26,Star
TEC-PH-10000895,Polycom VVX 310 VoIP phone,4931.726,802.7554,31,6,0.16277372262773723,Star
TEC-PH-10000923,"Belkin SportFit Armband For iPhone 5s/5c, Fuchsia",239.84,79.29709999999999,21,5,0.33062499999999995,Star
TEC-PH-10000984,Panasonic KX-TG9471B,3410.226,729.0828,19,5,0.21379310344827587,Star
TEC-PH-10001051,HTC One,1119.888,125.9874,14,4,0.1125,Star
TEC-PH-10001061,Apple iPhone 5C,1339.866,229.977,15,4,0.17164179104477612,Star
TEC-PH-10001079,Polycom SoundPoint Pro SE-225 Corded phone,1499.274,299.8548,14,2,0.2,Star
TEC-PH-10001128,Motorola Droid Maxx,2609.826,341.9772,21,4,0.13103448275862067,Star
TEC-PH-10001198,Avaya 4621SW VoIP phone,354.96,39.933,6,2,0.1125,Star
TEC-PH-10001254,Jabra BIZ 2300 Duo QD Duo Corded Headset,914.328,68.5746,9,3,0.07500000000000001,Star
TEC-PH-10001299,Polycom CX300 Desktop Phone USB VoIP phone,1319.912,23.9984,12,4,0.01818181818181818,Volume
TEC-PH-10001300,"iKross Bluetooth Portable Keyboard + Cell Phone Stand Holder + Brush for Apple iPhone 5S 5C 5, 4S 4",234.64000000000001,53.632,12,3,0.22857142857142854,Winner
TEC-PH-10001305,Panasonic KX TS208W Corded phone,1087.578,135.2124,27,5,0.12432432432432433,Star
TEC-PH-10001336,Digium D40 VoIP phone,1909.0520000000001,352.1427,17,6,0.18445945945945944,Star
TEC-PH-10001363,Apple iPhone 5S,3989.9300000000003,398.99300000000005,9,3,0.1,Star
TEC-PH-10001425,Mophie Juice Pack Helium for iPhone,1583.8020000000001,201.57479999999998,24,6,0.12727272727272726,Star
TEC-PH-10001433,Cisco Small Business SPA 502G VoIP phone,882.102,58.4649,11,4,0.06627906976744186,Star
TEC-PH-10001448,Anker Astro 15000mAh USB Portable Charger,599.88,-23.995199999999997,13,5,-0.039999999999999994,Volume
TEC-PH-10001459,Samsung Galaxy Mega 6.3,13943.668,1822.7566,39,6,0.13072289156626507,Star
TEC-PH-10001494,Polycom CX600 IP Phone VoIP phone,4619.2300000000005,896.8505000000001,17,4,0.19415584415584416,Star
TEC-PH-10001527,Plantronics MX500i Earset,489.63,-10.308,12,6,-0.021052631578947368,Volume
TEC-PH-10001530,Cisco Unified IP Phone 7945G VoIP phone,3273.504,204.594,12,3,0.0625,Star
TEC-PH-10001530,Plantronics Voyager Pro Legend,1359.534,173.0316,8,3,0.12727272727272726,Star
TEC-PH-10001536,Spigen Samsung Galaxy S5 Case Wallet,180.094,41.7954,11,4,0.2320754716981132,Winner
TEC-PH-10001552,I Need's 3d Hello Kitty Hybrid Silicone Case Cover for HTC One X 4g with 3d Hello Kitty Stylus Pen Green/pink,394.68,67.4544,38,7,0.17090909090909093,Star
TEC-PH-10001557,Pyle PMP37LED,2361.3540000000003,469.3911,27,8,0.19878048780487803,Star
TEC-PH-10001578,Polycom SoundStation2 EX Conference phone,3968.5099999999998,518.336,12,4,0.1306122448979592,Star
TEC-PH-10001580,Logitech Mobile Speakerphone P710e - speaker phone,1160.828,175.474,10,3,0.1511627906976744,Star
TEC-PH-10001615,AT&T CL82213,481.234,131.3247,17,5,0.2728915662650603,Star
TEC-PH-10001619,LG G3,1646.316,393.9399,9,3,0.2392857142857143,Star
TEC-PH-10001644,"BlueLounge Milo Smartphone Stand, White/Metallic",335.888,76.7744,12,3,0.2285714285714286,Star
TEC-PH-10001700,Panasonic KX-TG6844B Expandable Digital Cordless Telephone,1135.028,75.2286,22,7,0.06627906976744186,Star
TEC-PH-10001750,Samsung Rugby III,989.85,122.7414,18,6,0.124,Star
TEC-PH-10001760,Bose SoundLink Bluetooth Speaker,2507.4,925.3499999999999,15,4,0.369047619047619,Star
TEC-PH-10001795,ClearOne CHATAttach 160 - speaker phone,5951.904,1177.981,11,3,0.19791666666666666,Star
TEC-PH-10001809,Panasonic KX T7736-B Digital phone,959.68,59.97999999999999,8,4,0.06249999999999999,Star
TEC-PH-10001817,Wilson Electronics DB Pro Signal Booster,5155.2,189.74,19,6,0.03680555555555556,Star
TEC-PH-10001819,Innergie mMini Combo Duo USB Travel Charging Kit,404.90999999999997,170.962,10,4,0.4222222222222222,Star
TEC-PH-10001835,Jawbone JAMBOX Wireless Bluetooth Speaker,631.96,303.3408,4,1,0.48,Star
TEC-PH-10001870,Lunatik TT5L-002 Taktik Strike Impact Protection System for iPhone 5,134.70600000000002,-3.0614999999999997,3,2,-0.02272727272727272,Weak
TEC-PH-10001918,Nortel Business Series Terminal T7208 Digital phone,1000.728,100.0728,9,3,0.1,Star
TEC-PH-10001924,iHome FM Clock Radio with Lightning Dock,419.93999999999994,0.0,8,4,0.0,Volume
TEC-PH-10001944,Wi-Ex zBoost YX540 Cellular Phone Signal Booster,2364.39,525.42,18,5,0.2222222222222222,Star
TEC-PH-10002033,Konftel 250 Conference phone - Charcoal black,1310.172,256.338,5,3,0.1956521739130435,Star
TEC-PH-10002070,Griffin GC36547 PowerJolt SE Lightning Charger,175.422,17.992,10,3,0.10256410256410257,Weak
TEC-PH-10002075,AT&T EL51110 DECT,377.97,109.6113,3,1,0.29,Star
TEC-PH-10002085,Clarity 53712,382.742,40.913799999999995,7,3,0.10689655172413791,Star
TEC-PH-10002103,Jabra SPEAK 410,3158.064,654.1704,37,9,0.20714285714285716,Star
TEC-PH-10002114,Xiaomi Mi3,2279.96,592.7896,4,1,0.25999999999999995,Star
TEC-PH-10002115,Plantronics 81402,844.672,112.18299999999999,15,4,0.1328125,Star
TEC-PH-10002170,ClearSounds CSC500 Amplified Spirit Phone Corded phone,909.87,103.58520000000001,16,5,0.11384615384615386,Star
TEC-PH-10002185,QVS USB Car Charger 2-Port 2.1Amp for iPod/iPhone/iPad/iPad 2/iPad 3,79.22999999999999,29.537499999999998,13,5,0.3728070175438597,Weak
TEC-PH-10002200,Aastra 6757i CT Wireless VoIP phone,2240.576,405.0272,12,5,0.18076923076923077,Star
TEC-PH-10002200,Samsung Galaxy Note 2,4507.902,-128.79719999999998,14,2,-0.028571428571428567,Volume
TEC-PH-10002262,LG Electronics Tone+ HBS-730 Bluetooth Headset,797.434,154.726,15,3,0.19402985074626866,Star
TEC-PH-10002275,Mitel 5320 IP Phone VoIP phone,1209.536,120.9536,8,3,0.09999999999999999,Star
TEC-PH-10002293,Anker 36W 4-Port USB Wall Charger Travel Power Adapter for iPhone 5s 5c 5,339.83,23.1884,22,6,0.06823529411764706,Volume
TEC-PH-10002310,Panasonic KX T7731-B Digital phone,659.934,75.9924,8,3,0.11515151515151516,Star
TEC-PH-10002310,Plantronics Calisto P620-M USB Wireless Speakerphone System,2508.672,505.6542,14,4,0.2015625,Star
TEC-PH-10002350,Apple EarPods with Remote and Mic,251.91,50.382,10,4,0.19999999999999998,Star
TEC-PH-10002352,Avaya IP Phone 1140E VoIP phone,1394.95,362.687,5,1,0.26,Star
TEC-PH-10002365,Belkin Grip Candy Sheer Case / Cover for iPhone 5 and 5S,64.972,12.994399999999999,8,3,0.2,Weak
TEC-PH-10002398,AT&T 1070 Corded Phone,891.92,111.49,10,2,0.125,Star
TEC-PH-10002415,Polycom VoiceStation 500 Conference phone,3657.38,339.1925,15,5,0.09274193548387097,Star
TEC-PH-10002447,AT&T CL83451 4-Handset Telephone,1936.306,473.777,10,4,0.24468085106382978,Star
TEC-PH-10002468,"Plantronics CS 50-USB - headset - Convertible, Monaural",1468.692,178.1469,13,5,0.12129629629629629,Star
TEC-PH-10002483,Motorola Moto X,1631.952,142.79579999999999,6,2,0.0875,Star
TEC-PH-10002496,Cisco SPA301,2183.86,327.57899999999995,17,7,0.14999999999999997,Star
TEC-PH-10002538,Grandstream GXP1160 VoIP phone,447.338,97.42869999999998,13,4,0.21779661016949148,Star
TEC-PH-10002549,Polycom SoundPoint IP 450 VoIP phone,3162.04,-13.551600000000008,19,5,-0.0042857142857142885,Volume
TEC-PH-10002555,Nortel Meridian M5316 Digital phone,1450.12,300.382,6,2,0.20714285714285716,Star
TEC-PH-10002563,Adtran 1202752G1,1688.266,289.777,15,4,0.17164179104477612,Star
TEC-PH-10002564,OtterBox Defender Series Case - Samsung Galaxy S4,401.866,86.971,15,5,0.2164179104477612,Star
TEC-PH-10002583,iOttie HLCRIO102 Car Mount,215.892,-11.994,12,5,-0.05555555555555555,Weak
TEC-PH-10002584,Samsung Galaxy S4,4131.534,187.797,9,3,0.045454545454545456,Star
TEC-PH-10002597,Xblue XB-1670-86 X16 Small Office Telephone - Titanium,503.96,125.99,4,1,0.25,Star
TEC-PH-10002624,Samsung Galaxy S4 Mini,3477.9260000000004,474.68989999999997,9,3,0.13648648648648645,Star
TEC-PH-10002645,LG G2,1499.97,-374.9925,5,1,-0.25,Volume
TEC-PH-10002660,Nortel Networks T7316 E Nt8 B27,1876.524,397.7415,29,6,0.21195652173913043,Star
TEC-PH-10002680,Samsung Galaxy Note 3,1495.932,-43.998000000000005,10,2,-0.029411764705882356,Volume
TEC-PH-10002726,netTALK DUO VoIP Telephone Service,734.8599999999999,288.695,17,6,0.3928571428571429,Star
TEC-PH-10002789,LG Exalt,124.792,10.9193,1,1,0.0875,Weak
TEC-PH-10002807,Motorla HX550 Universal Bluetooth Headset,324.31,106.785,11,3,0.32926829268292684,Star
TEC-PH-10002817,RCA ViSYS 25425RE1 Corded phone,323.976,36.4473,3,1,0.11249999999999999,Star
TEC-PH-10002824,Jabra SPEAK 410 Multidevice Speakerphone,2018.702,10.299500000000009,13,3,0.005102040816326535,Volume
TEC-PH-10002834,Google Nexus 5,1295.928,80.9955,9,3,0.0625,Star
TEC-PH-10002844,Speck Products Candyshell Flip Case,132.962,-22.3936,6,3,-0.16842105263157894,Weak
TEC-PH-10002885,Apple iPhone 5,12996.600000000002,1611.5784,24,6,0.12399999999999999,Star
TEC-PH-10002890,AT&T 17929 Lendline Telephone,1094.808,123.95759999999999,29,8,0.11322314049586775,Star
TEC-PH-10002922,ShoreTel ShorePhone IP 230 VoIP phone,2906.628,422.475,21,4,0.14534883720930233,Star
TEC-PH-10002923,"Logitech B530 USB Headset - headset - Full size, Binaural",562.248,49.1967,19,8,0.0875,Star
TEC-PH-10003012,Nortel Meridian M3904 Professional Digital phone,3295.3860000000004,671.3964,24,7,0.20373831775700932,Star
TEC-PH-10003072,Panasonic KX-TG9541B DECT 6.0 Digital 2-Line Expandable Cordless Phone With Digital Answering System,2789.8140000000003,1106.9262,22,4,0.3967741935483871,Star
TEC-PH-10003092,Motorola L804,533.484,-21.615300000000005,17,5,-0.04051724137931035,Volume
TEC-PH-10003095,Samsung HM1900 Bluetooth Headset,491.68,195.355,27,7,0.39732142857142855,Star
TEC-PH-10003171,Plantronics Encore H101 Dual Earpieces Headset,521.42,100.688,13,6,0.1931034482758621,Star
TEC-PH-10003174,RCA ViSYS 25825 Wireless digital phone,415.968,51.996,4,1,0.125,Star
TEC-PH-10003187,Anker Astro Mini 3000mAh Ultra-Compact Portable Charger,147.926,-31.984,9,4,-0.21621621621621626,Weak
TEC-PH-10003215,Jackery Bar Premium Fast-charging Portable Charger,467.22,192.279,18,4,0.4115384615384615,Star
TEC-PH-10003273,AT&T TR1909W,1436.286,317.4948,12,3,0.22105263157894736,Star
TEC-PH-10003356,"SmartStand Mobile Device Holder, Assorted Colors",30.756,5.5920000000000005,5,2,0.18181818181818182,Weak
TEC-PH-10003357,Grandstream GXP2100 Mainstream Business Phone,596.6220000000001,45.894000000000005,10,4,0.07692307692307693,Star
TEC-PH-10003437,Blue Parrot B250XT Professional Grade Wireless Bluetooth Headset with,1229.836,127.483,21,4,0.10365853658536586,Star
TEC-PH-10003442,Samsung Replacement EH64AVFWE Premium Headset,60.5,11.0,12,3,0.18181818181818182,Weak
TEC-PH-10003484,Ooma Telo VoIP Home Phone System,2015.8400000000001,314.975,18,5,0.15625,Star
TEC-PH-10003505,Geemarc AmpliPOWER60,1985.9199999999998,141.056,28,6,0.07102803738317758,Star
TEC-PH-10003535,RCA ViSYS 25423RE1 Corded phone,159.984,13.9986,2,1,0.0875,Weak
TEC-PH-10003555,Motorola HK250 Universal Bluetooth Headset,795.454,-83.2238,39,8,-0.1046242774566474,Volume
TEC-PH-10003580,Cisco IP Phone 7961G-GE VoIP phone,1992.536,-62.8082,13,3,-0.03152173913043478,Volume
TEC-PH-10003589,invisibleSHIELD by ZAGG Smudge-Free Screen Protector,237.468,87.7912,16,4,0.36969696969696975,Winner
TEC-PH-10003601,"Ativa D5772 2-Line 5.8GHz Digital Expandable Corded/Cordless Phone System with Answering & Caller ID/Call Waiting, Black/Silver",1979.88,593.964,12,4,0.3,Star
TEC-PH-10003645,Aastra 57i VoIP phone,1939.32,265.0404,14,5,0.13666666666666666,Star
TEC-PH-10003655,Sannysis Cute Owl Design Soft Skin Case Cover for Samsung Galaxy S4,13.86,2.2967999999999997,8,2,0.1657142857142857,Weak
TEC-PH-10003691,BlackBerry Q10,2293.018,497.6605,19,5,0.21703296703296704,Star
TEC-PH-10003800,i.Sound Portable Power - 8000 mAh,307.34200000000004,-59.878699999999995,7,4,-0.1948275862068965,Volume
TEC-PH-10003811,Jabra Supreme Plus Driver Edition Headset,2159.82,259.1784,22,5,0.12,Star
TEC-PH-10003875,KLD Oscar II Style Snap-on Ultra Thin Side Flip Synthetic Leather Cover Case for HTC One HTC M7,58.32,16.9128,6,2,0.29000000000000004,Weak
TEC-PH-10003885,Cisco SPA508G,712.692,150.4572,12,4,0.2111111111111111,Star
TEC-PH-10003931,JBL Micro Wireless Portable Bluetooth Speaker,671.888,41.993,14,5,0.0625,Star
TEC-PH-10003963,GE 2-Jack Phone Line Splitter,1112.346,45.317800000000005,7,2,0.040740740740740744,Star
TEC-PH-10003988,"LF Elite 3D Dazzle Designer Hard Case Cover, Lf Stylus Pen and Wiper For Apple Iphone 5c Mini Lite",218.0,37.496,23,7,0.17200000000000001,Winner
TEC-PH-10004006,Panasonic KX - TS880B Telephone,453.41999999999996,122.4234,11,3,0.27,Star
TEC-PH-10004042,ClearOne Communications CHAT 70 OC Speaker Phone,540.566,69.9556,4,2,0.12941176470588237,Star
TEC-PH-10004071,PayAnywhere Card Reader,199.8,17.4825,25,5,0.08750000000000001,Weak
TEC-PH-10004080,Avaya 5410 Digital phone,516.7239999999999,-21.756800000000002,11,3,-0.04210526315789474,Volume
TEC-PH-10004093,Panasonic Kx-TS550,653.058,65.30579999999999,18,5,0.09999999999999999,Star
TEC-PH-10004094,Motorola L703CM,4211.73,467.97,32,6,0.11111111111111113,Star
TEC-PH-10004100,Griffin GC17055 Auxiliary Audio Cable,338.212,40.2976,23,5,0.11914893617021277,Star
TEC-PH-10004120,AT&T 1080 Phone,1589.084,271.24019999999996,13,3,0.17068965517241377,Star
TEC-PH-10004165,Mitel MiVoice 5330e IP Phone,6104.778,813.9703999999999,26,7,0.1333333333333333,Star
TEC-PH-10004188,OtterBox Commuter Series Case - Samsung Galaxy S4,244.90200000000002,-24.490199999999998,11,3,-0.09999999999999999,Volume
TEC-PH-10004241,Nokia Lumia 1020,1439.968,143.9968,4,1,0.1,Star
TEC-PH-10004345,Cisco SPA 502G IP Phone,2063.14,299.875,21,5,0.14534883720930233,Star
TEC-PH-10004348,OtterBox Defender Series Case - iPhone 5c,133.128,3.6979999999999995,5,2,0.027777777777777776,Weak
TEC-PH-10004389,Nokia Lumia 925,1310.296,284.7374,11,3,0.21730769230769229,Star
TEC-PH-10004434,Cisco IP Phone 7961G VoIP phone - Dark gray,1250.74,188.97050000000002,11,2,0.15108695652173915,Star
TEC-PH-10004447,Toshiba IPT2010-SD IP Telephone,3057.7799999999997,383.6124,26,7,0.12545454545454546,Star
TEC-PH-10004522,Dexim XPower Skin Super-Thin Power Case for iPhone 5 - Black,467.92,-14.622499999999995,11,3,-0.03124999999999999,Volume
TEC-PH-10004531,AT&T CL2909,755.9399999999999,50.395999999999994,8,3,0.06666666666666667,Star
TEC-PH-10004531,OtterBox Commuter Series Case - iPhone 5 & 5s,175.92,61.571999999999996,10,2,0.35,Winner
TEC-PH-10004536,Avaya 5420 Digital phone,1538.886,323.976,12,3,0.2105263157894737,Star
TEC-PH-10004539,Wireless Extenders zBoost YX545 SOHO Signal Booster,3704.204,806.9873,21,6,0.21785714285714286,Star
TEC-PH-10004586,Wilson SignalBoost 841262 DB PRO Amplifier Kit,4751.34,971.865,15,5,0.20454545454545453,Star
TEC-PH-10004614,AT&T 841000 Phone,1476.6,131.1,26,6,0.08878504672897196,Star
TEC-PH-10004667,Cisco 8x8 Inc. 6753i IP Business Phone System,1646.878,168.7375,15,4,0.10245901639344264,Star
TEC-PH-10004700,PowerGen Dual USB Car Charger,57.942,20.1798,7,3,0.34827586206896555,Weak
TEC-PH-10004774,Gear Head AU3700S Headset,189.654,-11.9508,16,3,-0.06301369863013698,Weak
TEC-PH-10004830,Pyle PRT45 Retro Home Telephone,201.568,22.6764,4,1,0.1125,Weak
TEC-PH-10004833,Macally Suction Cup Mount,279.63,-31.07,26,4,-0.11111111111111112,Volume
TEC-PH-10004875,PNY Rapid USB Car Charger - Black,9.588,-2.0774,2,1,-0.21666666666666667,Weak
TEC-PH-10004896,Nokia Lumia 521 (T-Mobile),461.846,94.7684,17,4,0.20519480519480518,Star
TEC-PH-10004897,Mediabridge Sport Armband iPhone 5s,157.84199999999998,-39.96,20,5,-0.25316455696202533,Weak
TEC-PH-10004908,Panasonic KX TS3282W Corded phone,1053.876,101.988,16,4,0.0967741935483871,Star
TEC-PH-10004912,Cisco SPA112 2 Port Phone Adapter,351.68,39.564,8,2,0.1125,Star
TEC-PH-10004922,RCA Visys Integrated PBX 8-Line Router,1085.238,130.63049999999998,19,5,0.12037037037037035,Star
TEC-PH-10004924,"SKILCRAFT Telephone Shoulder Rest, 2"" x 6.5"" x 2.5"", Black",56.164,13.0064,8,3,0.23157894736842102,Weak
TEC-PH-10004959,Classic Ivory Antique Telephone ZL1810,341.666,40.196,4,2,0.11764705882352941,Star
TEC-PH-10004977,GE 30524EE4,5056.542,881.9549999999999,30,8,0.17441860465116277,Star
