Product ID,Product Name,Sales,Orders,Quantity
TEC-CO-10004722,Canon imageCLASS 2200 Advanced Copier,61599.824,5,20
OFF-BI-10003527,Fellowes PB500 Electric Punch Plastic Comb Binding Machine with Manual Bind,22877.82,8,25
TEC-MA-10002412,Cisco TelePresence System EX90 Videoconferencing Unit,22638.48,1,6
TEC-MA-10001127,"HP Designjet T520 Inkjet Large Format Printer - 24"" Color",18374.895,3,12
FUR-CH-10002024,HON 5400 Series Task Chairs for Big and Tall,18085.284,7,33
OFF-BI-10004995,GBC DocuBind P400 Electric Binding System,17965.068,6,27
OFF-BI-10000545,GBC Ibimaster 500 Manual ProClick Binding System,17806.932,7,41
OFF-BI-10001359,GBC DocuBind TL300 Electric Binding System,17132.509,10,34
OFF-SU-10000151,High Speed Automatic Electric Letter Opener,17030.311999999998,3,11
TEC-MA-10000822,Lexmark MX611dhe Monochrome Laser Printer,16829.901,4,18
OFF-SU-10002881,Martin Yale Chadless Opener Electric Letter Opener,16656.2,6,22
OFF-BI-10001120,Ibico EPK-21 Electric Binding System,15875.916000000001,3,13
TEC-CO-10001449,Hewlett Packard LaserJet 3310 Copier,15839.735999999999,7,33
FUR-BO-10004834,"Riverside Palais Royal Lawyers Bookcase, Royale Cherry Finish",15610.9656,5,24
TEC-MA-10001047,"3D Systems Cube Printer, 2nd Generation, Magenta",14299.89,2,11
TEC-PH-10001459,Samsung Galaxy Mega 6.3,13943.668,6,39
TEC-PH-10002885,Apple iPhone 5,12996.600000000002,6,24
FUR-CH-10001215,Global Troy Executive Leather Low-Back Tilter,12173.814,8,30
FUR-TA-10003473,Bretford Rectangular Conference Table Tops,12092.5795,11,43
TEC-CO-10003763,Canon PC1060 Personal Laser Copier,11619.833999999999,4,19
OFF-AP-10002945,Honeywell Enviracaire Portable HEPA Air Cleaner for 17' x 22' Room,11304.44,8,40
FUR-BO-10002213,DMI Eclipse Executive Suite Bookcases,11046.609,6,27
FUR-TA-10000198,Chromcraft Bull-Nose Wood Oval Conference Tables & Bases,9587.052,4,26
FUR-CH-10004287,SAFCO Arco Folding Chair,9501.28,11,45
TEC-AC-10002049,Plantronics Savi W720 Multi-Device Wireless Headset System,9367.289999999999,7,24
TEC-MA-10000488,Bady BDG101FRU Card Printer,9279.884,4,14
TEC-CO-10002095,Hewlett Packard 610 Color Digital Copier / Printer,8899.822,7,21
FUR-CH-10000454,"Hon Deluxe Fabric Upholstered Stacking Chairs, Rounded Back",8710.086,10,40
OFF-ST-10000078,Tennsco 6- and 18-Compartment Lockers,8697.576000000001,9,34
OFF-BI-10003925,Fellowes PB300 Plastic Comb Binding Machine,8070.192,6,27
FUR-CH-10004063,Global Deluxe High-Back Manager's Chair,8064.636,7,32
TEC-MA-10004125,Cubify CubeX 3D Printer Triple Head Print,7999.98,1,4
FUR-CH-10004086,Hon 4070 Series Pagoda Armless Upholstered Stacking Chairs,7964.229,7,32
FUR-TA-10001095,Chromcraft Round Conference Tables,7755.905,11,57
OFF-ST-10003716,Tennsco Double-Tier Lockers,7740.688,10,38
OFF-ST-10003208,Adjustable Depth Letter/Legal Cart,7730.196,11,45
TEC-MA-10003979,Ativa V4110MDD Micro-Cut Shredder,7699.89,2,11
FUR-CH-10003973,GuestStacker Chair with Chrome Finish Legs,7583.904,7,26
TEC-AC-10003033,Plantronics CS510 - Over-the-Head monaural Wireless Headset System,7390.88,7,24
FUR-CH-10001854,Office Star - Professional Matrix Back Chair with 2-to-1 Synchro Tilt and Mesh Fabric Seat,7370.58,7,23
TEC-PH-10000560,Samsung Galaxy S III - 16GB - pebble blue (T-Mobile),7139.796,6,28
FUR-CH-10003379,Global Commerce Series High-Back Swivel/Tilt Chairs,7124.5,8,30
TEC-MA-10000045,Zebra ZM400 Thermal Label Printer,6965.700000000001,2,6
OFF-AP-10002651,Hoover Upright Vacuum With Dirt Cup,6832.908,6,31
OFF-BI-10003650,GBC DocuBind 300 Electric Binding Machine,6785.142,8,23
FUR-TA-10003569,Bretford CR8500 Series Meeting Room Furniture,6776.562000000001,6,21
FUR-CH-10004997,Hon Every-Day Series Multi-Task Chairs,6748.482,10,43
TEC-MA-10000418,Cubify CubeX 3D Printer Double Head Print,6599.978,2,4
FUR-CH-10002335,Hon GuestStacker Chair,6528.096,8,32
FUR-TA-10001950,Balt Solid Wood Round Tables,6518.754,4,19
FUR-TA-10000577,Bretford CR4500 Series Slim Rectangular Table,6285.1905,7,24
FUR-CH-10002331,Hon 4700 Series Mobuis Mid-Back Task Chairs with Adjustable Arms,6265.248,4,19
TEC-PH-10004165,Mitel MiVoice 5330e IP Phone,6104.778,7,26
OFF-ST-10001496,Standard Rollaway File with Lock,6054.384,9,37
TEC-AC-10004145,Logitech diNovo Edge Keyboard,5999.76,4,24
TEC-PH-10001795,ClearOne CHATAttach 160 - speaker phone,5951.904,3,11
OFF-BI-10004600,Ibico Ibimaster 300 Manual Binding System,5924.639,7,21
OFF-AP-10000275,"Sanyo Counter Height Refrigerator with Crisper, 3.6 Cubic Foot, Stainless Steel/Black",5906.52,3,18
OFF-ST-10004459,Tennsco Single-Tier Lockers,5855.304,5,18
FUR-TA-10001889,Bush Advantage Collection Racetrack Conference Table,5854.098,4,19
OFF-ST-10001490,"Hot File 7-Pocket, Floor Stand",5853.816,10,35
TEC-MA-10004002,Zebra GX420t Direct Thermal/Thermal Transfer Printer,5787.355,3,14
TEC-CO-10001766,Canon PC940 Copier,5669.874,3,15
OFF-ST-10000142,Deluxe Rollaway Locking File with Drawer,5572.792,5,14
TEC-AC-10003832,Logitech P710e Mobile Speakerphone,5561.784000000001,7,23
FUR-CH-10000785,Global Ergonomic Managers Chair,5519.89,10,36
TEC-CO-10002313,Canon PC1080F Personal Copier,5399.91,3,10
FUR-CH-10000015,Hon Multipurpose Stacking Arm Chairs,5371.68,5,28
FUR-BO-10002545,"Atlantic Metals Mobile 3-Shelf Bookcases, Custom Colors",5360.5292,6,25
TEC-CO-10001046,Canon Imageclass D680 Copier / Fax,5319.924000000001,3,9
OFF-ST-10001526,Iceberg Mobile Mega Data/Printer Cart,5270.454,7,45
FUR-TA-10004575,Hon 5100 Series Wood Tables,5266.738,6,23
FUR-CH-10004675,"Lifetime Advantage Folding Chairs, 4/Carton",5212.112,7,27
TEC-PH-10001817,Wilson Electronics DB Pro Signal Booster,5155.2,6,19
FUR-CH-10002965,"Global Leather Highback Executive Chair with Pneumatic Height Adjustment, Black",5145.088,9,33
OFF-BI-10004632,Ibico Hi-Tech Manual Binding System,5123.832,10,31
TEC-AC-10001838,Razer Tiamat Over Ear 7.1 Surround Sound PC Gaming Headset,5119.744000000001,7,26
FUR-TA-10001932,"Chromcraft 48"" x 96"" Racetrack Double Pedestal Table",5098.176,6,22
TEC-PH-10004977,GE 30524EE4,5056.542,8,30
TEC-PH-10000895,Polycom VVX 310 VoIP phone,4931.726,6,31
FUR-CH-10000595,Safco Contoured Stacking Chairs,4839.5199999999995,7,23
FUR-CH-10000309,Global Comet Stacking Arm Chair,4816.614,4,14
FUR-CH-10000988,Hon Olson Stacker Stools,4801.621,9,39
FUR-TA-10003954,Hon 94000 Series Round Tables,4798.116,3,18
OFF-ST-10002011,Smead Adjustable Mobile File Trolley with Lockable Top,4778.766,3,12
TEC-PH-10004586,Wilson SignalBoost 841262 DB PRO Amplifier Kit,4751.34,5,15
OFF-ST-10002743,SAFCO Boltless Steel Shelving,4704.696,10,46
FUR-CH-10003746,Hon 4070 Series Pagoda Round Back Stacking Chairs,4686.308,5,16
TEC-PH-10001494,Polycom CX600 IP Phone VoIP phone,4619.2300000000005,4,17
OFF-ST-10003306,Letter Size Cart,4600.092,8,33
FUR-TA-10002958,"Bevis Oval Conference Table, Walnut",4593.248,7,27
FUR-TA-10002903,"Bevis Round Bullnose 29"" High Table Top",4544.925,5,24
TEC-PH-10002200,Samsung Galaxy Note 2,4507.902,2,14
OFF-AP-10001058,Sanyo 2.5 Cubic Foot Mid-Size Office Refrigerators,4476.96,4,17
TEC-MA-10000984,Okidata MB760 Printer,4476.8,1,4
OFF-ST-10003470,"Tennsco Snap-Together Open Shelving Units, Starter Sets and Add-On Units",4471.68,4,16
TEC-AC-10002049,Logitech G19 Programmable Gaming Keyboard,4389.246,8,36
FUR-CH-10002073,Hon Olson Stacker Chairs,4368.870000000001,3,18
FUR-CH-10000847,Global Executive Mid-Back Manager's Chair,4335.602,5,17
FUR-TA-10004915,"Office Impressions End Table, 20-1/2""H x 24""W x 20""D",4313.392,4,16
FUR-TA-10004256,Bretford “Just In Time” Height-Adjustable Multi-Task Work Tables,4299.22,3,13
OFF-AP-10003849,Hoover Shoulder Vac Commercial Portable Vacuum,4293.84,5,14
FUR-BO-10002613,"Atlantic Metals Mobile 4-Shelf Bookcases, Custom Colors",4284.945,5,23
TEC-MA-10000864,Cisco 9971 IP Video Phone Charcoal,4268.0,2,16
FUR-BO-10001811,"Atlantic Metals Mobile 5-Shelf Bookcases, Custom Colors",4264.8866,6,20
TEC-PH-10004094,Motorola L703CM,4211.73,6,32
FUR-CH-10003774,"Global Wood Trimmed Manager's Task Chair, Khaki",4166.884,14,59
TEC-CO-10004202,Brother DCP1000 Digital 3 in 1 Multifunction Machine,4139.862,6,16
FUR-CH-10002880,"Global High-Back Leather Tilter, Burgundy",4132.464,12,43
TEC-PH-10002584,Samsung Galaxy S4,4131.534,3,9
FUR-CH-10001394,Global Leather Executive Chair,4071.484,5,14
FUR-CH-10002602,DMI Arturo Collection Mission-style Design Wood Chair,4016.0679999999998,10,32
TEC-PH-10000730,Samsung Galaxy S4 Active,3999.92,2,8
TEC-MA-10002927,Canon imageCLASS MF7460 Monochrome Digital Laser Multifunction Copier,3991.98,1,2
TEC-PH-10001363,Apple iPhone 5S,3989.9300000000003,3,9
OFF-ST-10002574,"SAFCO Commercial Wire Shelving, Black",3978.432,9,33
FUR-CH-10004495,"Global Leather and Oak Executive Chair, Black",3972.936,6,15
TEC-PH-10001578,Polycom SoundStation2 EX Conference phone,3968.5099999999998,4,12
FUR-TA-10001768,Hon Racetrack Conference Tables,3963.901,6,22
TEC-CO-10003236,Canon Image Class D660 Copier,3959.9339999999997,2,7
TEC-CO-10001571,Sharp 1540cs Digital Laser Copier,3959.928,6,9
TEC-AC-10003870,Logitech Z-906 Speaker sys - home theater - 5.1-CH,3959.88,3,12
FUR-TA-10003238,"Chromcraft Bull-Nose Wood 48"" x 96"" Rectangular Conference Tables",3911.958,5,10
OFF-AP-10003057,Honeywell Enviracaire Portable HEPA Air Cleaner for 16' x 20' Room,3855.1800000000003,3,14
FUR-CH-10003312,Hon 2090 “Pillow Soft” Series Mid Back Swivel/Tilt Chairs,3821.328,4,17
FUR-TA-10004619,Hon Non-Folding Utility Tables,3775.647,5,29
FUR-CH-10004983,Office Star - Mid Back Dual function Ergonomic High Back Chair with 2-Way Adjustable Arms,3750.834,4,28
FUR-TA-10003748,Bevis 36 x 72 Conference Tables,3709.8019999999997,7,35
OFF-BI-10004390,GBC DocuBind 200 Manual Binding Machine,3704.624,3,11
TEC-PH-10004539,Wireless Extenders zBoost YX545 SOHO Signal Booster,3704.204,6,21
TEC-PH-10002415,Polycom VoiceStation 500 Conference phone,3657.38,5,15
TEC-CO-10004115,Sharp AL-1530CS Digital Copier,3599.9280000000003,3,10
FUR-CH-10000513,High-Back Leather Manager's Chair,3548.727,7,31
FUR-CH-10000155,Global Comet Stacking Armless Chair,3528.79,6,14
OFF-ST-10001809,Fellowes Officeware Wire Shelving,3521.336,9,42
FUR-BO-10004218,"Bush Heritage Pine Collection 5-Shelf Bookcase, Albany Pine Finish, *Special Order",3506.1726,7,33
TEC-PH-10002624,Samsung Galaxy S4 Mini,3477.9260000000004,3,9
OFF-ST-10001932,Fellowes Staxonsteel Drawer Files,3477.06,5,19
OFF-ST-10000689,"Fellowes Strictly Business Drawer File, Letter/Legal Size",3436.7400000000002,5,25
OFF-BI-10003091,GBC DocuBind TL200 Manual Binding Machine,3426.894,5,19
TEC-PH-10000984,Panasonic KX-TG9471B,3410.226,5,19
TEC-MA-10003673,Hewlett-Packard Desktjet 6988DT Refurbished Printer,3404.5,1,5
TEC-AC-10002842,WD My Passport Ultra 2TB Portable External Hard Drive,3403.4,7,30
FUR-TA-10001705,Bush Advantage Collection Round Conference Table,3401.6000000000004,4,19
FUR-FU-10001468,Tenex Antistatic Computer Chair Mats,3317.0119999999997,6,25
TEC-AC-10002637,Logitech VX Revolution Cordless Laser Mouse for Notebooks (Black),3311.8160000000003,4,19
TEC-PH-10003012,Nortel Meridian M3904 Professional Digital phone,3295.3860000000004,7,24
TEC-PH-10001530,Cisco Unified IP Phone 7945G VoIP phone,3273.504,3,12
FUR-TA-10004534,Bevis 44 x 96 Conference Tables,3253.2200000000003,5,20
FUR-TA-10000688,"Chromcraft Bull-Nose Wood Round Conference Table Top, Wood Base",3245.965,5,17
FUR-BO-10003272,O'Sullivan Living Dimensions 5-Shelf Bookcases,3243.9864,5,20
OFF-BI-10004318,Ibico EB-19 Dual Function Manual Binding System,3234.913,8,23
OFF-BI-10003656,Fellowes PB200 Plastic Comb Binding Machine,3178.813,7,30
TEC-PH-10002549,Polycom SoundPoint IP 450 VoIP phone,3162.04,5,19
TEC-PH-10002103,Jabra SPEAK 410,3158.064,9,37
FUR-CH-10004218,"Global Fabric Manager's Chair, Dark Gray",3150.576,9,35
OFF-ST-10000025,Fellowes Stor/Drawer Steel Plus Storage Drawers,3111.018,7,34
FUR-CH-10000665,"Global Airflow Leather Mesh Back Chair, Black",3110.188,7,25
TEC-PH-10004447,Toshiba IPT2010-SD IP Telephone,3057.7799999999997,7,26
OFF-AP-10003590,Hoover WindTunnel Plus Canister Vacuum,3051.3,3,9
TEC-MA-10000010,Hewlett-Packard Deskjet 3050a All-in-One Color Inkjet Printer,3040.0,1,8
OFF-ST-10000991,Space Solutions HD Industrial Steel Shelving.,3035.208,8,27
FUR-TA-10002530,"Iceberg OfficeWorks 42"" Round Tables",3004.502,6,27
FUR-TA-10001086,"SAFCO PlanMaster Boards, 60w x 37-1/2d, White Melamine",2979.004,5,26
OFF-BI-10004584,GBC ProClick 150 Presentation Binding System,2970.212,4,18
OFF-AP-10000828,Avanti 4.4 Cu. Ft. Refrigerator,2968.072,6,21
OFF-ST-10003816,Fellowes High-Stak Drawer Files,2959.992,6,19
FUR-BO-10004695,O'Sullivan 2-Door Barrister Bookcase in Odessa Pine,2949.974,4,20
OFF-AP-10002534,3.6 Cubic Foot Counter Height Office Refrigerator,2946.2,5,18
TEC-CO-10000971,Hewlett Packard 310 Color Digital Copier,2939.902,3,11
FUR-CH-10000863,Novimex Swivel Fabric Task Chair,2913.9139999999998,8,25
FUR-TA-10001771,"Bush Cubix Conference Tables, Fully Assembled",2910.348,3,16
TEC-PH-10002922,ShoreTel ShorePhone IP 230 VoIP phone,2906.628,4,21
FUR-TA-10001539,Chromcraft Rectangular Conference Tables,2891.0339999999997,7,18
OFF-AP-10002518,Kensington 7 Outlet MasterPiece Power Center,2883.276,5,21
OFF-ST-10000046,Fellowes Super Stor/Drawer Files,2875.59,7,20
FUR-TA-10003392,Global Adaptabilities Conference Tables,2865.996,3,11
FUR-TA-10003008,"Lesro Round Back Collection Coffee Table, End Table",2847.7799999999997,8,20
TEC-MA-10001148,Okidata MB491 Multifunction Printer,2844.2999999999997,2,9
OFF-SU-10000646,Premier Automatic Letter Opener,2836.366,5,14
FUR-TA-10000617,"Hon Practical Foundations 30 x 60 Training Table, Light Gray/Charcoal",2821.62,4,14
FUR-BO-10004015,"Bush Andora Bookcase, Maple/Graphite Gray Finish",2813.7655,7,27
FUR-CH-10003298,"Office Star - Contemporary Task Swivel chair with Loop Arms, Charcoal",2789.874,7,26
TEC-PH-10003072,Panasonic KX-TG9541B DECT 6.0 Digital 2-Line Expandable Cordless Phone With Digital Answering System,2789.8140000000003,4,22
TEC-AC-10004666,Maxell iVDR EX 500GB Cartridge,2755.4,2,10
FUR-BO-10001972,O'Sullivan 4-Shelf Bookcase in Odessa Pine,2740.197,7,37
FUR-CH-10001708,Office Star - Contemporary Swivel Chair with Padded Adjustable Arms and Flex Back,2720.914,6,23
FUR-CH-10002647,"Situations Contoured Folding Chairs, 4/Set",2690.142,11,47
FUR-TA-10002041,"Bevis Round Conference Table Top, X-Base",2671.421,6,20
FUR-CH-10004853,"Global Manager's Adjustable Task Chair, Storm",2657.248,5,21
TEC-MA-10001972,Okidata C331dn Printer,2652.4,4,10
OFF-SU-10003505,Premier Electric Letter Opener,2641.6079999999997,8,24
OFF-ST-10002756,"Tennsco Stur-D-Stor Boltless Shelving, 5 Shelves, 24"" Deep, Sand",2625.014,5,20
FUR-CH-10003981,Global Commerce Series Low-Back Swivel/Tilt Chairs,2621.196,4,14
TEC-AC-10004171,Razer Kraken 7.1 Surround Sound Over Ear USB Gaming Headset,2619.738,6,29
TEC-PH-10001128,Motorola Droid Maxx,2609.826,4,21
OFF-ST-10001780,Tennsco 16-Compartment Lockers with Coat Rack,2591.56,2,5
OFF-ST-10000060,Fellowes Bankers Box Staxonsteel Drawer File/Stacking System,2560.212,7,42
OFF-ST-10002615,"Dual Level, Single-Width Filing Carts",2542.9840000000004,5,17
TEC-MA-10003353,Xerox WorkCentre 6505DN Laser Multifunction Printer,2519.958,1,7
OFF-ST-10001097,Office Impressions Heavy Duty Welded Shelving & Multimedia Storage Drawers,2509.05,4,15
TEC-PH-10002310,Plantronics Calisto P620-M USB Wireless Speakerphone System,2508.672,4,14
TEC-PH-10001760,Bose SoundLink Bluetooth Speaker,2507.4,4,15
FUR-FU-10002937,"GE 48"" Fluorescent Tube, Cool White Energy Saver, 34 Watts, 30/Box",2500.596,7,27
OFF-AP-10002118,"1.7 Cubic Foot Compact ""Cube"" Office Refrigerators",2497.92,5,13
TEC-AC-10002253,Imation Bio 8GB USB Flash Drive Imation Corp,2493.6000000000004,3,15
FUR-CH-10000422,Global Highback Leather Tilter in Burgundy,2456.73,8,31
TEC-AC-10003198,Enermax Acrylux Wireless Keyboard,2450.16,6,29
OFF-ST-10004123,Safco Industrial Wire Shelving System,2438.264,7,29
TEC-MA-10000112,Panasonic KX MB2061 Multifunction Printer,2396.4,1,10
FUR-FU-10003664,"Electrix Architect's Clamp-On Swing Arm Lamp, Black",2386.5,3,28
FUR-TA-10004154,"Riverside Furniture Oval Coffee Table, Oval End Table, End Table with Drawer",2380.855,4,13
TEC-PH-10001944,Wi-Ex zBoost YX540 Cellular Phone Signal Booster,2364.39,5,18
TEC-PH-10001557,Pyle PMP37LED,2361.3540000000003,8,27
TEC-MA-10001148,Swingline SM12-08 MicroCut Jam Free Shredder,2359.9410000000003,3,13
TEC-MA-10002073,"3D Systems Cube Printer, 2nd Generation, White",2339.982,2,3
FUR-CH-10002084,Hon Mobius Operator's Chair,2336.81,4,20
TEC-PH-10000441,VTech DS6151,2318.2160000000003,5,21
TEC-PH-10003691,BlackBerry Q10,2293.018,5,19
TEC-PH-10002114,Xiaomi Mi3,2279.96,1,4
TEC-AC-10003174,Plantronics S12 Corded Telephone Headset System,2242.032,6,23
TEC-PH-10002200,Aastra 6757i CT Wireless VoIP phone,2240.576,5,12
TEC-AC-10004571,Logitech G700s Rechargeable Gaming Mouse,2239.776,8,24
FUR-TA-10001307,"SAFCO PlanMaster Heigh-Adjustable Drafting Table Base, 43w x 30d x 30-37h, Black",2236.48,2,7
OFF-AP-10000938,Avanti 1.7 Cu. Ft. Refrigerator,2221.56,4,24
OFF-ST-10001128,"Carina Mini System Audio Rack, Model AR050B",2219.6000000000004,4,21
OFF-ST-10004186,"Stur-D-Stor Shelving, Vertical 5-Shelf: 72""H x 36""W x 18 1/2""D",2219.6,4,20
FUR-CH-10000749,Office Star - Ergonomic Mid Back Chair with 2-Way Adjustable Arms,2207.956,2,13
FUR-CH-10003817,"Global Value Steno Chair, Gray",2204.862,10,43
FUR-FU-10004665,"3M Polarizing Task Lamp with Clamp Arm, Light Gray",2191.68,4,16
OFF-BI-10001718,GBC DocuBind P50 Personal Binding Machine,2188.116,9,46
TEC-PH-10002496,Cisco SPA301,2183.86,7,17
OFF-PA-10000994,Xerox 1915,2159.91,8,22
TEC-PH-10003811,Jabra Supreme Plus Driver Edition Headset,2159.82,5,22
FUR-BO-10000362,Sauder Inglewood Library Bookcases,2154.348,5,14
OFF-ST-10001522,"Gould Plastics 18-Pocket Panel Bin, 34w x 5-1/4d x 20-1/2h",2152.566,9,26
FUR-CH-10001270,Harbour Creations Steel Folding Chair,2147.625,7,30
FUR-BO-10001337,O'Sullivan Living Dimensions 2-Shelf Bookcases,2147.395,8,20
TEC-AC-10003911,NETGEAR AC1750 Dual Band Gigabit Smart WiFi Router,2143.866,4,15
FUR-TA-10002607,KI Conference Tables,2140.878,8,44
FUR-FU-10004306,Electrix Halogen Magnifier Lamp,2137.3,5,13
OFF-BI-10004519,GBC DocuBind P100 Manual Binding Machine,2124.544,6,22
TEC-AC-10001908,Logitech Wireless Headset h800,2119.788,4,24
TEC-AC-10002001,Logitech Wireless Gaming Headset G930,2111.868,4,15
TEC-AC-10000990,Imation Bio 2GB USB Flash Drive Imation Corp,2098.88,3,16
TEC-AC-10000844,Logitech Gaming G510s - Keyboard,2090.754,7,27
FUR-TA-10001039,KI Adjustable-Height Table,2089.314,8,36
FUR-CH-10001482,Office Star - Mesh Screen back chair with Vinyl seat,2082.582,6,19
OFF-AP-10004487,Kensington 4 Outlet MasterPiece Compact Power Control Center,2081.792,6,31
TEC-MA-10002428,Fellowes Powershred HS-440 4-Sheet High Security Shredder,2076.866,2,14
FUR-CH-10002126,Hon Deluxe Fabric Upholstered Stacking Chairs,2073.83,3,12
TEC-PH-10004345,Cisco SPA 502G IP Phone,2063.14,5,21
OFF-ST-10000736,Carina Double Wide Media Storage Towers in Natural & Black,2056.892,10,27
FUR-FU-10001488,"Tenex 46"" x 60"" Computer Anti-Static Chairmat, Rectangular Shaped",2056.012,6,23
FUR-CH-10002320,Hon Pagoda Stacking Chairs,2054.272,1,8
OFF-LA-10003930,"Dot Matrix Printer Tape Reel Labels, White, 5000/Box",2044.848,6,23
TEC-PH-10000369,HTC One Mini,2041.038,4,19
OFF-SU-10000157,Compact Automatic Electric Letter Opener,2028.27,5,18
OFF-AP-10000891,Kensington 7 Outlet MasterPiece HOMEOFFICE Power Control Center,2019.248,3,17
TEC-PH-10002824,Jabra SPEAK 410 Multidevice Speakerphone,2018.702,3,13
TEC-PH-10003484,Ooma Telo VoIP Home Phone System,2015.8400000000001,5,18
TEC-PH-10003580,Cisco IP Phone 7961G-GE VoIP phone,1992.536,3,13
TEC-PH-10003505,Geemarc AmpliPOWER60,1985.9199999999998,6,28
OFF-ST-10000585,Economy Rollaway Files,1982.4,5,13
TEC-PH-10003601,"Ativa D5772 2-Line 5.8GHz Digital Expandable Corded/Cordless Phone System with Answering & Caller ID/Call Waiting, Black/Silver",1979.88,4,12
OFF-AP-10001394,Harmony Air Purifier,1946.7,5,13
TEC-PH-10003645,Aastra 57i VoIP phone,1939.32,5,14
FUR-TA-10004607,Hon 2111 Invitation Series Straight Table,1936.573,6,17
TEC-PH-10002447,AT&T CL83451 4-Handset Telephone,1936.306,4,10
TEC-AC-10004659,Imation Secure+ Hardware Encrypted USB 2.0 Flash Drive; 16GB,1926.9360000000001,5,32
FUR-TA-10002356,Bevis Boat-Shaped Conference Table,1913.403,5,12
TEC-AC-10004975,Plantronics Audio 995 Wireless Stereo Headset,1913.13,4,18
FUR-BO-10003159,"Sauder Camden County Collection Libraries, Planked Cherry Finish",1909.8178,7,19
TEC-PH-10001336,Digium D40 VoIP phone,1909.0520000000001,6,17
TEC-AC-10000892,NETGEAR N750 Dual Band Wi-Fi Gigabit Router,1890.0,7,22
OFF-PA-10004359,Multicolor Computer Printout Paper,1887.3,5,19
FUR-TA-10003715,Hon 2111 Invitation Series Corner Table,1884.33,3,12
OFF-ST-10004340,"Fellowes Mobile File Cart, Black",1877.836,7,32
TEC-PH-10002660,Nortel Networks T7316 E Nt8 B27,1876.524,6,29
FUR-BO-10002213,"Sauder Forest Hills Library, Woodland Oak Finish",1875.034,4,15
TEC-AC-10002567,Logitech G602 Wireless Gaming Mouse,1871.766,8,27
OFF-ST-10000036,"Recycled Data-Pak for Archival Bound Computer Printouts, 12-1/2 x 12-1/2 x 16",1857.252,6,20
FUR-CH-10004698,"Padded Folding Chairs, Black, 4/Carton",1830.148,8,30
FUR-TA-10002855,Bevis Round Conference Table Top & Single Column Base,1785.3480000000002,4,14
OFF-PA-10000418,Xerox 189,1782.4499999999998,6,19
FUR-CH-10001973,Office Star Flex Back Scooter Chair with White Frame,1775.68,7,21
FUR-CH-10004289,Global Super Steno Chair,1775.63,6,22
FUR-CH-10003396,Global Deluxe Steno Chair,1770.54,10,29
TEC-AC-10003095,Logitech G35 7.1-Channel Surround Sound Headset,1767.864,5,14
OFF-ST-10001511,Space Solutions Commercial Steel Shelving,1758.48,6,30
FUR-CH-10004860,Global Low Back Tilter Chair,1746.9540000000002,8,21
FUR-FU-10002298,"Rubbermaid ClusterMat Chairmats, Mat Size- 66"" x 60"", Lip 20"" x 11"" -90 Degree Angle",1731.288,4,21
FUR-CH-10001146,"Global Value Mid-Back Manager's Chair, Gray",1723.1870000000001,8,34
OFF-ST-10002292,"Sauder Facets Collection Locker/File Cabinet, Sky Alder Finish",1706.508,2,5
FUR-TA-10004289,BoxOffice By Design Rectangular and Half-Moon Meeting Room Tables,1706.25,3,15
TEC-AC-10001990,Kensington Orbit Wireless Mobile Trackball for PC and Mac,1703.7160000000001,5,33
TEC-AC-10001606,Logitech Wireless Performance Mouse MX for PC and Mac,1699.83,6,20
TEC-AC-10000474,Kensington Expert Mouse Optical USB Trackball for PC or Mac,1690.8220000000001,6,20
TEC-PH-10002563,Adtran 1202752G1,1688.266,4,15
FUR-CH-10003199,Office Star - Contemporary Task Swivel Chair,1686.8960000000002,5,18
FUR-TA-10002533,BPI Conference Tables,1679.5749999999998,4,19
OFF-AP-10002457,"Eureka The Boss Plus 12-Amp Hard Box Upright Vacuum, Red",1674.4,6,20
FUR-BO-10000780,O'Sullivan Plantations 2-Door Library in Landvery Oak,1668.134,3,13
FUR-TA-10001520,"Lesro Sheffield Collection Coffee Table, End Table, Center Table, Corner Table",1655.784,7,29
FUR-BO-10003965,O'Sullivan Manor Hill 2-Door Library in Brianna Oak,1646.9180000000001,4,12
TEC-PH-10004667,Cisco 8x8 Inc. 6753i IP Business Phone System,1646.878,4,15
TEC-PH-10001619,LG G3,1646.316,3,9
FUR-CH-10004626,Office Star Flex Back Scooter Chair with Aluminum Finish Frame,1644.507,5,17
FUR-FU-10004864,"Howard Miller 14-1/2"" Diameter Chrome Round Wall Clock",1636.864,7,29
TEC-PH-10002483,Motorola Moto X,1631.952,2,6
TEC-AC-10002402,Razer Kraken PRO Over Ear PC and Music Headset,1631.7959999999998,5,23
TEC-MA-10003356,Panasonic KX MC6040 Color Laser Multifunction Printer,1619.82,2,5
TEC-PH-10004120,AT&T 1080 Phone,1589.084,3,13
TEC-PH-10001425,Mophie Juice Pack Helium for iPhone,1583.8020000000001,6,24
FUR-FU-10000308,Deflect-o Glass Clear Studded Chair Mats,1579.3719999999998,7,26
OFF-ST-10002344,"Carina 42""Hx23 3/4""W Media Storage Unit",1571.012,7,21
OFF-AP-10001205,Belkin 5 Outlet SurgeMaster Power Centers,1569.024,8,36
FUR-FU-10003192,Luxo Adjustable Task Clamp Lamp,1545.816,4,18
FUR-CH-10004886,Bevis Steel Folding Chairs,1544.795,5,21
TEC-PH-10004536,Avaya 5420 Digital phone,1538.886,3,12
OFF-AP-10003217,Eureka Sanitaire  Commercial Upright,1524.5320000000002,3,12
FUR-FU-10003806,"Tenex Chairmat w/ Average Lip, 45"" x 53""",1513.6,2,10
FUR-CH-10004875,Harbour Creations 67200 Series Stacking Chairs,1501.8980000000001,8,24
TEC-PH-10002645,LG G2,1499.97,1,5
TEC-PH-10001079,Polycom SoundPoint Pro SE-225 Corded phone,1499.274,2,14
FUR-BO-10004357,O'Sullivan Living Dimensions 3-Shelf Bookcases,1497.301,3,10
OFF-BI-10001071,GBC ProClick Punch Binding System,1497.132,6,27
TEC-PH-10002680,Samsung Galaxy Note 3,1495.932,2,10
FUR-CH-10001714,"Global Leather & Oak Executive Chair, Burgundy",1478.7220000000002,4,11
TEC-PH-10004614,AT&T 841000 Phone,1476.6,6,26
FUR-BO-10003546,Hon 4-Shelf Metal Bookcases,1474.308,4,22
FUR-CH-10004477,"Global Push Button Manager's Chair, Indigo",1473.538,6,29
FUR-BO-10003441,"Bush Westfield Collection Bookcases, Fully Assembled",1473.2982000000002,6,18
FUR-FU-10003394,"Tenex ""The Solids"" Textured Chair Mats",1469.1599999999999,7,26
FUR-FU-10000576,Luxo Professional Fluorescent Magnifier Lamp with Clamp-Mount Base,1468.88,2,10
TEC-PH-10002468,"Plantronics CS 50-USB - headset - Convertible, Monaural",1468.692,5,13
TEC-AC-10000736,Logitech G600 MMO Gaming Mouse,1455.818,7,19
TEC-PH-10002555,Nortel Meridian M5316 Digital phone,1450.12,2,6
TEC-PH-10004241,Nokia Lumia 1020,1439.968,1,4
TEC-PH-10003273,AT&T TR1909W,1436.286,3,12
FUR-TA-10002622,"Bush Andora Conference Table, Maple/Graphite Gray Finish",1436.232,4,12
FUR-CH-10001891,Global Deluxe Office Fabric Chairs,1420.504,6,17
TEC-AC-10002926,Logitech Wireless Marathon Mouse M705,1409.718,8,30
TEC-AC-10001432,Enermax Aurora Lite Keyboard,1406.6999999999998,4,18
TEC-CO-10001943,Canon PC-428 Personal Copier,1399.9299999999998,3,10
OFF-PA-10001970,Xerox 1908,1399.5,6,25
FUR-CH-10003535,"Global Armless Task Chair, Royal Blue",1396.442,8,28
TEC-MA-10003626,Hewlett-Packard Deskjet 6540 Color Inkjet Printer,1396.21,2,6
TEC-PH-10002352,Avaya IP Phone 1140E VoIP phone,1394.95,1,5
TEC-MA-10002178,Cisco CP-7937G Unified IP Conference Station Phone,1391.4,2,4
FUR-BO-10003034,"O'Sullivan Elevations Bookcase, Cherry Finish",1388.388,4,13
FUR-CH-10003061,"Global Leather Task Chair, Black",1376.847,7,18
TEC-PH-10000038,Jawbone MINI JAMBOX Wireless Bluetooth Speaker,1369.8000000000002,3,12
FUR-BO-10003893,Sauder Camden County Collection Library,1368.2620000000002,2,16
OFF-ST-10003656,Safco Industrial Wire Shelving,1363.058,5,16
TEC-MA-10003230,Okidata C610n Printer,1362.9,1,3
TEC-PH-10001530,Plantronics Voyager Pro Legend,1359.534,3,8
OFF-AR-10000380,"Hunt PowerHouse Electric Pencil Sharpener, Blue",1352.088,9,37
OFF-PA-10000100,Xerox 1945,1344.472,5,35
TEC-MA-10003183,DYMO CardScan Personal V9 Business Card Scanner,1343.9160000000002,3,11
FUR-CH-10003968,Novimex Turbo Task Chair,1341.5220000000002,6,22
TEC-PH-10001061,Apple iPhone 5C,1339.866,4,15
TEC-MA-10004679,StarTech.com 10/100 VDSL2 Ethernet Extender Kit,1331.8,3,8
OFF-EN-10000056,Cameo Buff Policy Envelopes,1331.722,6,24
OFF-PA-10001878,Xerox 1891,1320.57,7,30
TEC-PH-10001299,Polycom CX300 Desktop Phone USB VoIP phone,1319.912,4,12
TEC-AC-10003628,Logitech 910-002974 M325 Wireless Mouse for Web Scrolling,1319.56,14,49
FUR-CH-10002372,Office Star - Ergonomically Designed Knee Chair,1311.876,7,19
TEC-PH-10004389,Nokia Lumia 925,1310.296,3,11
TEC-PH-10002033,Konftel 250 Conference phone - Charcoal black,1310.172,3,5
TEC-PH-10002834,Google Nexus 5,1295.928,3,9
FUR-BO-10003404,"Global Adaptabilites Bookcase, Cherry/Storm Gray Finish",1292.94,1,3
OFF-ST-10000129,Fellowes Recycled Storage Drawers,1287.9479999999999,3,12
FUR-CH-10000225,"Global Geo Office Task Chair, Gray",1287.582,4,18
OFF-PA-10001033,Xerox 1893,1287.086,9,35
OFF-AP-10003779,Kensington 7 Outlet MasterPiece Power Center with Fax/Phone Line Protection,1286.376,3,7
TEC-AC-10001142,First Data FD10 PIN Pad,1279.8,4,17
FUR-FU-10004071,Luxo Professional Magnifying Clamp-On Fluorescent Lamps,1268.922,4,13
OFF-EN-10003296,Tyvek Side-Opening Peel & Seel Expanding Envelopes,1266.72,5,14
TEC-PH-10004434,Cisco IP Phone 7961G VoIP phone - Dark gray,1250.74,2,11
TEC-AC-10001539,Logitech G430 Surround Sound Gaming Headset with Dolby 7.1 Technology,1247.844,4,17
OFF-AP-10001005,Honeywell Quietcare HEPA Air Cleaner,1242.67,4,16
FUR-CH-10003846,Hon Valutask Swivel Chairs,1242.054,4,13
OFF-PA-10000357,Xerox 1888,1231.656,6,24
TEC-PH-10003437,Blue Parrot B250XT Professional Grade Wireless Bluetooth Headset with,1229.836,4,21
TEC-AC-10001314,Case Logic 2.4GHz Wireless Keyboard,1229.754,8,27
OFF-PA-10003228,Xerox 1917,1222.75,5,25
FUR-CH-10002439,"Iceberg Nesting Folding Chair, 19w x 6d x 43h",1222.62,5,24
FUR-CH-10002961,"Leather Task Chair, Black",1219.132,4,16
OFF-BI-10002026,Avery Arch Ring Binders,1214.29,9,31
TEC-MA-10002210,Epson TM-T88V Direct Thermal Printer - Monochrome - Desktop,1212.705,2,10
TEC-PH-10002275,Mitel 5320 IP Phone VoIP phone,1209.536,3,8
FUR-TA-10002645,Hon Rectangular Conference Tables,1206.0149999999999,3,10
OFF-PA-10001289,White Computer Printout Paper by Universal,1201.56,7,35
OFF-ST-10002974,"Trav-L-File Heavy-Duty Shuttle II, Black",1193.818,7,30
OFF-EN-10003001,Ames Color-File Green Diamond Border X-ray Mailers,1192.516,3,16
OFF-BI-10003718,GBC Therma-A-Bind 250T Electric Binding System,1180.704,2,12
TEC-PH-10001580,Logitech Mobile Speakerphone P710e - speaker phone,1160.828,3,10
TEC-PH-10000455,GE 30522EE2,1159.9,3,10
OFF-PA-10000675,Xerox 1919,1155.9180000000001,6,30
TEC-AC-10001552,Logitech K350 2.4Ghz Wireless Keyboard,1154.664,5,25
OFF-AP-10001242,APC 7 Outlet Network SurgeArrest Surge Protector,1142.816,7,16
TEC-AC-10003610,Logitech Illuminated - Keyboard,1139.81,6,20
OFF-ST-10004337,"SAFCO Commercial Wire Shelving, 72h",1139.064,4,19
FUR-FU-10000277,Deflect-o DuraMat Antistatic Studded Beveled Mat for Medium Pile Carpeting,1137.672,3,12
OFF-AP-10002311,"Holmes Replacement Filter for HEPA Air Cleaner, Very Large Room, HEPA Filter",1135.365,8,22
TEC-PH-10001700,Panasonic KX-TG6844B Expandable Digital Cordless Telephone,1135.028,7,22
OFF-ST-10004804,"Belkin 19"" Vented Equipment Shelf, Black",1132.56,7,25
FUR-FU-10000965,"Howard Miller 11-1/2"" Diameter Ridgewood Wall Clock",1132.292,5,23
FUR-FU-10004188,Luxo Professional Combination Clamp-On Lamps,1125.3,4,11
OFF-ST-10001370,Sensible Storage WireTech Storage Systems,1121.484,5,17
FUR-BO-10002916,"Rush Hierlooms Collection 1"" Thick Stackable Bookcases",1119.919,3,7
TEC-PH-10001051,HTC One,1119.888,4,14
OFF-ST-10000532,Advantus Rolling Drawer Organizers,1115.92,6,31
TEC-PH-10000526,Vtech CS6719,1113.484,4,14
OFF-AR-10002671,"Hunt BOSTON Model 1606 High-Volume Electric Pencil Sharpener, Beige",1113.024,1,8
TEC-PH-10003963,GE 2-Jack Phone Line Splitter,1112.346,2,7
TEC-AC-10004353,Hypercom P1300 Pinpad,1108.8,7,21
FUR-FU-10003708,"Tenex Traditional Chairmats for Medium Pile Carpet, Standard Lip, 36"" x 48""",1103.8300000000002,4,20
TEC-PH-10002890,AT&T 17929 Lendline Telephone,1094.808,8,29
TEC-PH-10001305,Panasonic KX TS208W Corded phone,1087.578,5,27
TEC-PH-10004922,RCA Visys Integrated PBX 8-Line Router,1085.238,5,19
FUR-FU-10001979,Dana Halogen Swing-Arm Architect Lamp,1081.608,5,27
OFF-ST-10000675,"File Shuttle II and Handi-File, Black",1070.924,6,32
TEC-AC-10004469,Microsoft Sculpt Comfort Mouse,1070.66,7,29
OFF-PA-10003395,Xerox 1941,1069.47,3,11
TEC-PH-10000576,AT&T 1080 Corded phone,1068.522,5,10
FUR-BO-10000330,"Sauder Camden County Barrister Bookcase, Planked Cherry Finish",1064.624,3,10
OFF-ST-10001469,Fellowes Bankers Box Recycled Super Stor/Drawer,1058.008,6,21
OFF-ST-10001963,Tennsco Regal Shelving Units,1054.664,2,11
TEC-PH-10004908,Panasonic KX TS3282W Corded phone,1053.876,4,16
FUR-FU-10002253,"Howard Miller 13"" Diameter Pewter Finish Round Wall Clock",1047.7359999999999,7,27
FUR-FU-10004091,"Howard Miller 13"" Diameter Goldtone Round Wall Clock",1042.068,6,27
FUR-TA-10003469,Balt Split Level Computer Training Table,1040.625,5,12
TEC-AC-10000580,Logitech G13 Programmable Gameboard with LCD Display,1039.87,4,14
TEC-MA-10004552,Star Micronics TSP100 TSP143LAN Receipt Printer,1035.8,1,4
TEC-MA-10003176,Okidata B400 Printer,1029.6,2,3
OFF-AP-10000576,"Belkin 325VA UPS Surge Protector, 6'",1016.2320000000001,3,10
OFF-BI-10000977,Ibico Plastic Spiral Binding Combs,1009.28,12,44
OFF-ST-10002554,Tennsco Industrial Shelving,1007.546,7,23
FUR-TA-10000849,Bevis Rectangular Conference Tables,1007.262,4,13
OFF-AR-10001953,Boston 1645 Deluxe Heavier-Duty Electric Pencil Sharpener,1002.7439999999999,6,25
TEC-PH-10001918,Nortel Business Series Terminal T7208 Digital phone,1000.728,3,9
OFF-BI-10001597,"Wilson Jones Ledger-Size, Piano-Hinge Binder, 2"", Blue",995.814,10,41
OFF-ST-10003282,"Advantus 10-Drawer Portable Organizer, Chrome Metal Frame, Smoke Drawers",992.016,3,17
FUR-BO-10003966,"Sauder Facets Collection Library, Sky Alder Finish",991.684,3,7
TEC-PH-10001750,Samsung Rugby III,989.85,6,18
FUR-TA-10004086,KI Adjustable-Height Table,988.77,4,15
TEC-AC-10002473,Maxell 4.7GB DVD-R,987.624,9,39
TEC-AC-10000109,Sony Micro Vault Click 16 GB USB 2.0 Flash Drive,985.424,6,20
TEC-AC-10002800,Plantronics Audio 478 Stereo USB Headset,979.804,6,21
OFF-AP-10001293,Belkin 8 Outlet Surge Protector,975.324,6,27
FUR-CH-10003761,Global Italian Leather Office Chair,969.252,2,8
OFF-BI-10004224,Catalog Binders with Expanding Posts,968.832,7,30
FUR-CH-10001802,Hon Every-Day Chair Series Swivel Task Chairs,967.84,3,10
FUR-BO-10004709,"Bush Westfield Collection Bookcases, Medium Cherry Finish",963.0478,6,21
OFF-BI-10002082,GBC Twin Loop Wire Binding Elements,961.7919999999999,9,44
TEC-PH-10001809,Panasonic KX T7736-B Digital phone,959.68,4,8
OFF-ST-10000563,Fellowes Bankers Box Stor/Drawer Steel Plus,959.4,8,34
FUR-FU-10003601,"Deflect-o RollaMat Studded, Beveled Mat for Medium Pile Carpeting",959.192,4,17
TEC-AC-10002076,Microsoft Natural Keyboard Elite,958.08,3,20
OFF-AP-10001563,Belkin Premiere Surge Master II 8-outlet surge protector,952.168,7,26
FUR-FU-10003553,"Howard Miller 13-1/2"" Diameter Rosebrook Wall Clock",949.026,5,17
OFF-AP-10001271,Eureka The Boss Cordless Rechargeable Stick Vac,948.228,6,19
FUR-BO-10001519,O'Sullivan 3-Shelf Heavy-Duty Bookcases,944.775,4,19
OFF-EN-10001453,"Tyvek Interoffice Envelopes, 9 1/2"" x 12 1/2"", 100/Box",939.092,5,16
OFF-BI-10002735,GBC Prestige Therm-A-Bind Covers,936.663,9,34
FUR-BO-10001601,"Sauder Mission Library with Doors, Fruitwood Finish",935.1972,3,10
OFF-ST-10003805,"24 Capacity Maxi Data Binder Racks, Pearl",926.4200000000001,2,5
OFF-AP-10002684,"Acco 7-Outlet Masterpiece Power Center, Wihtout Fax/Phone Line Protection",924.008,4,12
FUR-CH-10003956,Novimex High-Tech Fabric Mesh Task Chair,922.74,4,16
FUR-TA-10004442,Riverside Furniture Stanwyck Manor Table Series,917.9200000000001,3,5
FUR-CH-10003833,Novimex Fabric Task Chair,914.7,5,18
TEC-PH-10001254,Jabra BIZ 2300 Duo QD Duo Corded Headset,914.328,3,9
TEC-PH-10002170,ClearSounds CSC500 Amplified Spirit Phone Corded phone,909.87,5,16
TEC-PH-10000215,Plantronics Cordless Phone Headset with In-line Volume - M214C,908.7,6,27
FUR-FU-10003773,Eldon Cleatmat Plus Chair Mats for High Pile Carpets,906.528,4,15
TEC-PH-10002398,AT&T 1070 Corded Phone,891.92,2,10
OFF-BI-10004593,Ibico Laser Imprintable Binding System Covers,890.8000000000001,7,30
FUR-BO-10001608,"Hon Metal Bookcases, Black",888.6696,4,18
FUR-TA-10004175,"Hon 30"" x 60"" Table with Locking Drawer",886.7560000000001,2,4
FUR-FU-10000723,"Deflect-o EconoMat Studded, No Bevel Mat for Low Pile Carpeting",884.248,7,25
TEC-PH-10001433,Cisco Small Business SPA 502G VoIP phone,882.102,4,11
OFF-AP-10004540,"Eureka The Boss Lite 10-Amp Upright Vacuum, Blue",881.76,3,11
OFF-PA-10000357,"White Dual Perf Computer Printout Paper, 2700 Sheets, 1 Part, Heavyweight, 20 lbs., 14 7/8 x 11",877.186,5,23
OFF-ST-10003479,"Eldon Base for stackable storage shelf, platinum",872.256,7,25
OFF-AP-10000026,Tripp Lite Isotel 6 Outlet Surge Protector with Fax/Modem Protection,865.774,4,20
OFF-PA-10001144,Xerox 1913,865.4879999999999,5,17
FUR-TA-10002774,Laminate Occasional Tables,863.128,1,8
OFF-ST-10003123,Fellowes Bases and Tops For Staxonsteel/High-Stak Systems,858.8820000000001,10,26
FUR-BO-10004409,"Safco Value Mate Series Steel Bookcases, Baked Enamel Finish on Steel, Gray",858.858,6,17
FUR-BO-10000711,"Hon Metal Bookcases, Gray",851.76,2,12
FUR-FU-10004904,"Eldon ""L"" Workstation Diamond Chairmat",850.976,3,14
OFF-ST-10003994,"Belkin 19"" Center-Weighted Shelf, Gray",849.3119999999999,4,16
TEC-PH-10002115,Plantronics 81402,844.672,4,15
OFF-PA-10004071,"Eaton Premium Continuous-Feed Paper, 25% Cotton, Letter Size, White, 1000 Shts/Box",843.2959999999999,8,16
OFF-ST-10003442,Eldon Portable Mobile Manager,842.744,8,32
OFF-BI-10001543,GBC VeloBinder Manual Binding System,842.166,8,30
TEC-AC-10000420,Logitech G500s Laser Gaming Mouse with Adjustable Weight Tuning,839.8799999999999,2,13
OFF-ST-10001272,"Mini 13-1/2 Capacity Data Binder Rack, Pearl",837.568,3,7
OFF-BI-10002867,GBC Recycled Regency Composition Covers,836.9200000000001,4,17
OFF-PA-10003302,Xerox 1906,836.3839999999999,5,24
OFF-PA-10002377,Xerox 1916,831.98,7,20
OFF-ST-10001418,Carina Media Storage Towers in Natural & Black,829.328,4,15
OFF-ST-10002790,Safco Industrial Shelving,827.12,5,13
OFF-PA-10000482,"Snap-A-Way Black Print Carbonless Ruled Speed Letter, Triplicate",827.092,4,23
FUR-BO-10000112,"Bush Birmingham Collection Bookcase, Dark Cherry",825.174,1,9
FUR-FU-10001185,"Advantus Employee of the Month Certificate Frame, 11 x 13-1/2",822.738,5,28
OFF-PA-10000806,Xerox 1934,817.308,4,15
OFF-PA-10001815,Xerox 1885,816.68,4,17
OFF-AP-10001391,Kensington 6 Outlet MasterPiece HOMEOFFICE Power Control Center,812.1600000000001,2,9
OFF-ST-10000604,Home/Office Personal File Carts,806.432,6,25
OFF-LA-10003510,"Avery 4027 File Folder Labels for Dot Matrix Printers, 5000 Labels per Box, White",805.992,10,29
FUR-CH-10004754,"Global Stack Chair with Arms, Black",803.464,7,31
FUR-BO-10003894,"Safco Value Mate Steel Bookcase, Baked Enamel Finish on Steel, Black",802.074,3,14
FUR-FU-10001290,Executive Impressions Supervisor Wall Clock,799.8999999999999,3,19
TEC-PH-10002262,LG Electronics Tone+ HBS-730 Bluetooth Headset,797.434,3,15
TEC-PH-10003555,Motorola HK250 Universal Bluetooth Headset,795.454,8,39
TEC-AC-10003832,Imation 16GB Mini TravelDrive USB 2.0 Flash Drive,795.12,7,27
OFF-AP-10004708,Fellowes Superior 10 Outlet Split Surge Protector,791.648,8,28
TEC-AC-10001714,Logitech MX Performance Wireless Mouse,789.822,7,23
FUR-FU-10003930,Howard Miller 12-3/4 Diameter Accuwave DS  Wall Clock,786.9,2,14
FUR-FU-10000747,Tenex B1-RE Series Chair Mats for Low Pile Carpets,781.66,6,17
OFF-PA-10002254,Xerox 1883,775.572,6,33
FUR-CH-10001545,Hon Comfortask Task/Swivel Chairs,775.064,4,8
OFF-PA-10001125,Xerox 1988,774.5,7,29
OFF-AP-10000240,Belkin F9G930V10-GRY 9 Outlet Surge,770.112,5,16
OFF-ST-10001837,"SAFCO Mobile Desk Side File, Wire Frame",769.68,7,20
OFF-PA-10000157,Xerox 191,767.232,10,39
OFF-BI-10001670,Vinyl Sectional Post Binders,765.3100000000001,9,35
FUR-FU-10002116,"Tenex Carpeted, Granite-Look or Clear Contemporary Contour Shape Chair Mats",763.6679999999999,5,15
OFF-ST-10001713,"Gould Plastics 9-Pocket Panel Bin, 18-3/8w x 5-1/4d x 20-1/2h, Black",763.056,4,16
OFF-BI-10002133,"Wilson Jones Elliptical Ring 3 1/2"" Capacity Binders, 800 sheets",761.8399999999999,6,35
FUR-CH-10001797,"Safco Chair Connectors, 6/Carton",758.056,3,22
TEC-PH-10004531,AT&T CL2909,755.9399999999999,3,8
OFF-PA-10002581,Xerox 1951,755.912,6,30
FUR-BO-10002824,Bush Mission Pointe Library,748.8608,3,6
FUR-FU-10002918,Eldon ClusterMat Chair Mat with Cordless Antistatic Protection,746.0360000000001,3,13
OFF-PA-10003892,Xerox 1943,743.432,4,16
TEC-AC-10000358,Imation Secure Drive + Hardware Encrypted USB flash drive - 16 GB,737.006,5,20
TEC-PH-10002726,netTALK DUO VoIP Telephone Service,734.8599999999999,6,17
OFF-BI-10002026,Ibico Recycled Linen-Style Covers,734.328,3,22
OFF-PA-10003641,Xerox 1909,733.364,7,31
FUR-BO-10003660,"Bush Cubix Collection Bookcases, Fully Assembled",729.2339999999999,3,4
TEC-AC-10001109,Logitech Trackman Marble Mouse,725.758,8,26
TEC-MA-10001681,Lexmark MarkNet N8150 Wireless Print Server,723.51,2,6
TEC-AC-10000158,Sony 64GB Class 10 Micro SDHC R40 Memory Card,719.8,7,22
FUR-TA-10004147,Hon 4060 Series Tables,716.544,2,8
TEC-AC-10002323,SanDisk Ultra 32 GB MicroSDHC Class 10 Memory Card,716.04,9,36
TEC-PH-10003885,Cisco SPA508G,712.692,4,12
OFF-ST-10003058,Eldon Mobile Mega Data Cart  Mega Stackable  Add-On Trays,709.5,6,30
TEC-AC-10000865,WD My Passport Ultra 500GB Portable External Hard Drive,708.0,4,12
FUR-BO-10001798,Bush Somerset Collection Bookcase,707.2919999999999,3,7
FUR-CH-10003606,SAFCO Folding Chair Trolley,705.32,3,6
OFF-AR-10004022,Panasonic KP-380BK Classic Electric Pencil Sharpener,705.208,6,22
TEC-MA-10001695,Zebra GK420t Direct Thermal/Thermal Transfer Printer,703.71,1,6
FUR-FU-10004845,"Deflect-o EconoMat Nonstudded, No Bevel Mat",702.44,3,14
FUR-CH-10002044,"Office Star - Contemporary Task Swivel chair with 2-way adjustable arms, Plum",694.194,2,7
OFF-PA-10000062,Green Bar Computer Printout Paper,692.496,4,14
OFF-BI-10001524,GBC Premium Transparent Covers with Diagonal Lined Pattern,692.34,12,58
TEC-AC-10001465,SanDisk Cruzer 64 GB USB Flash Drive,690.08,7,20
FUR-FU-10004017,"Tenex Contemporary Contur Chairmats for Low and Medium Pile Carpet, Computer, 39"" x 49""",688.192,3,7
TEC-PH-10000562,Samsung Convoy 3,688.138,2,9
OFF-AR-10003373,"Boston School Pro Electric Pencil Sharpener, 1670",687.756,6,26
OFF-ST-10002276,Safco Steel Mobile File Cart,683.552,5,9
FUR-CH-10002758,"Hon Deluxe Fabric Upholstered Stacking Chairs, Squared Back",683.144,1,4
FUR-FU-10001215,"Howard Miller 11-1/2"" Diameter Brentwood Wall Clock",681.454,4,17
OFF-PA-10000474,Easy-staple paper,680.448,9,21
TEC-AC-10004568,Maxell LTO Ultrium - 800 GB,677.358,5,26
TEC-PH-10000673,Plantronics Voyager Pro HD - Bluetooth Headset,675.896,4,11
FUR-BO-10000468,O'Sullivan 2-Shelf Heavy-Duty Bookcases,675.262,5,20
OFF-AP-10002734,Holmes Harmony HEPA Air Purifier for 17 x 20 Room,675.12,1,3
TEC-PH-10003931,JBL Micro Wireless Portable Bluetooth Speaker,671.888,5,14
OFF-AP-10002867,Fellowes Command Center 5-outlet power strip,664.832,4,15
TEC-AC-10002942,WD My Passport Ultra 1TB Portable External Hard Drive,662.4,5,12
TEC-PH-10002310,Panasonic KX T7731-B Digital phone,659.934,3,8
TEC-AC-10001772,Memorex Mini Travel Drive 16 GB USB 2.0 Flash Drive,654.77,5,41
OFF-EN-10002230,Airmail Envelopes,654.654,3,9
FUR-TA-10001857,Balt Solid Wood Rectangular Table,654.038,3,8
FUR-TA-10001676,Hon 61000 Series Interactive Training Tables,653.121,9,22
TEC-PH-10004093,Panasonic Kx-TS550,653.058,5,18
FUR-CH-10001190,Global Deluxe High-Back Office Chair in Storm,652.752,2,6
OFF-PA-10001357,Xerox 1886,651.4399999999999,5,14
FUR-CH-10000229,Global Enterprise Series Seating High-Back Swivel/Tilt Chairs,650.352,1,3
FUR-BO-10003450,"Bush Westfield Collection Bookcases, Dark Cherry Finish",649.376,3,14
TEC-MA-10001856,Okidata C610n Printer,649.0,1,2
OFF-AP-10001124,Belkin 8 Outlet SurgeMaster II Gold Surge Protector with Phone Protection,647.84,1,8
FUR-BO-10004467,Bestar Classic Bookcase,644.9355,3,9
FUR-TA-10004767,Safco Drafting Table,638.8199999999999,4,12
TEC-AC-10004510,Logitech Desktop MK120 Mouse and keyboard Combo,638.04,10,41
FUR-FU-10001876,"Computer Room Manger, 14""",636.6080000000001,7,22
OFF-BI-10003984,Lock-Up Easel 'Spel-Binder',636.219,6,41
TEC-PH-10001835,Jawbone JAMBOX Wireless Bluetooth Speaker,631.96,1,4
OFF-AP-10000576,Belkin 7 Outlet SurgeMaster II,631.68,3,16
OFF-AR-10002135,Boston Heavy-Duty Trimline Electric Pencil Sharpeners,626.6,3,13
FUR-CH-10004540,Global Chrome Stack Chair,623.896,5,25
OFF-PA-10001736,Xerox 1880,623.744,5,18
OFF-BI-10003007,"Premium Transparent Presentation Covers, No Pattern/Clear, 8 1/2"" x 11""",620.48,6,27
OFF-PA-10004475,Xerox 1940,615.552,4,12
TEC-MA-10004241,Star Micronics TSP800 TSP847IIU Receipt Printer,600.53,1,2
FUR-CH-10002780,Office Star - Task Chair with Contemporary Loop Arms,600.4680000000001,2,8
TEC-MA-10004626,Lexmark 20R1285 X6650 Wireless All-in-One Printer,600.0,2,6
TEC-PH-10001448,Anker Astro 15000mAh USB Portable Charger,599.88,5,13
TEC-MA-10003674,Hewlett-Packard Deskjet 5550 Printer,597.132,1,3
OFF-PA-10002923,Xerox 1942,597.068,6,13
TEC-PH-10003357,Grandstream GXP2100 Mainstream Business Phone,596.6220000000001,4,10
OFF-PA-10002222,"Xerox Color Copier Paper, 11"" x 17"", Ream",593.84,6,27
OFF-PA-10001954,Xerox 1964,593.8399999999999,3,26
OFF-AP-10002191,Belkin 8 Outlet SurgeMaster II Gold Surge Protector,593.802,4,12
TEC-AC-10001114,Microsoft Wireless Mobile Mouse 4000,591.852,4,15
TEC-PH-10000675,Panasonic KX TS3282B Corded phone,590.328,3,9
OFF-PA-10001790,Xerox 1910,586.088,5,14
TEC-AC-10003590,"TRENDnet 56K USB 2.0 Phone, Internet and Fax Modem",585.1139999999999,4,23
FUR-CH-10000553,"Metal Folding Chairs, Beige, 4/Carton",583.768,3,20
OFF-BI-10003982,Wilson Jones Century Plastic Molded Ring Binders,583.6370000000001,10,48
OFF-ST-10000676,Fellowes Econo/Stor Drawers,581.58,2,7
TEC-MA-10001016,Canon PC170 Desktop Personal Copier,575.82,2,6
FUR-FU-10004748,"Howard Miller 16"" Diameter Gallery Wall Clock",575.46,4,12
OFF-ST-10000877,Recycled Steel Personal File for Standard File Folders,575.016,3,11
OFF-AR-10002240,Panasonic KP-150 Electric Pencil Sharpener,573.648,4,16
OFF-PA-10002319,Xerox 1944,573.648,6,16
OFF-BI-10001989,Premium Transparent Presentation Covers by GBC,572.754,8,33
TEC-AC-10004595,First Data TMFD35 PIN Pad,571.2,2,4
FUR-FU-10004848,"Howard Miller 13-3/4"" Diameter Brushed Chrome Round Wall Clock",569.25,6,15
TEC-AC-10003280,Belkin F8E887 USB Wired Ergonomic Keyboard,563.812,8,21
FUR-FU-10003975,Eldon Advantage Chair Mats for Low to Medium Pile Carpets,563.03,5,13
OFF-BI-10003364,Binding Machine Supplies,562.981,7,28
TEC-PH-10002923,"Logitech B530 USB Headset - headset - Full size, Binaural",562.248,8,19
OFF-AP-10000159,Belkin F9M820V08 8 Outlet Surge,558.74,3,15
OFF-AP-10001564,Hoover Commercial Lightweight Upright Vacuum with E-Z Empty Dirt Cup,558.192,2,4
TEC-AC-10000057,Microsoft Natural Ergonomic Keyboard 4000,557.814,5,19
OFF-BI-10004492,Tuf-Vin Binders,555.808,5,19
OFF-BI-10001765,Wilson Jones Heavy-Duty Casebound Ring Binders with Metal Hinges,554.24,6,22
OFF-EN-10000927,Jet-Pak Recycled Peel 'N' Seal Padded Mailers,552.706,4,19
OFF-BI-10000666,Surelock Post Binders,550.08,6,21
OFF-PA-10001497,Xerox 1914,549.6,3,11
OFF-ST-10001476,Steel Personal Filing/Posting Tote,546.854,3,18
FUR-FU-10004973,Flat Face Poster Frame,546.36,10,44
FUR-FU-10001602,"Eldon Delta Triangular Chair Mat, 52"" x 58"", Clear",546.192,6,17
OFF-EN-10002504,"Tyvek  Top-Opening Peel & Seel Envelopes, Plain White",543.6,6,23
OFF-PA-10001019,Xerox 1884,543.456,8,32
TEC-PH-10004042,ClearOne Communications CHAT 70 OC Speaker Phone,540.566,2,4
OFF-ST-10003692,Recycled Steel Personal File for Hanging File Folders,537.962,4,11
TEC-AC-10001767,SanDisk Ultra 64 GB MicroSDHC Class 10 Memory Card,535.866,3,14
TEC-PH-10003092,Motorola L804,533.484,5,17
OFF-BI-10002794,"Avery Trapezoid Ring Binder, 3"" Capacity, Black, 1040 sheets",532.74,6,21
OFF-BI-10003684,Wilson Jones Legal Size Ring Binders,532.158,9,44
FUR-BO-10001918,"Sauder Forest Hills Library with Doors, Woodland Oak Finish",531.2339999999999,2,4
OFF-PA-10004327,Xerox 1911,526.9,4,11
OFF-AR-10003903,Sanford 52201 APSCO Electric Pencil Sharpener,524.416,3,13
TEC-PH-10003171,Plantronics Encore H101 Dual Earpieces Headset,521.42,6,13
FUR-TA-10001866,Bevis Round Conference Room Tables and Bases,519.941,2,4
TEC-PH-10004080,Avaya 5410 Digital phone,516.7239999999999,3,11
OFF-ST-10000934,"Contico 72""H Heavy-Duty Storage System",516.348,4,14
OFF-AP-10001154,Bionaire Personal Warm Mist Humidifier/Vaporizer,515.79,3,11
FUR-FU-10004952,"C-Line Cubicle Keepers Polyproplyene Holder w/Velcro Back, 8-1/2x11, 25/Bx",514.556,4,13
FUR-FU-10000758,DAX Natural Wood-Tone Poster Frame,513.712,5,23
TEC-PH-10000011,PureGear Roll-On Screen Protector,511.744,4,31
TEC-AC-10004901,Kensington SlimBlade Notebook Wireless Mouse with Nano Receiver,509.898,3,12
TEC-MA-10001031,Socket Bluetooth Cordless Hand Scanner (CHS),506.28,1,3
OFF-BI-10001510,Deluxe Heavy-Duty Vinyl Round Ring Binder,504.24,7,33
TEC-PH-10002597,Xblue XB-1670-86 X16 Small Office Telephone - Titanium,503.96,1,4
OFF-PA-10003039,Xerox 1960,501.876,4,19
FUR-FU-10003039,"Howard Miller 11-1/2"" Diameter Grantwood Wall Clock",500.308,6,14
OFF-AR-10004010,Hunt Boston Vacuum Mount KS Pencil Sharpener,496.858,4,15
TEC-PH-10000193,Jensen SMPS-640 - speaker phone,496.584,4,12
TEC-AC-10002600,Belkin QODE FastFit Bluetooth Keyboard,495.6,2,9
OFF-PA-10000176,Xerox 1887,493.21999999999997,7,29
TEC-AC-10000927,Anker Ultrathin Bluetooth Wireless Keyboard Aluminum Cover with Stand,491.836,4,17
TEC-PH-10003095,Samsung HM1900 Bluetooth Headset,491.68,7,27
TEC-PH-10001527,Plantronics MX500i Earset,489.63,6,12
OFF-PA-10000167,Xerox 1925,489.48400000000004,6,18
FUR-BO-10004360,Rush Hierlooms Collection Rich Wood Bookcases,489.37919999999997,2,4
OFF-PA-10004353,Southworth 25% Cotton Premium Laser Paper and Envelopes,487.512,4,26
TEC-AC-10001013,Logitech ClearChat Comfort/USB Headset H390,486.214,5,17
OFF-BI-10004330,"GBC Velobind Prepunched Cover Sets, Regency Series",484.438,5,27
TEC-AC-10003116,Memorex Froggy Flash Drive 8 GB,482.8,7,29
TEC-PH-10001615,AT&T CL82213,481.234,5,17
TEC-MA-10002790,NeatDesk Desktop Scanner & Digital Filing System,479.988,1,2
TEC-AC-10004420,Cherry 142-key Programmable Keyboard,479.72,1,4
FUR-FU-10004460,"Howard Miller 12"" Round Wall Clock",479.33799999999997,2,14
OFF-AP-10002350,Belkin F9H710-06 7 Outlet SurgeMaster Surge Protector,478.53600000000006,7,27
OFF-EN-10004483,"#10 White Business Envelopes,4 1/8 x 9 1/2",476.368,6,31
OFF-ST-10000943,Eldon ProFile File 'N Store Portable File Tub Letter/Legal Size Black,475.02599999999995,5,26
OFF-ST-10001321,"Decoflex Hanging Personal Folder File, Blue",471.852,8,32
FUR-FU-10000305,"Tenex V2T-RE Standard Weight Series Chair Mat, 45"" x 53"", Lip 25"" x 12""",468.46799999999996,3,7
TEC-PH-10004522,Dexim XPower Skin Super-Thin Power Case for iPhone 5 - Black,467.92,3,11
TEC-AC-10003289,Anker Ultra-Slim Mini Bluetooth 3.0 Wireless Keyboard,467.766,4,24
FUR-FU-10000193,Tenex Chairmats For Use with Hard Floors,467.712,6,20
OFF-AR-10003582,"Boston Electric Pencil Sharpener, Model 1818, Charcoal Black",467.29,7,18
TEC-PH-10003215,Jackery Bar Premium Fast-charging Portable Charger,467.22,4,18
TEC-AC-10001267,Imation 32GB Pocket Pro USB 3.0 Flash Drive - 32 GB - Black - 1 P ...,467.21999999999997,5,18
TEC-MA-10002930,Ricoh - Ink Collector Unit for GX3000 Series Printers,465.64500000000004,3,14
FUR-FU-10003623,"DataProducts Ampli Magnifier Task Lamp, Black,",465.432,4,19
OFF-AP-10003040,Fellowes 8 Outlet Superior Workstation Surge Protector w/o Phone/Fax/Modem Protection,463.956,3,15
TEC-AC-10003023,Logitech G105 Gaming Keyboard,463.086,4,9
TEC-AC-10004855,V7 USB Numeric Keypad,461.868,4,16
TEC-PH-10004896,Nokia Lumia 521 (T-Mobile),461.846,4,17
OFF-AR-10001615,Newell 34,460.288,7,25
TEC-PH-10004006,Panasonic KX - TS880B Telephone,453.41999999999996,3,11
OFF-BI-10000315,Poly Designer Cover & Back,451.962,7,35
OFF-LA-10002762,Avery 485,451.08000000000004,6,36
TEC-MA-10002109,"HP Officejet Pro 8600 e-All-In-One Printer, Copier, Scanner, Fax",449.97,2,4
OFF-ST-10003638,Mobile Personal File Cube,449.664,5,21
TEC-MA-10003246,Hewlett-Packard Deskjet D4360 Printer,447.968,1,4
TEC-PH-10002538,Grandstream GXP1160 VoIP phone,447.338,4,13
OFF-AR-10002956,Boston 16801 Nautilus Battery Pencil Sharpener,444.60200000000003,6,23
OFF-PA-10001977,Xerox 194,443.84000000000003,4,9
FUR-FU-10004006,"Deflect-o DuraMat Lighweight, Studded, Beveled Mat for Low Pile Carpeting",443.56,4,11
OFF-ST-10001558,Acco Perma 4000 Stacking Storage Drawers,441.72799999999995,10,30
OFF-ST-10003641,Space Solutions Industrial Galvanized Steel Shelving.,441.28,2,6
OFF-PA-10003129,Tops White Computer Printout Paper,440.18999999999994,3,9
FUR-CH-10002774,"Global Deluxe Stacking Chair, Gray",438.428,5,11
OFF-BI-10002429,"Premier Elliptical Ring Binder, Black",435.29200000000003,7,36
OFF-BI-10004230,GBC Recycled Grain Textured Covers,435.204,4,17
OFF-EN-10004773,Staple envelope,433.72,4,15
OFF-AR-10002067,Newell 334,432.512,5,22
OFF-AR-10000937,"Dixon Ticonderoga Core-Lock Colored Pencils, 48-Color Set",431.28999999999996,2,13
OFF-LA-10001474,Avery 477,427.41999999999996,3,14
FUR-BO-10001619,O'Sullivan Cherrywood Estates Traditional Bookcase,424.90000000000003,2,6
OFF-BI-10000778,GBC VeloBinder Electric Binding Machine,423.43,3,13
OFF-PA-10004381,14-7/8 x 11 Blue Bar Computer Printout Paper,422.752,4,10
TEC-PH-10001924,iHome FM Clock Radio with Lightning Dock,419.93999999999994,4,8
OFF-AR-10004602,Boston KS Multi-Size Manual Pencil Sharpener,418.418,6,20
TEC-PH-10003174,RCA ViSYS 25825 Wireless digital phone,415.968,1,4
FUR-FU-10003268,Eldon Radial Chair Mat for Low to Medium Pile Carpets,415.79200000000003,4,11
FUR-FU-10002759,12-1/2 Diameter Round Wall Clock,415.584,6,26
OFF-PA-10000483,Xerox 19,415.132,4,15
FUR-FU-10002501,Nu-Dell Executive Frame,409.536,6,39
OFF-ST-10004180,Safco Commercial Shelving,409.288,4,9
FUR-FU-10000076,24-Hour Round Wall Clock,407.592,5,23
OFF-ST-10001172,"Tennsco Lockers, Sand",407.012,5,22
OFF-ST-10002289,"Safco Wire Cube Shelving System, For Use as 4 or 5 14"" Cubes, Black",406.784,4,13
FUR-FU-10003535,Howard Miller Distant Time Traveler Alarm Clock,405.81600000000003,4,16
TEC-PH-10001819,Innergie mMini Combo Duo USB Travel Charging Kit,404.90999999999997,4,10
OFF-PA-10004039,Xerox 1882,403.056,3,8
OFF-AR-10001897,Model L Table or Wall-Mount Pencil Sharpener,402.976,5,24
OFF-ST-10000642,"Tennsco Lockers, Gray",402.816,6,22
TEC-PH-10002564,OtterBox Defender Series Case - Samsung Galaxy S4,401.866,5,15
OFF-ST-10004507,Advantus Rolling Storage Box,401.31,9,25
FUR-TA-10002228,"Bevis Traditional Conference Table Top, Plinth Base",400.032,1,2
FUR-BO-10002202,"Atlantic Metals Mobile 2-Shelf Bookcases, Custom Colors",400.0268,2,3
OFF-EN-10003055,"Blue String-Tie & Button Interoffice Envelopes, 10 x 13",399.8,4,11
FUR-BO-10002598,"Hon Metal Bookcases, Putty",397.488,3,6
TEC-MA-10004458,Lexmark X 9575 Professional All-in-One Color Printer,396.0,1,4
OFF-AP-10000179,Honeywell Enviracaire Portable HEPA Air Cleaner for up to 10 x 16 Room,394.816,1,4
TEC-PH-10001552,I Need's 3d Hello Kitty Hybrid Silicone Case Cover for HTC One X 4g with 3d Hello Kitty Stylus Pen Green/pink,394.68,7,38
FUR-FU-10004960,"Seth Thomas 12"" Clock w/ Goldtone Case",390.66,3,17
TEC-AC-10003063,Micro Innovations USB RF Wireless Keyboard with Mouse,390.0,5,16
OFF-AR-10004260,Boston 1799 Powerhouse Electric Pencil Sharpener,389.70000000000005,3,15
OFF-AP-10004859,Acco 6 Outlet Guardian Premium Surge Suppressor,388.752,7,32
OFF-LA-10003923,Alphabetical Labels for Top Tab Filing,387.76,6,27
TEC-AC-10004001,Logitech Wireless Headset H600 Over-The-Head Design,386.90999999999997,2,10
OFF-ST-10002485,Rogers Deluxe File Chest,386.848,6,19
OFF-AP-10002765,Fellowes Advanced Computer Series Surge Protectors,386.75399999999996,6,15
OFF-BI-10000632,Satellite Sectional Post Binders,386.349,8,17
OFF-BI-10000069,"GBC Prepunched Paper, 19-Hole, for Binding Systems, 24-lb",385.757,6,34
OFF-ST-10000777,"Companion Letter/Legal File, Black",385.152,4,11
FUR-BO-10004690,O'Sullivan Cherrywood Estates Traditional Barrister Bookcase,384.944,1,4
OFF-AR-10001955,Newell 319,384.896,6,20
TEC-AC-10002647,"Logitech Wireless Boombox Speaker - portable - wireless, wired",383.04,2,4
OFF-ST-10001590,"Tenex Personal Project File with Scoop Front Design, Black",382.83200000000005,8,29
TEC-PH-10002085,Clarity 53712,382.742,3,7
FUR-FU-10002878,"Seth Thomas 14"" Day/Date Wall Clock",381.632,5,14
OFF-AR-10001044,"BOSTON Ranger #55 Pencil Sharpener, Black",379.454,7,17
FUR-FU-10004622,Eldon Advantage Foldable Chair Mats for Low Pile Carpets,379.4,3,10
FUR-FU-10000293,Eldon Antistatic Chair Mats for Low to Medium Pile Carpets,379.044,2,4
TEC-PH-10002075,AT&T EL51110 DECT,377.97,1,3
OFF-BI-10002498,Clear Mylar Reinforcing Strips,377.538,7,29
OFF-BI-10002852,Ibico Standard Transparent Covers,377.392,9,30
OFF-AP-10003287,Tripp Lite TLP810NET Broadband Surge for Modem/Fax,377.178,4,10
OFF-AR-10000588,Newell 345,376.96000000000004,7,21
FUR-BO-10002853,O'Sullivan 5-Shelf Heavy-Duty Bookcases,376.924,3,5
FUR-FU-10000222,"Seth Thomas 16"" Steel Case Clock",376.768,4,14
FUR-FU-10001095,DAX Black Cherry Wood-Tone Poster Frame,376.016,7,21
OFF-AP-10004336,"Conquest 14 Commercial Heavy-Duty Upright Vacuum, Collection System, Accessory Kit",375.93600000000004,3,9
OFF-PA-10001970,Xerox 1881,375.768,9,31
TEC-AC-10001553,"Memorex 25GB 6X Branded Blu-Ray Recordable Disc, 15/Pack",373.78,5,26
OFF-ST-10004950,Acco Perma 3000 Stacking Storage Drawers,373.44399999999996,6,21
FUR-FU-10004018,Tensor Computer Mounted Lamp,372.25,6,25
TEC-PH-10000486,Plantronics HL10 Handset Lifter,371.168,1,4
OFF-BI-10003638,GBC Durable Plastic Covers,369.585,8,34
TEC-PH-10000586,AT&T SB67148 SynJ,369.544,2,6
FUR-FU-10003247,36X48 HARDFLOOR CHAIRMAT,369.24800000000005,6,21
OFF-ST-10000464,"Multi-Use Personal File Cart and Caster Set, Three Stacking Bins",368.45599999999996,5,11
FUR-FU-10001473,DAX Wood Document Frame,367.964,6,32
OFF-BI-10000962,"Acco Flexible ACCOHIDE Square Ring Data Binder, Dark Blue, 11 1/2"" X 14"" 7/8""",361.194,9,33
TEC-AC-10004114,KeyTronic 6101 Series - Keyboard - Black,360.712,2,10
OFF-PA-10001295,Computer Printout Paper with Letter-Trim Perforations,360.43,6,21
FUR-CH-10001146,"Global Task Chair, Black",356.23,4,9
FUR-FU-10002045,"Executive Impressions 14""",355.68,3,16
TEC-AC-10002006,Memorex Micro Travel Drive 16 GB,354.978,4,25
TEC-PH-10001198,Avaya 4621SW VoIP phone,354.96,2,6
OFF-ST-10002406,Pizazz Global Quick File,353.29200000000003,6,24
OFF-AP-10003842,Euro-Pro Shark Turbo Vacuum,353.172,3,12
FUR-TA-10004152,"Barricks 18"" x 48"" Non-Folding Utility Table with Bottom Storage Shelf",352.8,3,5
OFF-PA-10000595,Xerox 1929,351.736,4,16
TEC-PH-10004912,Cisco SPA112 2 Port Phone Adapter,351.68,2,8
TEC-MA-10002981,I.R.I.S IRISCard Anywhere 5 Card Scanner,350.973,1,3
FUR-FU-10001588,"Deflect-o SuperTray Unbreakable Stackable Tray, Letter, Black",350.16,3,15
TEC-AC-10002335,Logitech Media Keyboard K200,349.9,2,11
OFF-AP-10002892,Belkin F5C206VTEL 6 Outlet Surge,349.296,6,17
FUR-FU-10001861,"Floodlight Indoor Halogen Bulbs, 1 Bulb per Pack, 60 Watts",349.2,4,19
OFF-ST-10000615,"SimpliFile Personal File, Black Granite, 15w x 6-15/16d x 11-1/4h",347.31,8,32
FUR-FU-10004090,"Executive Impressions 14"" Contract Wall Clock",346.788,7,17
OFF-BI-10001721,Trimflex Flexible Post Binders,346.356,4,21
TEC-AC-10002399,SanDisk Cruzer 32 GB USB Flash Drive,346.164,5,19
OFF-AP-10000358,Fellowes Basic Home/Office Series Surge Protectors,345.26800000000003,8,34
FUR-FU-10004597,Eldon Cleatmat Chair Mats for Medium Pile Carpets,344.1,4,8
OFF-AP-10001492,"Acco Six-Outlet Power Strip, 4' Cord Length",343.076,9,41
TEC-MA-10000904,"Brother MFC-9340CDW LED All-In-One Printer, Copier Scanner",341.991,1,3
FUR-FU-10001473,"Eldon Executive Woodline II Desk Accessories, Mahogany",341.768,4,16
OFF-ST-10002301,Tennsco Commercial Shelving,341.712,8,19
TEC-PH-10004959,Classic Ivory Antique Telephone ZL1810,341.666,2,4
OFF-ST-10000136,Letter Size File,341.41999999999996,2,10
TEC-PH-10002293,Anker 36W 4-Port USB Wall Charger Travel Power Adapter for iPhone 5s 5c 5,339.83,6,22
OFF-SU-10000898,"Acme Hot Forged Carbon Steel Scissors with Nickel-Plated Handles, 3 7/8"" Cut, 8""L",339.15999999999997,5,27
TEC-AC-10002550,"Memorex 25GB 6X Branded Blu-Ray Recordable Disc, 30/Pack",338.66999999999996,2,12
TEC-PH-10004100,Griffin GC17055 Auxiliary Audio Cable,338.212,5,23
OFF-ST-10003455,"Tenex File Box, Personal Filing Tote with Lid, Black",338.118,7,24
OFF-ST-10002583,Fellowes Neat Ideas Storage Cubes,337.792,5,11
OFF-EN-10001335,"White Business Envelopes with Contemporary Seam, Recycled White Business Envelopes",336.952,6,34
TEC-PH-10001644,"BlueLounge Milo Smartphone Stand, White/Metallic",335.888,3,12
OFF-AR-10004042,"BOSTON Model 1800 Electric Pencil Sharpeners, Putty/Woodgrain",334.428,5,21
OFF-BI-10002225,"Square Ring Data Binders, Rigid 75 Pt. Covers, 11"" x 14-7/8""",334.368,7,22
FUR-FU-10001475,"Contract Clock, 14"", Brown",334.096,5,21
OFF-AP-10001469,Fellowes 8 Outlet Superior Workstation Surge Protector,333.68,2,8
OFF-AP-10002998,Holmes 99% HEPA Air Purifier,333.564,4,17
FUR-FU-10002379,Eldon Econocleat Chair Mats for Low Pile Carpets,331.76,2,8
OFF-BI-10002854,"Performers Binder/Pad Holder, Black",330.754,6,26
TEC-PH-10000141,Clearsounds A400,329.95,2,7
TEC-AC-10003038,Kingston Digital DataTraveler 16GB USB 2.0,329.36,9,39
OFF-PA-10003625,Xerox 1979,328.38800000000003,3,11
FUR-FU-10001986,"Dana Fluorescent Magnifying Lamp, White, 36""",326.272,3,9
OFF-BI-10004236,"XtraLife ClearVue Slant-D Ring Binder, White, 3""",325.896,7,27
OFF-EN-10004206,Multimedia Mailers,325.86,1,2
OFF-LA-10004544,Avery 505,325.6,6,24
TEC-AC-10001383,Logitech Wireless Touch Keyboard K400,324.87,2,13
TEC-PH-10002807,Motorla HX550 Universal Bluetooth Headset,324.31,3,11
TEC-AC-10002305,KeyTronic E03601U1 - Keyboard - Beige,324.0,6,18
TEC-PH-10002817,RCA ViSYS 25425RE1 Corded phone,323.976,1,3
FUR-BO-10003433,Sauder Cornerstone Collection Library,322.192,3,14
TEC-AC-10000682,Kensington K72356US Mouse-in-a-Box USB Desktop Mouse,321.846,6,20
OFF-PA-10004530,Personal Creations Ink Jet Cards and Labels,321.44,4,28
OFF-EN-10000483,"White Envelopes, White Envelopes with Clear Poly Window",320.25,5,22
TEC-MA-10004255,Konica Minolta magicolor 1690MF Multifunction Printer,319.92,1,8
OFF-PA-10000659,"TOPS Carbonless Receipt Book, Four 2-3/4 x 7-1/4 Money Receipts per Page",318.86400000000003,3,20
FUR-FU-10003374,Electrix Fluorescent Magnifier Lamps & Weighted Base,315.776,1,8
OFF-BI-10002353,GBC VeloBind Cover Sets,314.976,9,33
TEC-AC-10003657,Lenovo 17-Key USB Numeric Keypad,312.70799999999997,4,11
OFF-BI-10002824,Recycled Easel Ring Binders,308.844,9,35
OFF-PA-10003134,Xerox 1937,307.456,3,8
TEC-PH-10003800,i.Sound Portable Power - 8000 mAh,307.34200000000004,4,7
OFF-AP-10000692,Fellowes Mighty 8 Compact Surge Protector,304.05,5,17
OFF-ST-10001325,Sterilite Officeware Hinged File Box,303.92,8,30
TEC-AC-10001284,Enermax Briskie RF Wireless Keyboard and Mouse Combo,303.242,4,16
FUR-FU-10001057,Tensor Track Tree Floor Lamp,299.85,4,17
FUR-FU-10003347,Coloredge Poster Frame,298.2,6,21
OFF-AR-10001725,Boston Home & Office Model 2000 Electric Pencil Sharpeners,297.99,6,13
TEC-PH-10000149,Cisco SPA525G2 IP Phone - Wireless,295.26,3,17
OFF-AR-10002952,Stanley Contemporary Battery Pencil Sharpeners,293.7,4,24
OFF-PA-10004092,Tops Green Bar Computer Printout Paper,293.64,2,6
OFF-ST-10002214,X-Rack File for Hanging Folders,291.282,8,27
OFF-SU-10002573,"Acme 10"" Easy Grip Assistive Scissors",290.998,5,17
OFF-PA-10003656,Xerox 1935,290.18,2,11
TEC-AC-10003399,Memorex Mini Travel Drive 64 GB USB 2.0 Flash Drive,289.92,4,8
FUR-FU-10000629,9-3/4 Diameter Round Wall Clock,289.59,6,22
OFF-BI-10001658,GBC Standard Therm-A-Bind Covers,289.072,8,22
OFF-ST-10001328,"Personal Filing Tote with Lid, Black/Gray",288.486,6,20
TEC-AC-10002167,Imation 8gb Micro Traveldrive Usb 2.0 Flash Drive,288.0,6,20
TEC-MA-10002859,Ativa MDM8000 8-Sheet Micro-Cut Shredder,287.968,1,4
OFF-EN-10003286,Staple envelope,284.832,7,35
TEC-AC-10004864,Memorex Micro Travel Drive 32 GB,284.778,3,9
OFF-ST-10001228,"Fellowes Personal Hanging Folder Files, Navy",284.716,4,24
OFF-BI-10004233,"GBC Pre-Punched Binding Paper, Plastic, White, 8-1/2"" x 11""",284.622,7,29
OFF-ST-10000636,Rogers Profile Extra Capacity Storage Tub,284.58,5,18
OFF-PA-10002421,Embossed Ink Jet Note Cards,284.382,4,15
OFF-PA-10000565,Easy-staple paper,279.9,2,5
TEC-PH-10004833,Macally Suction Cup Mount,279.63,4,26
OFF-ST-10000760,Eldon Fold 'N Roll Cart System,279.6,4,22
OFF-ST-10004950,"Tenex Personal Filing Tote With Secure Closure Lid, Black/Frost",279.18,5,22
OFF-PA-10003823,Xerox 197,278.82,2,9
OFF-AP-10002670,Belkin 8-Outlet Premiere SurgeMaster II Surge Protectors,277.92,2,4
OFF-SU-10002537,Acme Box Cutter Scissors,276.21,5,28
TEC-AC-10002345,HP Standard 104 key PS/2 Keyboard,275.5,6,20
OFF-AR-10001958,Stanley Bostitch Contemporary Electric Pencil Sharpeners,275.076,7,19
OFF-PA-10003127,Easy-staple paper,274.352,5,11
TEC-PH-10000213,Seidio BD2-HK3IPH5-BK DILEX Case and Holster Combo for Apple iPhone 5/5s - Black,272.88800000000003,3,11
FUR-FU-10003724,Westinghouse Clip-On Gooseneck Lamps,272.86199999999997,8,37
OFF-BI-10003707,Aluminum Screw Posts,271.628,9,35
OFF-BI-10001294,Fellowes Binding Cases,271.44,5,31
OFF-BI-10001460,Plastic Binding Combs,269.67,5,23
OFF-PA-10001509,"Recycled Desk Saver Line ""While You Were Out"" Book, 5 1/2"" X 4""",268.5,5,30
OFF-PA-10002558,Xerox 1938,268.24,1,7
TEC-AC-10004227,SanDisk Ultra 16 GB MicroSDHC Class 10 Memory Card,267.594,6,25
OFF-AP-10002495,"Acco Smartsocket Table Surge Protector, 6 Color-Coded Adapter Outlets",266.815,2,5
OFF-LA-10003498,Avery 475,266.4,4,18
OFF-AP-10004532,Kensington 6 Outlet Guardian Standard Surge Protector,266.24,4,13
OFF-ST-10000344,"Neat Ideas Personal Hanging Folder Files, Black",265.914,6,21
OFF-AR-10000538,"Boston Model 1800 Electric Pencil Sharpener, Gray",264.61,2,10
TEC-AC-10000710,Maxell DVD-RAM Discs,263.68,2,16
OFF-EN-10001434,"Strathmore #10 Envelopes, Ultimate White",263.55,2,5
OFF-AR-10000658,Newell 324,263.34000000000003,7,23
FUR-FU-10004093,Hand-Finished Solid Wood Document Frame,260.14799999999997,3,8
TEC-AC-10003027,Imation 8GB Mini TravelDrive USB 2.0 Flash Drive,259.634,2,10
OFF-BI-10003676,"GBC Standard Recycled Report Covers, Clear Plastic Sheets",258.72,12,51
OFF-LA-10001074,Round Specialty Laser Printer Labels,258.118,4,24
OFF-AR-10003727,Berol Giant Pencil Sharpener,254.85000000000002,4,17
TEC-AC-10000991,Sony Micro Vault Click 8 GB USB 2.0 Flash Drive,253.74599999999998,2,6
OFF-AP-10000055,Belkin F9S820V06 8 Outlet Surge,253.344,3,15
OFF-SU-10001218,Fiskars Softgrip Scissors,252.54,5,23
TEC-PH-10002350,Apple EarPods with Remote and Mic,251.91,4,10
FUR-FU-10001934,Magnifier Swing Arm Lamp,251.76000000000002,5,12
TEC-AC-10004708,Sony 32GB Class 10 Micro SDHC R40 Memory Card,251.4,4,12
OFF-ST-10000649,Hanging Personal Folder File,251.2,5,17
TEC-AC-10004803,Sony Micro Vault Click 4 GB USB 2.0 Flash Drive,250.92000000000002,3,18
OFF-PA-10000380,"REDIFORM Incoming/Outgoing Call Register, 11"" X 8 1/2"", 100 Messages",248.53199999999998,7,33
OFF-ST-10003324,Belkin OmniView SE Rackmount Kit,248.35999999999999,2,7
OFF-ST-10002370,"Sortfiler Multipurpose Personal File Organizer, Black",248.124,3,13
TEC-AC-10001266,Memorex Micro Travel Drive 8 GB,247.0,6,21
OFF-AR-10004344,Bulldog Vacuum Base Pencil Sharpener,246.994,4,23
FUR-FU-10003577,Nu-Dell Leatherette Frames,246.64800000000002,3,18
OFF-BI-10001107,"GBC White Gloss Covers, Plain Front",246.16,6,29
OFF-AP-10000696,Holmes Odor Grabber,245.14,6,21
TEC-PH-10004188,OtterBox Commuter Series Case - Samsung Galaxy S4,244.90200000000002,3,11
OFF-ST-10000798,2300 Heavy-Duty Transfer File Systems by Perma,244.804,3,11
OFF-PA-10002499,Xerox 1890,244.7,2,5
OFF-EN-10001532,Brown Kraft Recycled Envelopes,244.512,5,15
FUR-FU-10000246,Aluminum Document Frame,244.39999999999998,5,22
OFF-ST-10004963,Eldon Gobal File Keepers,242.24,5,17
OFF-BI-10001628,"Acco Data Flex Cable Posts For Top & Bottom Load Binders, 6"" Capacity",241.976,8,34
OFF-EN-10003040,Quality Park Security Envelopes,240.764,4,11
FUR-FU-10000521,"Seth Thomas 14"" Putty-Colored Wall Clock",240.588,3,9
TEC-PH-10000439,GE DSL Phone Line Filter,239.94,3,7
TEC-PH-10000923,"Belkin SportFit Armband For iPhone 5s/5c, Fuchsia",239.84,5,21
OFF-BI-10001196,"Avery Flip-Chart Easel Binder, Black",239.466,4,17
OFF-FA-10004854,"Vinyl Coated Wire Paper Clips in Organizer Box, 800/Box",238.784,6,24
OFF-AP-10002403,Acco Smartsocket Color-Coded Six-Outlet AC Adapter Model Surge Protectors,237.654,3,8
OFF-PA-10000740,Xerox 1982,237.536,3,12
TEC-PH-10003589,invisibleSHIELD by ZAGG Smudge-Free Screen Protector,237.468,4,16
OFF-BI-10003719,Large Capacity Hanging Post Binders,237.025,4,20
OFF-LA-10004545,Avery 50,235.564,5,20
OFF-BI-10001098,Acco D-Ring Binder w/DublLock,235.18,9,31
TEC-PH-10001300,"iKross Bluetooth Portable Keyboard + Cell Phone Stand Holder + Brush for Apple iPhone 5S 5C 5, 4S 4",234.64000000000001,3,12
FUR-FU-10001889,Ultra Door Pull Handle,233.544,5,24
TEC-AC-10002331,"Maxell 74 Minute CDR, 10/Pack",232.764,5,26
TEC-AC-10004761,Maxell 4.7GB DVD+RW 3/Pack,232.57799999999997,3,15
OFF-PA-10000501,Petty Cash Envelope,231.856,3,10
TEC-AC-10000023,"Maxell 74 Minute CD-R Spindle, 50/Pack",230.67,4,11
OFF-ST-10001291,"Tenex Personal Self-Stacking Standard File Box, Black/Gray",229.976,5,15
OFF-AR-10003179,Dixon Ticonderoga Core-Lock Colored Pencils,229.572,7,28
FUR-CH-10002304,"Global Stack Chair without Arms, Black",228.62400000000002,2,11
OFF-PA-10004243,Xerox 1939,227.64,2,12
OFF-ST-10000107,Fellowes Super Stor/Drawer,227.55,3,9
TEC-MA-10003589,Cisco 8961 IP Phone Charcoal,224.937,1,3
FUR-FU-10001756,"Eldon Expressions Desk Accessory, Wood Photo Frame, Mahogany",224.672,4,16
TEC-PH-10000127,iOttie XL Car Mount,223.88799999999998,2,14
OFF-LA-10001158,"Avery Address/Shipping Labels for Typewriters, 4"" x 2""",223.56,5,22
OFF-SU-10000381,Acme Forged Steel Scissors with Black Enamel Handles,223.44,6,26
OFF-BI-10004828,GBC Poly Designer Binding Covers,222.642,5,16
OFF-AR-10003478,"Avery Hi-Liter EverBold Pen Style Fluorescent Highlighters, 4/Pack",219.78,6,31
OFF-AP-10003971,Belkin 6 Outlet Metallic Surge Strip,218.889,8,24
TEC-AC-10002718,Belkin Standard 104 key USB Keyboard,218.85,5,17
OFF-BI-10004001,GBC Recycled VeloBinder Covers,218.112,5,25
TEC-PH-10003988,"LF Elite 3D Dazzle Designer Hard Case Cover, Lf Stylus Pen and Wiper For Apple Iphone 5c Mini Lite",218.0,7,23
OFF-PA-10003441,Xerox 226,217.728,8,35
OFF-PA-10004665,Advantus Motivational Note Cards,217.46,4,19
FUR-FU-10003878,"Linden 10"" Round Wall Clock, Black",216.976,5,18
TEC-PH-10000169,ARKON Windshield Dashboard Air Vent Car Mount Holder,216.95999999999998,4,14
OFF-PA-10001776,"Wirebound Message Books, Four 2 3/4"" x 5"" Forms per Page, 600 Sets per Book",216.918,8,24
OFF-ST-10004946,Desktop 3-Pocket Hot File,216.4,1,4
TEC-AC-10001874,Logitech Wireless Anywhere Mouse MX for PC and Mac,215.964,2,4
TEC-PH-10002583,iOttie HLCRIO102 Car Mount,215.892,5,12
OFF-PA-10002986,Xerox 1898,215.096,9,35
OFF-PA-10003673,Strathmore Photo Mount Cards,214.248,7,33
OFF-BI-10001191,Canvas Sectional Post Binders,213.86399999999998,3,9
OFF-AR-10004078,Newell 312,213.744,9,45
OFF-BI-10004781,GBC Wire Binding Strips,212.65800000000002,5,14
FUR-FU-10000672,"Executive Impressions 10"" Spectator Wall Clock",211.68,4,18
OFF-BI-10000309,"GBC Twin Loop Wire Binding Elements, 9/16"" Spine, Black",211.558,7,28
OFF-ST-10002444,Recycled Eldon Regeneration Jumbo File,211.216,5,18
OFF-EN-10004386,"Recycled Interoffice Envelopes with String and Button Closure, 10 x 13",211.112,4,10
OFF-PA-10003022,Standard Line “While You Were Out” Hardbound Telephone Message Book,211.00799999999998,2,11
TEC-MA-10000029,"Epson WorkForce WF-2530 All-in-One Printer, Copier Scanner",209.97,1,3
OFF-PA-10000019,Xerox 1931,209.952,8,36
OFF-AR-10001468,"Sanford Prismacolor Professional Thick Lead Art Pencils, 36-Color Set",209.664,3,7
OFF-AR-10002445,SANFORD Major Accent Highlighters,209.56799999999998,7,30
OFF-BI-10001036,Cardinal EasyOpen D-Ring Binders,209.30599999999998,8,40
OFF-ST-10002205,File Shuttle I and Handi-File,209.244,2,10
OFF-PA-10001363,Xerox 1933,208.76,4,17
OFF-BI-10001636,Ibico Plastic and Wire Spiral Binding Combs,208.221,9,41
OFF-BI-10001575,GBC Linen Binding Covers,207.566,6,18
FUR-CH-10002317,Global Enterprise Series Seating Low-Back Swivel/Tilt Chairs,207.184,1,1
TEC-MA-10004521,Epson Perfection V600 Photo Scanner,206.991,1,3
OFF-ST-10002486,Eldon Shelf Savers Cubes and Bins,205.212,6,31
TEC-MA-10000423,Texas Instruments TI-34 Scientific Calculator,204.507,3,12
TEC-AC-10004992,Kingston Digital DataTraveler 64GB USB 2.0,202.68,2,6
FUR-FU-10004351,Staple-based wall hangings,202.592,6,24
TEC-AC-10000171,"Verbatim 25 GB 6x Blu-ray Single Layer Recordable Disc, 25/Pack",202.31199999999998,4,10
OFF-PA-10001972,Xerox 214,202.17600000000002,8,35
OFF-PA-10004156,Xerox 188,201.852,7,19
TEC-PH-10004830,Pyle PRT45 Retro Home Telephone,201.568,1,4
OFF-ST-10000885,Fellowes Desktop Hanging File Manager,201.45000000000002,4,15
OFF-PA-10003465,Xerox 1912,201.082,4,11
OFF-PA-10001685,Easy-staple paper,200.772,4,22
TEC-PH-10004071,PayAnywhere Card Reader,199.8,5,25
FUR-FU-10000397,Luxo Economy Swing Arm Lamp,199.4,4,10
TEC-AC-10002217,Imation Clip USB flash drive - 8 GB,199.28,5,12
OFF-AP-10004249,Staple holder,198.702,4,19
OFF-AR-10002987,Prismacolor Color Pencil Set,198.4,4,12
FUR-FU-10004864,Eldon 500 Class Desk Accessories,197.948,6,17
OFF-AP-10001947,Acco 6 Outlet Guardian Premium Plus Surge Suppressor,197.856,5,26
OFF-BI-10000050,"Angle-D Binders with Locking Rings, Label Holders",197.82999999999998,10,42
OFF-EN-10003567,"Inter-Office Recycled Envelopes, Brown Kraft, Button-String,10"" x 13"" , 100/Box",197.82,3,10
OFF-AR-10002818,Panasonic KP-310 Heavy-Duty Electric Pencil Sharpener,197.82,2,9
TEC-PH-10000702,"Square Credit Card Reader, 4 1/2"" x 4 1/2"" x 1"", White",197.802,5,27
OFF-AP-10003099,"Eureka Hand Vacuum, Bagless",197.72,1,4
OFF-EN-10002500,Globe Weis Peel & Seel First Class Envelopes,196.812,5,16
OFF-SU-10004231,Acme Tagit Stainless Steel Antibacterial Scissors,196.01999999999998,6,22
FUR-FU-10001940,Staple-based wall hangings,195.816,9,35
OFF-AP-10002578,"Fellowes Premier Superior Surge Suppressor, 10-Outlet, With Phone and Remote",195.68,3,6
FUR-FU-10004909,Contemporary Wood/Metal Frame,193.92,4,18
OFF-ST-10002352,Iris Project Case,193.116,5,26
FUR-FU-10004270,"Executive Impressions 13"" Clairmont Wall Clock",192.3,6,13
OFF-PA-10001281,Computer Printout Paper with Letter-Trim Fine Perforations,191.6,1,4
FUR-FU-10002445,"DAX Two-Tone Rosewood/Black Document Frame, Desktop, 5 x 7",191.49599999999998,6,22
TEC-AC-10001101,Sony 16GB Class 10 Micro SDHC R40 Memory Card,190.772,4,16
OFF-AR-10004456,Panasonic KP-4ABK Battery-Operated Pencil Sharpener,190.32,3,13
FUR-FU-10001591,Advantus Panel Wall Certificate Holder - 8.5x11,190.32,4,16
TEC-PH-10004774,Gear Head AU3700S Headset,189.654,3,16
OFF-AP-10004980,3M Replacement Filter for Office Air Cleaner for 20' x 33' Room,189.6,3,11
OFF-ST-10001031,Adjustable Personal File Tote,188.848,4,13
OFF-AP-10001962,Black & Decker Filter for Double Action Dustbuster Cordless Vac BLDV7210,187.936,5,23
FUR-FU-10000087,"Executive Impressions 14"" Two-Color Numerals Wall Clock",186.30399999999997,4,10
OFF-PA-10003724,"Wirebound Message Book, 4 per Page",184.62,7,35
TEC-AC-10004633,"Verbatim 25 GB 6x Blu-ray Single Layer Recordable Disc, 3/Pack",184.536,6,30
OFF-AP-10002439,Tripp Lite Isotel 8 Ultra 8 Outlet Metal Surge,184.522,2,7
OFF-BI-10004965,Ibico Covers for Plastic or Wire Binding Elements,184.0,7,20
OFF-PA-10000312,Xerox 1955,182.72,2,10
FUR-CH-10002017,SAFCO Optional Arm Kit for Workspace Cribbage Stacking Chair,181.152,4,9
OFF-AP-10003884,"Fellowes Smart Surge Ten-Outlet Protector, Platinum",180.66,1,3
TEC-PH-10001536,Spigen Samsung Galaxy S5 Case Wallet,180.094,4,11
TEC-MA-10003337,Okidata B401 Printer,179.991,1,3
OFF-PA-10000241,"IBM Multi-Purpose Copy Paper, 8 1/2 x 11"", Case",179.684,4,7
OFF-SU-10004782,"Elite 5"" Scissors",179.14,7,24
OFF-BI-10002103,"Cardinal Slant-D Ring Binder, Heavy Gauge Vinyl",179.014,10,37
OFF-PA-10002713,"Adams Phone Message Book, 200 Message Capacity, 8 1/16” x 11”",178.88,6,26
OFF-AR-10001915,Peel-Off China Markers,178.74,4,20
OFF-PA-10001725,Xerox 1892,178.296,2,5
FUR-FU-10004053,DAX Two-Tone Silver Metal Document Frame,178.112,4,9
OFF-LA-10002312,Avery 490,177.6,5,13
OFF-BI-10002706,Avery Premier Heavy-Duty Binder with Round Locking Rings,177.072,6,20
OFF-PA-10002245,Xerox 1895,177.008,6,30
FUR-FU-10004671,"Executive Impressions 12"" Wall Clock",176.7,6,14
OFF-ST-10000918,Crate-A-Files,176.58,7,18
OFF-EN-10002986,"#10-4 1/8"" x 9 1/2"" Premium Diagonal Seam Envelopes",176.288,2,13
OFF-PA-10003172,Xerox 1996,176.256,8,28
OFF-EN-10002592,"Peel & Seel Recycled Catalog Envelopes, Brown",176.01600000000002,4,17
TEC-AC-10000303,Logitech M510 Wireless Mouse,175.95600000000002,2,5
TEC-PH-10004531,OtterBox Commuter Series Case - iPhone 5 & 5s,175.92,2,10
FUR-FU-10000448,Tenex Chairmats For Use With Carpeted Floors,175.78,4,11
OFF-PA-10004082,"Adams Telephone Message Book w/Frequently-Called Numbers Space, 400 Messages per Book",175.56,5,22
TEC-PH-10002070,Griffin GC36547 PowerJolt SE Lightning Charger,175.422,3,10
OFF-BI-10001078,"Acco PRESSTEX Data Binder with Storage Hooks, Dark Blue, 14 7/8"" X 11""",175.388,7,37
OFF-BI-10004002,Wilson Jones International Size A4 Ring Binders,174.73000000000002,7,18
OFF-AR-10001860,BIC Liqua Brite Liner,173.5,6,27
FUR-FU-10000023,Eldon Wave Desk Accessories,171.988,7,34
FUR-FU-10001085,3M Polarizing Light Filter Sleeves,171.58,3,11
FUR-FU-10002396,"DAX Copper Panel Document Frame, 5 x 7 Size",171.088,5,18
OFF-PA-10002005,Xerox 225,171.072,8,28
OFF-PA-10004100,Xerox 216,171.072,6,29
OFF-BI-10001249,Avery Heavy-Duty EZD View Binder with Locking Rings,170.984,10,41
FUR-FU-10002088,Nu-Dell Float Frame 11 x 14 1/2,170.62,7,22
FUR-FU-10003464,"Seth Thomas 8 1/2"" Cubicle Clock",170.352,3,9
OFF-PA-10002764,Easy-staple paper,170.10000000000002,3,15
FUR-FU-10002813,"DAX Contemporary Wood Frame with Silver Metal Mat, Desktop, 11 x 14 Size",170.016,3,9
OFF-AP-10004785,"Holmes Replacement Filter for HEPA Air Cleaner, Medium Room",169.95,3,15
OFF-ST-10000876,Eldon Simplefile Box Office,169.184,5,15
OFF-AR-10001446,Newell 309,168.63,4,17
OFF-ST-10000419,"Rogers Jumbo File, Granite",168.392,4,13
OFF-EN-10003134,Staple envelope,168.192,5,17
FUR-FU-10002554,"Westinghouse Floor Lamp with Metal Mesh Shade, Black",167.93,4,7
TEC-AC-10001998,Logitech LS21 Speaker System - PC Multimedia - 2.1-CH - Wired,167.916,4,9
OFF-SU-10004664,Acme Softgrip Scissors,166.056,4,23
OFF-BI-10000014,Heavy-Duty E-Z-D Binders,163.65,7,25
OFF-BI-10000088,GBC Imprintable Covers,162.50400000000002,7,27
OFF-SU-10004261,"Fiskars 8"" Scissors, 2/Pack",162.056,3,10
FUR-FU-10003849,"DAX Metal Frame, Desktop, Stepped-Edge",161.92,5,11
FUR-FU-10000221,"Master Caster Door Stop, Brown",161.544,8,35
OFF-PA-10004041,"It's Hot Message Books with Stickers, 2 3/4"" x 5""",161.32,6,25
OFF-AR-10004648,Boston 19500 Mighty Mite Electric Pencil Sharpener,161.2,3,8
OFF-PA-10000726,"Black Print Carbonless Snap-Off Rapid Letter, 8 1/2"" x 7""",160.336,4,19
OFF-FA-10002280,Advantus Plastic Paper Clips,160.0,8,34
TEC-AC-10004518,Memorex Mini Travel Drive 32 GB USB 2.0 Flash Drive,160.0,1,8
TEC-PH-10003535,RCA ViSYS 25423RE1 Corded phone,159.984,1,2
OFF-AR-10003752,Deluxe Chalkboard Eraser Cleaner,159.39,4,15
TEC-AC-10003441,Kingston Digital DataTraveler 32GB USB 2.0,159.32999999999998,4,10
FUR-FU-10004963,"Eldon 400 Class Desk Accessories, Black Carbon",159.25,6,22
FUR-FU-10003798,"Ultra Door Kickplate, 8""H x 34""W",158.24,2,10
OFF-AP-10000326,Belkin 7 Outlet SurgeMaster Surge Protector with Phone Protection,157.92,1,5
TEC-PH-10004897,Mediabridge Sport Armband iPhone 5s,157.84199999999998,5,20
OFF-BI-10004308,Avery Legal 4-Ring Binder,157.35,3,10
OFF-BI-10003291,Wilson Jones Leather-Like Binders with DublLock Round Rings,156.267,8,34
OFF-PA-10000300,Xerox 1936,155.844,3,9
FUR-FU-10000794,"Eldon Stackable Tray, Side-Load, Legal, Smoke",155.38,5,17
OFF-PA-10000919,Xerox 1918,155.04,1,4
FUR-FU-10002456,"Master Caster Door Stop, Large Neon Orange",154.336,7,27
OFF-PA-10002137,"Southworth 100% Résumé Paper, 24lb.",154.044,6,21
OFF-LA-10004093,Avery 486,153.51,8,22
OFF-BI-10001922,Storex Dura Pro Binders,153.252,5,33
OFF-SU-10000946,Staple remover,153.216,4,21
OFF-LA-10001569,Avery 499,152.388,9,34
FUR-FU-10004017,"Executive Impressions 13"" Chairman Wall Clock",152.28,2,6
OFF-BI-10004826,JM Magazine Binder,151.892,4,14
FUR-FU-10003424,Nu-Dell Oak Frame,151.656,3,16
OFF-PA-10003591,Southworth 100% Cotton The Best Paper,151.536,3,15
OFF-ST-10004258,Portable Personal File Box,151.404,4,13
OFF-AP-10003266,"Holmes Replacement Filter for HEPA Air Cleaner, Large Room",151.062,4,12
OFF-ST-10002182,"Iris 3-Drawer Stacking Bin, Black",150.408,1,9
FUR-FU-10003731,"Eldon Expressions Wood and Plastic Desk Accessories, Oak",149.70000000000002,5,15
OFF-ST-10000352,Acco Perma 2700 Stacking Storage Drawers,148.70000000000002,3,6
OFF-EN-10000461,"#10- 4 1/8"" x 9 1/2"" Recycled Envelopes",148.58,5,19
TEC-PH-10003187,Anker Astro Mini 3000mAh Ultra-Compact Portable Charger,147.926,4,9
OFF-SU-10004884,Acme Galleria Hot Forged Steel Scissors with Colored Handles,147.862,2,10
OFF-FA-10001883,"Alliance Super-Size Bands, Assorted Sizes",147.82,3,19
OFF-AP-10004136,Kensington 6 Outlet SmartSocket Surge Protector,147.528,2,6
OFF-PA-10000249,Easy-staple paper,147.36,5,13
OFF-AP-10001303,"Holmes Cool Mist Humidifier for the Whole House with 8-Gallon Output per Day, Extended Life Filter",147.26,4,9
OFF-AP-10004036,Bionaire 99.97% HEPA Air Cleaner,147.16799999999998,3,13
OFF-BI-10004970,"ACCOHIDE 3-Ring Binder, Blue, 1""",147.028,13,44
OFF-BI-10000948,"GBC Laser Imprintable Binding System Covers, Desert Sand",146.981,6,17
OFF-BI-10002931,"Avery Trapezoid Extra Heavy Duty 4"" Binders",146.79,3,10
OFF-PA-10004735,Xerox 1905,146.448,5,23
OFF-AR-10004999,Newell 315,145.912,6,25
TEC-PH-10000376,Square Credit Card Reader,145.854,5,19
FUR-BO-10002268,Sauder Barrister Bookcases,145.764,1,6
OFF-ST-10004634,"Personal Folder Holder, Ebony",145.73000000000002,6,14
OFF-LA-10001297,Avery 473,144.9,3,14
OFF-PA-10000143,Astroparche Fine Business Paper,144.672,6,29
FUR-FU-10003691,"Eldon Image Series Desk Accessories, Ebony",143.26,3,12
OFF-AP-10001366,Staple holder,142.74,3,13
OFF-PA-10003797,Xerox 209,142.56,4,22
OFF-PA-10001950,Southworth 25% Cotton Antique Laid Paper & Envelopes,141.78,4,19
OFF-PA-10004983,Xerox 23,141.264,6,23
OFF-ST-10001580,Super Decoflex Portable Personal File,140.812,3,10
OFF-PA-10000575,"Wirebound Message Books, Four 2 3/4 x 5 White Forms per Page",140.49,3,21
OFF-FA-10000134,"Advantus Push Pins, Aluminum Head",139.44,5,24
TEC-AC-10003499,Memorex Mini Travel Drive 8 GB USB 2.0 Flash Drive,138.95999999999998,3,14
OFF-PA-10003651,Xerox 1968,138.944,4,21
OFF-PA-10001184,Xerox 1903,138.736,6,24
OFF-PA-10001870,Xerox 202,138.672,7,23
OFF-PA-10002250,Things To Do Today Pad,138.532,7,26
FUR-FU-10004587,"GE General Use Halogen Bulbs, 100 Watts, 1 Bulb per Pack",138.204,2,12
OFF-AR-10003156,50 Colored Long Pencils,138.176,5,14
OFF-ST-10003996,"Letter/Legal File Tote with Clear Snap-On Lid, Black Granite",138.11599999999999,3,9
OFF-BI-10003694,"Avery 3 1/2"" Diskette Storage Pages, 10/Pack",137.808,6,27
OFF-FA-10003495,Staples,137.40800000000002,4,26
OFF-PA-10004101,Xerox 1894,137.376,4,22
FUR-FU-10000175,DAX Wood Document Frame.,137.29999999999998,3,12
FUR-FU-10002364,"Eldon Expressions Wood Desk Accessories, Oak",137.268,9,25
OFF-PA-10000246,Riverleaf Stik-Withit Designer Note Cubes,136.816,5,15
OFF-BI-10003429,"Cardinal HOLDit! Binder Insert Strips,Extra Strips",136.728,9,41
FUR-TA-10001691,"Barricks Non-Folding Utility Table with Steel Legs, Laminate Tops",136.464,1,2
OFF-BI-10001072,"GBC Clear Cover, 8-1/2 x 11, unpunched, 25 covers per pack",136.44,4,15
OFF-SU-10003567,Stiletto Hand Letter Openers,136.32,4,17
OFF-AR-10004062,Staples in misc. colors,136.24,2,13
FUR-FU-10001967,Telescoping Adjustable Floor Lamp,135.93200000000002,5,9
OFF-BI-10003476,Avery Metallic Poly Binders,135.80100000000002,6,31
TEC-PH-10001870,Lunatik TT5L-002 Taktik Strike Impact Protection System for iPhone 5,134.70600000000002,2,3
OFF-BI-10001617,GBC Wire Binding Combs,134.42000000000002,5,17
OFF-FA-10003112,Staples,134.13,6,20
OFF-PA-10002160,Xerox 1978,134.096,6,26
OFF-SU-10004498,Martin-Yale Premier Letter Opener,133.952,5,11
OFF-BI-10004139,Fellowes Presentation Covers for Comb Binding Machines,133.86,2,14
FUR-FU-10004245,"Career Cubicle Clock, 8 1/4"", Black",133.848,2,7
OFF-PA-10004285,Xerox 1959,133.6,6,21
FUR-FU-10003976,"DAX Executive Solid Wood Document Frame, Desktop or Hang, Mahogany, 5 x 7",133.348,3,12
OFF-AP-10003860,Fellowes Advanced 8 Outlet Surge Suppressor with Phone/Fax Protection,133.248,2,6
TEC-PH-10004348,OtterBox Defender Series Case - iPhone 5c,133.128,2,5
OFF-BI-10000474,Avery Recycled Flexi-View Covers for Binding Systems,133.049,6,28
TEC-PH-10002844,Speck Products Candyshell Flip Case,132.962,3,6
OFF-EN-10004459,Security-Tint Envelopes,132.936,8,19
TEC-AC-10004859,"Maxell Pro 80 Minute CD-R, 10/Pack",132.84799999999998,2,8
FUR-FU-10000820,Tensor Brushed Steel Torchiere Floor Lamp,132.522,3,9
TEC-AC-10003614,"Verbatim 25 GB 6x Blu-ray Single Layer Recordable Disc, 10/Pack",132.126,4,12
OFF-PA-10002120,Xerox 1889,131.904,1,3
OFF-LA-10000240,Self-Adhesive Address Labels for Typewriters by Universal,131.57999999999998,5,20
OFF-BI-10000320,GBC Plastic Binding Combs,131.364,9,23
TEC-MA-10003173,Hewlett-Packard 300S Scientific Calculator,131.1,2,10
OFF-EN-10001099,Staple envelope,131.052,4,15
OFF-PA-10004621,Xerox 212,130.89600000000002,6,23
OFF-EN-10001990,Staple envelope,130.64,6,23
OFF-PA-10002689,Weyerhaeuser First Choice Laser/Copy Paper (20Lb. and 88 Bright),129.6,3,21
OFF-PA-10004040,Universal Premium White Copier/Laser Paper (20Lb. and 87 Bright),129.168,5,24
FUR-FU-10002703,"Tenex Traditional Chairmats for Hard Floors, Average Lip, 36"" x 48""",128.9,1,2
OFF-BI-10000301,GBC Instant Report Kit,128.75300000000001,10,34
OFF-BI-10003876,"Green Canvas Binder for 8-1/2"" x 14"" Sheets",128.4,1,3
OFF-EN-10001219,"#10- 4 1/8"" x 9 1/2"" Security-Tint Envelopes",126.824,6,18
OFF-AP-10002082,Holmes HEPA Air Purifier,126.324,3,8
OFF-BI-10000174,"Wilson Jones Clip & Carry Folder Binder Tool for Ring Binders, Clear",125.85999999999999,6,34
OFF-PA-10002893,"Wirebound Service Call Books, 5 1/2"" x 4""",125.84,5,13
OFF-AP-10003281,Acco 6 Outlet Guardian Standard Surge Suppressor,125.736,4,13
TEC-AC-10001590,Dell Slim USB Multimedia Keyboard,125.0,2,5
OFF-AR-10003338,"Eberhard Faber 3 1/2"" Golf Pencils",124.992,6,18
TEC-PH-10002789,LG Exalt,124.792,1,1
FUR-FU-10000073,Deflect-O Glasstique Clear Desk Accessories,124.74,3,17
OFF-LA-10004484,Avery 476,124.726,9,34
OFF-PA-10002606,Xerox 1928,124.608,4,26
FUR-FU-10000260,"6"" Cubicle Wall Clock, Black",124.586,4,19
OFF-AR-10003696,Panasonic KP-350BK Electric Pencil Sharpener with Auto Stop,124.488,3,4
FUR-FU-10003799,"Seth Thomas 13 1/2"" Wall Clock",124.46000000000001,2,7
OFF-PA-10001639,Xerox 203,124.416,5,21
OFF-PA-10001800,Xerox 220,124.416,6,21
OFF-LA-10000414,Avery 503,124.2,3,12
OFF-AR-10003631,Staples in misc. colors,123.904,4,30
OFF-AR-10001761,Avery Hi-Liter Smear-Safe Highlighters,123.80799999999999,6,24
OFF-PA-10002262,Xerox 192,123.12,5,19
OFF-PA-10004438,Xerox 1907,122.8,3,10
OFF-AR-10001683,Lumber Crayons,122.14,5,14
OFF-FA-10000621,"OIC Colored Binder Clips, Assorted Sizes",121.72,6,39
OFF-PA-10001994,"Ink Jet Note and Greeting Cards, 8-1/2"" x 5-1/2"" Card Size",121.392,3,6
FUR-FU-10001867,"Eldon Expressions Punched Metal & Wood Desk Accessories, Pewter & Cherry",121.296,3,13
OFF-PA-10001838,"Adams Telephone Message Book W/Dividers/Space For Phone Numbers, 5 1/4""X8 1/2"", 300/Messages",121.128,9,22
OFF-FA-10000624,OIC Binder Clips,121.00399999999999,6,36
OFF-PA-10001569,Xerox 232,120.52799999999999,4,19
TEC-AC-10003447,Micropad Numeric Keypads,119.94,2,6
TEC-AC-10001956,Microsoft Arc Touch Mouse,119.9,1,2
FUR-BO-10002206,"Bush Saratoga Collection 5-Shelf Bookcase, Hanover Cherry, *Special Order",119.833,1,1
FUR-FU-10000771,"Eldon 200 Class Desk Accessories, Smoke",119.32,3,19
OFF-PA-10000174,"Message Book, Wirebound, Four 5 1/2"" X 4"" Forms/Pg., 200 Dupl. Sets/Book",119.248,5,14
OFF-BI-10004040,Wilson Jones Impact Binders,119.14,7,35
OFF-BI-10004209,"Fellowes Twister Kit, Gray/Clear, 3/pkg",118.992,6,23
OFF-BI-10004817,GBC Personal VeloBind Strips,118.602,5,23
OFF-AR-10000122,Newell 314,118.296,7,24
FUR-FU-10002553,"Electrix Incandescent Magnifying Lamp, Black",117.28,2,5
OFF-AR-10003504,Newell 347,117.27199999999999,6,29
OFF-PA-10001471,Strathmore Photo Frame Cards,116.96000000000001,4,16
OFF-BI-10003981,"Avery Durable Plastic 1"" Binders",116.224,7,34
OFF-AR-10001419,Newell 325,115.64,5,31
OFF-ST-10001228,Personal File Boxes with Fold-Down Carry Handle,115.292,3,8
OFF-BI-10000404,Avery Printable Repositionable Plastic Tabs,115.24000000000001,6,16
OFF-ST-10002562,Staple magnet,114.436,5,14
FUR-FU-10000732,Eldon 200 Class Desk Accessories,114.296,6,19
TEC-AC-10004209,Memorex Froggy Flash Drive 4 GB,114.29599999999999,4,12
OFF-PA-10000327,Xerox 1971,113.84800000000001,6,28
OFF-PA-10002377,"Adams Telephone Message Book W/Dividers/Space For Phone Numbers, 5 1/4""X8 1/2"", 200/Messages",113.6,5,20
FUR-FU-10004848,DAX Solid Wood Frames,113.332,3,13
OFF-ST-10003327,Akro-Mils 12-Gallon Tote,113.202,4,13
OFF-PA-10002036,Xerox 1930,112.75200000000001,4,19
OFF-PA-10003848,Xerox 1997,112.75200000000001,5,19
OFF-BI-10001757,Pressboard Hanging Data Binders for Unburst Sheets,112.66799999999999,10,48
FUR-FU-10001487,"Eldon Expressions Wood and Plastic Desk Accessories, Cherry Wood",111.68,4,16
FUR-FU-10002597,"C-Line Magnetic Cubicle Keepers, Clear Polypropylene",111.644,6,23
OFF-PA-10000791,"Wirebound Message Books, Four 2 3/4 x 5 Forms per Page, 200 Sets per Book",111.618,5,25
OFF-PA-10001934,Xerox 1993,111.45600000000002,6,18
OFF-PA-10001534,Xerox 230,111.456,4,18
OFF-SU-10001664,Acme Office Executive Series Stainless Steel Trimmers,111.41,6,14
OFF-BI-10001116,"Wilson Jones 1"" Hanging DublLock Ring Binders",111.408,9,42
OFF-PA-10000520,Xerox 201,110.16,5,19
OFF-PA-10001892,"Rediform Wirebound ""Phone Memo"" Message Book, 11 x 5-3/4",110.01599999999999,5,17
OFF-BI-10002437,Recycled Premium Regency Composition Covers,110.01599999999999,3,9
FUR-FU-10002157,Artistic Insta-Plaque,109.75999999999999,2,7
OFF-LA-10001934,Avery 516,109.64999999999999,4,15
OFF-ST-10001505,"Perma STOR-ALL Hanging File Box, 13 1/8""W x 12 1/4""D x 10 1/2""H",108.836,5,21
OFF-PA-10001745,"Wirebound Message Books, 2 7/8"" x 5"", 3 Forms per Page",108.416,3,17
FUR-FU-10001935,3M Hangers With Command Adhesive,108.03999999999999,8,33
TEC-AC-10001090,Micro Innovations Wireless Classic Keyboard with Mouse,107.964,2,4
OFF-AR-10004757,Crayola Colored Pencils,107.584,10,36
FUR-FU-10002671,Electrix 20W Halogen Replacement Bulb for Zoom-In Desk Lamp,107.2,3,8
OFF-BI-10001153,Ibico Recycled Grain-Textured Covers,107.074,3,7
OFF-PA-10001593,Xerox 1947,106.444,4,20
OFF-PA-10000587,"Array Parchment Paper, Assorted Colors",106.288,4,15
TEC-AC-10004877,Imation 30456 USB Flash Drive 8GB,106.25999999999999,3,16
OFF-BI-10003460,Acco 3-Hole Punch,105.996,7,28
OFF-BI-10001900,"DXL Angle-View Binders with Locking Rings, Black",105.424,3,22
OFF-PA-10004610,Xerox 1900,105.288,7,26
OFF-AR-10000034,"BIC Brite Liner Grip Highlighters, Assorted, 5/Pack",105.15200000000002,5,25
TEC-AC-10002134,Rosewill 107 Normal Keys USB Wired Standard Keyboard,105.14399999999999,3,9
OFF-BI-10004728,Wilson Jones Turn Tabs Binder Tool for Ring Binders,105.07600000000001,9,34
TEC-AC-10000397,"Perixx PERIBOARD-512B, Ergonomic Split Keyboard",104.97,1,3
OFF-PA-10002246,"Wirebound Four 2-3/4 x 5 Forms per Page, 400 Sets per Book",104.49000000000001,5,19
FUR-FU-10002960,"Eldon 200 Class Desk Accessories, Burgundy",104.248,4,20
OFF-AP-10002472,3M Office Air Cleaner,103.92,1,4
TEC-PH-10000148,Cyber Acoustics AC-202b Speech Recognition Stereo Headset,103.91999999999999,4,9
TEC-AC-10003237,Memorex Micro Travel Drive 4 GB,103.88,3,11
OFF-BI-10001553,SpineVue Locking Slant-D Ring Binders by Cardinal,103.28200000000001,7,21
OFF-PA-10002615,"Ampad Gold Fibre Wirebound Steno Books, 6"" x 9"", Gregg Ruled",103.194,7,24
OFF-EN-10003862,Laser & Ink Jet Business Envelopes,102.432,2,11
OFF-PA-10004451,Xerox 222,102.384,6,17
TEC-MA-10002694,Hewlett-Packard Deskjet F4180 All-in-One Color Ink-jet - Printer / copier / scanner,101.994,1,2
OFF-LA-10001613,Avery File Folder Labels,101.952,11,39
FUR-FU-10003095,"Linden 12"" Wall Clock With Oak Frame",101.94,1,3
TEC-AC-10004396,Logitech Keyboard K120,101.64,2,7
OFF-BI-10001097,Avery Hole Reinforcements,101.549,7,24
OFF-BI-10000829,Avery Non-Stick Binders,101.474,6,26
OFF-BI-10002982,Avery Self-Adhesive Photo Pockets for Polaroid Photos,101.46900000000001,9,29
OFF-AR-10003560,Zebra Zazzle Fluorescent Highlighters,100.928,6,20
OFF-BI-10002412,Wilson Jones “Snap” Scratch Pad Binder Tool for Ring Binders,100.92,5,22
OFF-BI-10000343,"Pressboard Covers with Storage Hooks, 9 1/2"" x 11"", Light Blue",100.655,11,42
OFF-EN-10001028,Staple envelope,100.63199999999999,2,9
OFF-AP-10000252,Harmony HEPA Quiet Air Purifiers,100.62,3,9
OFF-AP-10000027,Hoover Commercial SteamVac,100.492,3,9
OFF-BI-10003963,Cardinal Holdit Data Disk Pockets,100.464,3,16
OFF-BI-10001758,Wilson Jones 14 Line Acrylic Coated Pressboard Data Binders,100.392,4,23
OFF-PA-10000210,Xerox Blank Computer Paper,99.9,1,5
FUR-FU-10001706,Longer-Life Soft White Bulbs,99.792,8,39
OFF-PA-10003072,"Eureka Recycled Copy Paper 8 1/2"" x 11"", Ream",99.792,5,17
FUR-FU-10003832,"Eldon Expressions Punched Metal & Wood Desk Accessories, Black & Cherry",99.428,4,14
OFF-LA-10002475,Avery 519,99.416,5,15
OFF-BI-10001031,Pressboard Data Binders by Wilson Jones,99.324,8,27
OFF-ST-10003572,Portfile Personal File Boxes,99.11999999999999,2,7
FUR-FU-10000409,"GE 4 Foot Flourescent Tube, 40 Watt",98.868,3,7
OFF-AP-10002222,Staple holder,98.838,3,12
TEC-AC-10002550,Maxell 4.7GB DVD-RW 3/Pack,98.76599999999999,3,7
FUR-FU-10001037,"DAX Charcoal/Nickel-Tone Document Frame, 5 x 7",98.592,5,12
OFF-PA-10000061,Xerox 205,98.49600000000001,3,16
OFF-LA-10001641,Avery 518,98.28,6,32
OFF-LA-10002945,"Permanent Self-Adhesive File Folder Labels for Typewriters, 1 1/8 x 3 1/2, White",98.28,5,18
OFF-BI-10002215,"Wilson Jones Hanging View Binder, White, 1""",97.97999999999999,5,15
FUR-FU-10002030,"Executive Impressions 14"" Contract Wall Clock with Quartz Movement",97.812,2,8
OFF-SU-10000952,Fiskars Home & Office Scissors,97.68,3,11
OFF-PA-10000743,Xerox 1977,97.52799999999999,5,15
OFF-PA-10001804,Xerox 195,97.52799999999999,5,16
OFF-LA-10002043,Avery 489,97.28999999999999,3,10
OFF-PA-10003893,Xerox 1962,96.72800000000001,6,25
TEC-AC-10000290,Sabrent 4-Port USB 2.0 Hub,96.418,4,15
FUR-FU-10000010,"DAX Value U-Channel Document Frames, Easel Back",96.41799999999999,6,20
OFF-PA-10001166,Xerox 2,95.904,6,17
OFF-LA-10003148,Avery 51,95.75999999999999,5,16
OFF-LA-10000407,Avery White Multi-Purpose Labels,95.616,4,20
OFF-AR-10003514,4009 Highlighters by Sanford,95.52,5,25
OFF-ST-10003722,Project Tote Personal File,95.404,3,8
OFF-SU-10001165,Acme Elite Stainless Steel Scissors,95.076,5,12
OFF-PA-10000659,"Adams Phone Message Book, Professional, 400 Message Capacity, 5 3/6” x 11”",94.928,3,14
OFF-EN-10001539,Staple envelope,94.916,4,13
OFF-PA-10002947,Xerox 1923,94.856,5,16
OFF-PA-10002787,Xerox 227,94.608,6,18
OFF-LA-10003766,Self-Adhesive Removable Labels,94.5,6,30
OFF-PA-10004569,"Wirebound Message Books, Two 4 1/4"" x 5"" Forms per Page",94.364,4,13
FUR-FU-10002268,Ultra Door Push Plate,94.272,6,20
OFF-BI-10000756,Storex DuraTech Recycled Plastic Frosted Binders,94.128,8,39
OFF-BI-10002309,Avery Heavy-Duty EZD  Binder With Locking Rings,93.744,5,25
OFF-AR-10002399,"Dixon Prang Watercolor Pencils, 10-Color Set with Brush",93.72,6,23
FUR-FU-10000755,Eldon Expressions Mahogany Wood Desk Collection,93.6,2,15
FUR-FU-10002506,"Tensor ""Hersey Kiss"" Styled Floor Lamp",93.52799999999999,3,8
OFF-PA-10001937,Xerox 21,93.312,5,18
OFF-PA-10001001,"Snap-A-Way Black Print Carbonless Speed Message, No Reply Area, Duplicate",93.248,1,4
OFF-AR-10003829,Newell 35,93.152,9,30
OFF-FA-10002780,Staples,92.976,5,37
OFF-PA-10003845,Xerox 1987,92.48,4,16
OFF-PA-10001667,Great White Multi-Use Recycled Paper (20Lb. and 84 Bright),92.092,5,16
OFF-AP-10004233,Honeywell Enviracaire Portable Air Cleaner for up to 8 x 10 Room,92.064,1,6
OFF-BI-10003910,DXL Angle-View Binders with Locking Rings by Samsill,91.74900000000001,6,16
OFF-ST-10000321,Akro Stacking Bins,91.524,6,13
TEC-MA-10003493,Penpower WorldCard Pro Card Scanner,91.475,1,1
OFF-BI-10003712,"Acco Pressboard Covers with Storage Hooks, 14 7/8"" x 11"", Light Blue",91.326,9,33
OFF-LA-10002195,Avery 481,91.168,5,30
FUR-BO-10001567,"Bush Westfield Collection Bookcases, Dark Cherry Finish, Fully Assembled",90.882,1,3
OFF-SU-10002503,Acme Preferred Stainless Steel Scissors,90.88,4,16
OFF-PA-10003363,Xerox 204,90.72,3,14
FUR-FU-10004666,DAX Clear Channel Poster Frame,90.396,2,8
OFF-PA-10001457,White GlueTop Scratch Pads,90.24,1,6
OFF-PA-10002751,Xerox 1920,89.7,4,15
OFF-AR-10002656,Sanford Liquid Accent Highlighters,89.512,4,15
FUR-FU-10001918,C-Line Cubicle Keepers Polyproplyene Holder With Velcro Backings,88.924,6,20
OFF-EN-10002312,#10 Self-Seal White Envelopes,88.72,2,8
OFF-LA-10001771,Avery 513,88.644,4,21
OFF-BI-10002072,Cardinal Slant-D Ring Binders,88.638,3,13
OFF-PA-10004971,Xerox 196,87.856,7,17
OFF-AP-10003622,"Bravo II Megaboss 12-Amp Hard Body Upright, Replacement Belts, 2 Belts per Pack",87.75,5,29
OFF-BI-10003355,Cardinal Holdit Business Card Pockets,87.648,8,25
FUR-FU-10004020,Advantus Panel Wall Acrylic Frame,87.52,5,20
OFF-LA-10003223,Avery 508,87.398,6,19
OFF-PA-10003790,Xerox 1991,86.792,2,4
OFF-PA-10000349,Easy-staple paper,86.652,7,18
OFF-BI-10001308,GBC Standard Plastic Binding Systems' Combs,86.036,6,26
OFF-BI-10004410,"C-Line Peel & Stick Add-On Filing Pockets, 8-3/4 x 5-1/8, 10/Pack",85.995,4,21
OFF-PA-10004888,Xerox 217,85.536,5,14
OFF-PA-10000029,Xerox 224,85.536,5,15
OFF-PA-10003001,Xerox 1986,85.50399999999999,4,13
OFF-BI-10000605,"Acco Pressboard Covers with Storage Hooks, 9 1/2"" x 11"", Executive Red",85.344,8,26
OFF-BI-10000279,"Acco Recycled 2"" Capacity Laser Printer Hanging Data Binders",85.255,4,10
OFF-PA-10002666,Southworth 25% Cotton Linen-Finish Paper & Envelopes,85.164,3,11
OFF-PA-10001166,Xerox 1932,85.056,1,3
OFF-SU-10004661,Acme Titanium Bonded Scissors,85.0,4,11
FUR-FU-10004712,"Westinghouse Mesh Shade Clip-On Gooseneck Lamp, Black",84.84,2,6
OFF-PA-10003270,Xerox 1954,84.48,4,18
OFF-BI-10003727,Avery Durable Slant Ring Binders With Label Holder,84.43599999999999,8,31
OFF-PA-10004911,"Rediform S.O.S. 1-Up Phone Message Bk, 4-1/4x3-1/16 Bk, 1 Form/Pg, 40 Messages/Bk, 3/Pk",84.42,3,9
OFF-AR-10000475,"Hunt BOSTON Vista Battery-Operated Pencil Sharpener, Black",83.952,4,8
OFF-AP-10004868,Hoover Commercial Soft Guard Upright Vacuum And Disposable Filtration Bags,83.916,3,17
OFF-AP-10002287,"Eureka Sanitaire  Multi-Pro Heavy-Duty Upright, Disposable Bags",83.904,5,22
OFF-BI-10002571,"Avery Framed View Binder, EZD Ring (Locking), Navy, 1 1/2""",83.83200000000001,5,17
FUR-FU-10003096,"Master Giant Foot Doorstop, Safety Yellow",83.49,3,12
OFF-AR-10000390,Newell Chalk Holder,83.426,7,21
OFF-BI-10002827,Avery Durable Poly Binders,82.95,6,33
OFF-AR-10004269,Newell 31,82.6,4,21
OFF-PA-10001952,Xerox 1902,82.22399999999999,2,4
OFF-AR-10000817,Manco Dry-Lighter Erasable Highlighter,82.08,6,28
FUR-FU-10004270,"Eldon Image Series Desk Accessories, Burgundy",81.928,6,24
OFF-AR-10003056,Newell 341,81.32,5,19
OFF-AR-10000634,Newell 320,81.32,7,23
OFF-BI-10000546,Avery Durable Binders,81.216,11,43
FUR-FU-10004586,G.E. Longer-Life Indoor Recessed Floodlight Bulbs,81.00800000000001,6,16
OFF-PA-10001560,"Adams Telephone Message Books, 5 1/4” x 11”",80.936,5,15
TEC-AC-10000521,"Verbatim Slim CD and DVD Storage Cases, 50/Pack",80.78,4,8
OFF-AR-10003602,"Quartet Omega Colored Chalk, 12/Pack",80.592,7,15
OFF-PA-10003349,Xerox 1957,80.352,5,14
OFF-PA-10004609,Xerox 221,80.352,4,14
OFF-PA-10000788,Xerox 210,80.352,5,15
OFF-AR-10001374,"BIC Brite Liner Highlighters, Chisel Tip",80.352,4,14
OFF-BI-10004654,Avery Binding System Hidden Tab Executive Style Index Sets,80.203,7,24
OFF-PA-10000069,"TOPS 4 x 6 Fluorescent Color Memo Sheets, 500 Sheets per Pack",79.716,2,10
OFF-AR-10004685,"Binney & Smith Crayola Metallic Colored Pencils, 8-Color Set",79.636,6,18
OFF-ST-10001034,Eldon File Chest Portable File,79.4,1,5
OFF-PA-10002195,"RSVP Cards & Envelopes, Blank White, 8-1/2"" X 11"", 24 Cards/25 Envelopes/Set",79.248,5,17
TEC-PH-10002185,QVS USB Car Charger 2-Port 2.1Amp for iPod/iPhone/iPad/iPad 2/iPad 3,79.22999999999999,5,13
OFF-PA-10002195,Xerox 1966,79.056,6,14
OFF-PA-10001293,Xerox 1946,79.056,3,13
OFF-PA-10000289,Xerox 213,79.056,5,13
OFF-PA-10004996,"Speediset Carbonless Redi-Letter 7"" x 8 1/2""",78.356,3,9
OFF-PA-10002479,Xerox 4200 Series MultiUse Premium Copy Paper (20Lb. and 84 Bright),78.144,5,16
OFF-ST-10002957,Sterilite Show Offs Storage Containers,78.144,5,16
OFF-LA-10000305,Avery 495,78.12,3,13
OFF-EN-10004955,Fashion Color Clasp Envelopes,77.904,3,15
OFF-AR-10001988,Bulldog Table or Wall-Mount Pencil Sharpener,77.87,3,13
OFF-PA-10001801,Xerox 193,77.74000000000001,3,13
OFF-BI-10000138,Acco Translucent Poly Ring Binders,77.68799999999999,7,28
FUR-FU-10000719,"DAX Cubicle Frames, 8-1/2 x 11",77.13,2,9
OFF-PA-10001215,Xerox 1963,77.088,3,17
FUR-FU-10001731,Acrylic Self-Standing Desk Frames,76.896,6,30
OFF-BI-10002799,"SlimView Poly Binder, 3/8""",76.664,5,30
OFF-PA-10003936,Xerox 1994,76.464,4,13
OFF-AR-10000255,Newell 328,75.92,3,13
OFF-AR-10003045,Prang Colored Pencils,75.852,6,27
OFF-BI-10002071,Fellowes Black Plastic Comb Bindings,75.53,7,27
OFF-SU-10002557,Fiskars Spring-Action Scissors,75.492,4,6
OFF-BI-10004140,Avery Non-Stick Binders,75.432,13,36
FUR-FU-10004091,"Eldon 200 Class Desk Accessories, Black",75.36,2,12
OFF-PA-10000477,Xerox 22,75.168,3,13
OFF-EN-10000781,"#10- 4 1/8"" x 9 1/2"" Recycled Envelopes",75.164,2,10
TEC-AC-10000387,KeyTronic KT800P2 - Keyboard - Black,75.1,3,6
FUR-FU-10001546,Dana Swing-Arm Lamps,74.76,5,11
OFF-BI-10004364,Storex Dura Pro Binders,74.25,8,24
OFF-PA-10000552,Xerox 200,73.872,4,13
OFF-PA-10003309,Xerox 211,73.872,3,13
OFF-BI-10004738,Flexible Leather- Look Classic Collection Ring Binder,73.866,4,7
OFF-AP-10000390,Euro Pro Shark Stick Mini Vacuum,73.176,1,6
OFF-BI-10000285,XtraLife ClearVue Slant-D Ring Binders by Cardinal,72.912,5,22
OFF-SU-10001225,Staple remover,72.864,7,22
OFF-BI-10001267,"Universal Recycled Hanging Pressboard Report Binders, Letter Size",72.806,5,20
OFF-PA-10004734,Southworth Structures Collection,72.8,2,10
OFF-BI-10004632,GBC Binding covers,72.52,2,6
OFF-PA-10003883,"Message Book, Phone, Wirebound Standard Line Memo, 2 3/4"" X 5""",72.05,3,11
OFF-BI-10002003,Ibico Presentation Index for Binding Systems,72.038,7,27
TEC-MA-10003329,"Vtech AT&T CL2940 Corded Speakerphone, Black",71.976,1,3
OFF-BI-10001679,GBC Instant Index System for Binding Systems,71.928,5,19
OFF-FA-10002763,Advantus Map Pennant Flags and Round Head Tacks,71.89,5,21
OFF-LA-10000121,Avery 48,71.82000000000001,2,12
OFF-PA-10003022,Xerox 1992,71.76,3,12
FUR-FU-10001424,Dax Clear Box Frame,71.58600000000001,4,10
OFF-BI-10002432,Wilson Jones Standard D-Ring Binders,71.346,7,21
OFF-BI-10001634,Wilson Jones Active Use Binders,71.344,5,15
OFF-BI-10004654,VariCap6 Expandable Binder,70.93,2,7
OFF-BI-10001890,Avery Poly Binder Pockets,70.884,7,32
OFF-SU-10001574,Acme Value Line Scissors,70.81,9,20
OFF-PA-10000528,Xerox 1981,70.752,4,14
OFF-PA-10001526,Xerox 1949,70.71600000000001,6,17
OFF-EN-10001141,"Manila Recycled Extra-Heavyweight Clasp Envelopes, 6"" x 9""",70.272,3,8
OFF-BI-10002557,Presstex Flexible Ring Binders,70.07,7,25
OFF-PA-10001712,Xerox 1948,69.93,1,7
OFF-LA-10003190,Avery 474,69.696,8,27
FUR-FU-10000550,Stacking Trays by OIC,68.724,5,17
FUR-FU-10003142,"Master Big Foot Doorstop, Beige",68.64,3,13
OFF-LA-10000248,Avery 52,68.634,6,19
OFF-AR-10000203,Newell 336,68.48,4,18
OFF-EN-10002621,Staple envelope,68.46000000000001,4,8
OFF-AR-10003158,Fluorescent Highlighters by Dixon,68.456,4,19
OFF-EN-10003798,"Recycled Interoffice Envelopes with Re-Use-A-Seal Closure, 10 x 13",68.28,2,5
OFF-AR-10001246,Newell 317,68.208,6,27
OFF-AR-10000614,Barrel Sharpener,67.83000000000001,4,19
OFF-PA-10002230,Xerox 1897,67.72800000000001,4,16
OFF-PA-10003177,Xerox 1999,67.392,5,11
OFF-PA-10000304,Xerox 1995,67.392,4,12
OFF-PA-10004675,"Telephone Message Books with Fax/Mobile Section, 5 1/2"" x 3 3/16""",67.31,4,12
OFF-PA-10001609,Tops Wirebound Message Log Books,67.116,5,23
TEC-AC-10002018,AmazonBasics 3-Button USB Wired Mouse,67.104,4,11
FUR-FU-10001617,"Executive Impressions 8-1/2"" Career Panel/Partition Cubicle Clock",66.56,2,7
OFF-LA-10003720,Avery 487,66.42,5,20
OFF-LA-10003121,Avery 506,66.08,3,17
OFF-EN-10003160,Pastel Pink Envelopes,65.52,3,9
TEC-PH-10000347,Cush Cases Heavy Duty Rugged Cover Case for Samsung Galaxy S5 - Purple,65.34,6,17
OFF-AR-10000914,Boston 16765 Mini Stand Up Battery Pencil Sharpener,65.29599999999999,3,6
TEC-PH-10002365,Belkin Grip Candy Sheer Case / Cover for iPhone 5 and 5S,64.972,3,8
OFF-AP-10003278,Belkin 7-Outlet SurgeMaster Home Series,64.262,4,7
OFF-BI-10004506,Wilson Jones data.warehouse D-Ring Binders with DublLock,64.194,4,11
OFF-AR-10004691,Boston 1730 StandUp Electric Pencil Sharpener,64.14,1,3
OFF-FA-10004248,Advantus T-Pin Paper Clips,64.042,5,16
OFF-BI-10003305,Avery Hanging File Binders,63.986000000000004,5,19
OFF-LA-10004559,Avery 49,63.936,5,23
FUR-FU-10002874,Ultra Commercial Grade Dual Valve Door Closer,63.824,1,2
TEC-PH-10000307,Shocksock Galaxy S4 Armband,63.510000000000005,3,7
OFF-PA-10000223,Xerox 2000,63.504000000000005,4,10
OFF-PA-10004733,Things To Do Today Spiral Book,63.36,2,10
OFF-PA-10000466,"Memo Book, 100 Message Capacity, 5 3/8” x 11”",63.355999999999995,2,10
OFF-BI-10001132,"Acco PRESSTEX Data Binder with Storage Hooks, Dark Blue, 9 1/2"" X 11""",62.946,4,23
FUR-FU-10002191,G.E. Halogen Desk Lamp Bulbs,62.82,5,11
FUR-FU-10000320,OIC Stacking Trays,62.791999999999994,4,24
OFF-BI-10000145,Zipper Ring Binder Pockets,62.712,10,35
OFF-LA-10003537,Avery 515,62.650000000000006,2,5
OFF-PA-10000673,"Post-it “Important Message” Note Pad, Neon Colors, 50 Sheets/Pad",62.608000000000004,2,9
OFF-BI-10000822,"Acco PRESSTEX Data Binder with Storage Hooks, Light Blue, 9 1/2"" X 11""",62.408,4,14
OFF-PA-10002870,"Ampad Phone Message Book, Recycled, 400 Message Capacity, 5 ¾” x 11”",62.400000000000006,3,10
FUR-FU-10001196,DAX Cubicle Frames - 8x10,62.315999999999995,4,15
OFF-BI-10001787,Wilson Jones Four-Pocket Poly Binders,62.13,4,17
OFF-BI-10003166,GBC Plasticlear Binding Covers,61.992,6,21
OFF-AR-10002053,"Premium Writing Pencils, Soft, #2 by Central Association for the Blind",61.983999999999995,5,22
OFF-AP-10000804,Hoover Portapower Portable Vacuum,61.824,4,18
OFF-PA-10002586,Xerox 1970,61.752,4,14
OFF-AR-10000246,Newell 318,61.716,5,23
OFF-BI-10002949,Prestige Round Ring Binders,61.408,6,16
OFF-PA-10000213,Xerox 198,60.756,2,13
OFF-AR-10001954,Newell 331,60.635999999999996,3,14
TEC-PH-10003442,Samsung Replacement EH64AVFWE Premium Headset,60.5,3,12
OFF-BI-10003669,3M Organizer Strips,60.480000000000004,5,19
OFF-AR-10003481,Newell 348,60.352,5,22
OFF-PA-10001461,HP Office Paper (20Lb. and 87 Bright),60.12,1,9
OFF-PA-10000682,Xerox 1924,60.112,4,12
OFF-PA-10004519,Spiral Phone Message Books with Labels by Adams,60.032,4,15
OFF-PA-10000807,"TOPS ""Important Message"" Pads, Canary, 4-1/4 x 5-1/2, 50 Sheets per Pad",59.92,2,14
FUR-FU-10002111,"Master Caster Door Stop, Large Brown",59.696,3,10
OFF-SU-10004115,Acme Stainless Steel Office Snips,59.614000000000004,3,10
TEC-AC-10002857,"Verbatim 25 GB 6x Blu-ray Single Layer Recordable Disc, 1/Pack",59.599999999999994,2,10
OFF-AR-10004587,"Boston 1827 Commercial Additional Cutter, Drive Gear & Gear Rack for 1606",59.489999999999995,2,3
OFF-LA-10002787,Avery 480,59.25,4,16
OFF-LA-10004689,Avery 512,58.956,3,22
OFF-FA-10002988,Ideal Clamps,58.69199999999999,8,33
OFF-FA-10004968,Rubber Band Ball,58.344,4,16
OFF-PA-10004355,Xerox 231,58.32000000000001,4,10
TEC-PH-10003875,KLD Oscar II Style Snap-on Ultra Thin Side Flip Synthetic Leather Cover Case for HTC One HTC M7,58.32,2,6
OFF-AR-10001662,Rogers Handheld Barrel Pencil Sharpener,58.08800000000001,5,23
TEC-PH-10004700,PowerGen Dual USB Car Charger,57.942,3,7
FUR-FU-10003194,"Eldon Expressions Desk Accessory, Wood Pencil Holder, Oak",57.900000000000006,2,6
OFF-BI-10002976,ACCOHIDE Binder by Acco,57.81999999999999,3,15
OFF-BI-10003274,"Avery Durable Slant Ring Binders, No Labels",57.71,7,27
OFF-PA-10000533,Southworth Parchment Paper & Envelopes,57.552,4,10
OFF-AR-10003183,Avery Fluorescent Highlighter Four-Color Set,57.448,6,21
OFF-BI-10002393,Binder Posts,57.4,6,16
OFF-PA-10000130,Xerox 199,57.352,4,16
OFF-PA-10003016,"Adams ""While You Were Out"" Message Pads",57.147999999999996,4,19
OFF-PA-10002365,Xerox 1967,57.024,4,10
OFF-FA-10000936,Acco Hot Clips Clips to Go,56.588,5,19
OFF-FA-10000585,OIC Bulk Pack Metal Binder Clips,56.538,5,18
OFF-PA-10002749,"Wirebound Message Books, 5-1/2 x 4 Forms, 2 or 4 Forms per Page",56.196,2,9
TEC-PH-10004924,"SKILCRAFT Telephone Shoulder Rest, 2"" x 6.5"" x 2.5"", Black",56.164,3,8
OFF-AP-10004052,"Hoover Replacement Belts For Soft Guard & Commercial Ltweight Upright Vacs, 2/Pk",56.09,5,18
OFF-PA-10001260,"TOPS Money Receipt Book, Consecutively Numbered in Red,",56.07,1,7
OFF-PA-10004965,Xerox 1921,55.944,3,7
OFF-AR-10002375,Newell 351,55.76,5,17
TEC-AC-10001635,KeyTronic KT400U2 - Keyboard - Black,55.512,2,6
OFF-EN-10003068,#6 3/4 Gummed Flap White Envelopes,55.44,3,7
OFF-BI-10002414,GBC ProClick Spines for 32-Hole Punch,55.132,4,9
OFF-FA-10000304,Advantus Push Pins,54.936,7,27
OFF-PA-10000551,Array Memo Cubes,54.908,3,11
OFF-PA-10002968,Xerox 1973,54.816,1,3
OFF-AR-10001547,Newell 311,54.808,7,27
OFF-AR-10000716,DIXON Ticonderoga Erasable Checking Pencils,54.684,5,11
OFF-PA-10001307,"Important Message Pads, 50 4-1/4 x 5-1/2 Forms per Pad",54.599999999999994,4,15
TEC-AC-10002558,Imation Swivel Flash Drive USB flash drive - 8 GB,54.57599999999999,2,5
OFF-AR-10003732,Newell 333,54.488,6,20
OFF-PA-10000232,Xerox 1975,54.432,4,9
OFF-PA-10000295,Xerox 229,54.432,2,9
OFF-FA-10002975,Staples,54.431999999999995,2,18
OFF-AR-10002280,Staples in misc. colors,54.348,2,9
OFF-ST-10000617,Woodgrain Magazine Files by Perma,54.236,5,19
OFF-LA-10004425,Staple-on labels,53.754000000000005,5,21
OFF-BI-10000773,Insertable Tab Post Binder Dividers,53.733999999999995,7,23
OFF-PA-10002259,"Geographics Note Cards, Blank, White, 8 1/2"" x 11""",53.712,2,6
OFF-LA-10004409,Avery 492,53.568,5,20
OFF-ST-10003221,Staple magnet,53.4,3,5
OFF-BI-10004094,GBC Standard Plastic Binding Systems Combs,53.1,4,12
OFF-BI-10004099,GBC VeloBinder Strips,52.992,4,20
FUR-FU-10003829,Stackable Trays,52.976,6,18
OFF-PA-10003063,EcoTones Memo Sheets,52.8,3,15
OFF-EN-10002600,"Redi-Strip #10 Envelopes, 4 1/8 x 9 1/2",51.92,5,21
OFF-PA-10004255,Xerox 219,51.84,3,8
OFF-FA-10000992,"Acco Clips to Go Binder Clips, 24 Clips in Two Sizes",51.83,4,15
FUR-TA-10003837,Anderson Hickey Conga Table Tops & Accessories,51.782,2,5
OFF-AR-10004817,Colorific Watercolor Pencils,51.6,3,11
OFF-PA-10000350,"Message Book, Standard Line ""While You Were Out"", 5 1/2"" X 4"", 200 Sets/Book",51.36,2,6
OFF-PA-10000007,"Telephone Message Books with Fax/Mobile Section, 4 1/4"" x 6""",51.120000000000005,3,15
FUR-FU-10002885,Magna Visual Magnetic Picture Hangers,51.092,4,12
OFF-EN-10003845,Colored Envelopes,50.922,5,16
TEC-AC-10001542,SanDisk Cruzer 16 GB USB Flash Drive,50.512,2,5
OFF-FA-10001843,Staples,50.388,4,22
OFF-LA-10000081,Avery 496,50.25,4,14
OFF-EN-10004147,Wausau Papers Astrobrights Colored Envelopes,50.232,3,9
OFF-BI-10000136,Avery Non-Stick Heavy Duty View Round Locking Ring Binders,50.232,2,9
OFF-PA-10004000,"While You Were Out Pads, 50 per Pad, 4 x 5 1/4, Green Cycle",50.138000000000005,4,13
OFF-PA-10001583,"1/4 Fold Party Design Invitations & White Envelopes, 24 8-1/2"" X 11"" Cards, 25 Env./Pack",49.980000000000004,2,7
OFF-EN-10004030,Convenience Packs of Business Envelopes,49.956,5,15
OFF-AR-10003651,Newell 350,49.2,4,15
OFF-BI-10003314,Tuff Stuff Recycled Round Ring Binders,49.164,4,12
OFF-LA-10002034,Avery 478,49.1,3,10
OFF-AR-10001573,American Pencil,48.93,6,21
OFF-AR-10004441,BIC Brite Liner Highlighters,48.852,4,14
OFF-PA-10004947,Easy-staple paper,48.792,3,12
OFF-BI-10002764,Recycled Pressboard Report Cover with Reinforced Top Hinge,48.772999999999996,6,24
OFF-AR-10004956,Newell 33,47.988,3,10
OFF-SU-10004737,Acme Design Stainless Steel Bent Scissors,47.88,2,7
OFF-AR-10004790,Staples in misc. colors,47.88,2,5
OFF-AR-10001427,Newell 330,47.84,3,9
FUR-FU-10002963,"Master Caster Door Stop, Gray",47.752,4,10
OFF-EN-10001509,Poly String Tie Envelopes,47.736,9,25
OFF-AP-10004655,"Holmes Visible Mist Ultrasonic Humidifier with 2.3-Gallon Output per Day, Replacement Filter",47.544000000000004,2,5
OFF-LA-10000134,Avery 511,47.432,4,17
OFF-AR-10001149,"Sanford Colorific Colored Pencils, 12/Box",47.232,4,17
OFF-FA-10001561,Stockwell Push Pins,47.088,5,22
OFF-AR-10004511,"Sanford Colorific Scented Colored Pencils, 12/Pack",47.080000000000005,2,11
OFF-AR-10003217,Newell 316,46.944,2,11
OFF-PA-10003729,Xerox 1998,46.656,2,9
OFF-PA-10003036,"Black Print Carbonless 8 1/2"" x 8 1/4"" Rapid Memo Book",46.592,3,8
OFF-AR-10003394,Newell 332,46.452,4,17
OFF-FA-10002983,Advantus SlideClip Paper Clips,46.376000000000005,3,15
OFF-ST-10001414,Decoflex Hanging Personal Folder File,46.26,1,3
OFF-AR-10001940,"Sanford Colorific Eraseable Coloring Pencils, 12 Count",45.919999999999995,4,15
OFF-LA-10000443,Avery 501,45.756,4,15
OFF-EN-10001415,Staple envelope,45.756,4,9
OFF-PA-10001947,Xerox 1974,45.448,3,8
OFF-LA-10004178,Avery 491,45.43,3,12
OFF-AR-10002257,"Eldon Spacemaker Box, Quick-Snap Lid, Clear",45.424,5,16
FUR-FU-10000206,"GE General Purpose, Extra Long Life, Showcase & Floodlight Incandescent Bulbs",45.396,7,20
OFF-PA-10001246,Xerox 215,45.36,2,7
OFF-PA-10004782,Xerox 228,45.36,2,7
OFF-SU-10004290,"Acme Design Line 8"" Stainless Steel Bent Scissors w/Champagne Handles, 3-1/8"" Cut",45.144,3,7
FUR-FU-10002508,Document Clip Frames,45.036,2,6
OFF-AR-10000940,Newell 343,44.688,5,17
OFF-AR-10000127,Newell 321,44.608000000000004,3,14
OFF-LA-10001045,Permanent Self-Adhesive File Folder Labels for Typewriters by Universal,44.37,6,18
OFF-LA-10001404,Avery 517,44.28,4,13
OFF-PA-10003971,Xerox 1965,44.252,3,8
TEC-AC-10000199,Kingston Digital DataTraveler 8GB USB 2.0,44.03,3,9
OFF-AR-10004752,Blackstonian Pencils,43.788000000000004,3,17
OFF-BI-10003196,Accohide Poly Flexible Ring Binders,43.758,8,34
OFF-AR-10003772,Boston 16750 Black Compact Battery Pencil Sharpener,43.75,2,5
OFF-AP-10000595,Disposable Triple-Filter Dust Bags,43.7,4,10
OFF-SU-10002189,Acme Rosewood Handle Letter Opener,43.67,3,12
OFF-LA-10000452,Avery 488,42.84,4,14
OFF-LA-10004853,Avery 483,42.828,3,10
OFF-BI-10000216,"Mead 1st Gear 2"" Zipper Binder, Asst. Colors",42.801,2,6
OFF-AR-10001177,Newell 349,42.64,3,14
TEC-AC-10001445,Imation USB 2.0 Swivel Flash Drive USB flash drive - 4 GB - Pink,42.42,3,14
OFF-AR-10002766,Prang Drawing Pencil Set,42.256,3,17
OFF-BI-10004187,3-ring staple pack,42.111999999999995,6,26
OFF-BI-10002160,Acco Hanging Data Binders,41.910000000000004,7,17
TEC-MA-10000752,Texas Instrument TI-15 Fraction Calculator,41.905,2,8
OFF-LA-10002271,Smead Alpha-Z Color-Coded Second Alphabetical Labels and Starter Set,41.888,4,14
OFF-BI-10002012,Wilson Jones Easy Flow II Sheet Lifters,41.760000000000005,8,33
OFF-PA-10000809,Xerox 206,41.472,4,8
OFF-PA-10002659,Avoid Verbal Orders Carbonless Minifold Book,41.236,3,13
OFF-EN-10003072,Peel & Seel Envelopes,41.128,3,11
OFF-PA-10004470,"Adams Write n' Stick Phone Message Book, 11"" X 5 1/4"", 200 Messages",40.896,3,8
FUR-FU-10001847,Eldon Image Series Black Desk Accessories,40.572,4,10
OFF-PA-10002464,HP Office Recycled Paper (20Lb. and 87 Bright),40.46,1,7
OFF-AR-10003759,"Crayola Anti Dust Chalk, 12/Pack",40.404,5,24
OFF-AR-10003190,Newell 32,40.32,5,14
OFF-LA-10004345,Avery 493,40.262,3,9
OFF-PA-10001826,Xerox 207,40.176,2,7
OFF-AR-10003856,Newell 344,40.032,5,16
OFF-AR-10000657,"Binney & Smith inkTank Desk Highlighter, Chisel Tip, Yellow, 12/Box",39.99,4,19
OFF-AR-10003811,Newell 327,39.78,4,18
OFF-BI-10004465,Avery Durable Slant Ring Binders,39.6,4,14
OFF-PA-10001846,Xerox 1899,39.304,3,8
OFF-BI-10003350,Acco Expandable Hanging Binders,38.918,4,11
OFF-AR-10003251,Prang Drawing Pencil Set,38.364000000000004,6,15
OFF-BI-10002194,Cardinal Hold-It CD Pocket,38.304,4,12
OFF-AP-10000124,Acco 6 Outlet Guardian Basic Surge Suppressor,38.272,2,7
OFF-AR-10000411,Boston 16701 Slimline Battery Pencil Sharpener,38.256,1,3
OFF-PA-10000605,Xerox 1950,38.147999999999996,2,7
OFF-BI-10001982,Wilson Jones Custom Binder Spines & Labels,38.08,6,20
OFF-SU-10002522,Acme Kleen Earth Office Shears,38.024,4,10
OFF-BI-10004656,Peel & Stick Add-On Corner Pockets,38.016,7,30
OFF-PA-10000955,Southworth 25% Cotton Granite Paper & Envelopes,37.932,3,7
OFF-AR-10000799,Col-Erase Pencils with Erasers,37.696,2,7
OFF-PA-10003657,Xerox 1927,37.664,3,10
OFF-BI-10004528,Cardinal Poly Pocket Divider Pockets for Ring Binders,37.632000000000005,3,14
OFF-AR-10002467,Dixon Ticonderoga Pencils,37.548,3,13
OFF-AR-10004930,Turquoise Lead Holder with Pocket Clip,37.52,3,6
OFF-BI-10003655,Durable Pressboard Binders,37.239999999999995,2,11
OFF-PA-10004248,Xerox 1990,36.96,2,8
OFF-BI-10003529,Avery Round Ring Poly Binders,36.919999999999995,6,17
OFF-ST-10001627,Eldon Jumbo ProFile Portable File Boxes Graphite/Black,36.744,1,3
OFF-AR-10001545,Newell 326,36.608,6,23
OFF-PA-10003205,"Wirebound Message Forms, Four 2 3/4 x 5 Forms per Page, Pink Paper",35.948,2,5
FUR-FU-10003274,Regeneration Desk Collection,35.904,5,21
OFF-EN-10002973,Ampad #10 Peel & Seel Holiday Envelopes,35.84,2,8
OFF-BI-10004352,Wilson Jones DublLock D-Ring Binders,35.775,2,6
OFF-ST-10004835,Plastic Stacking Crates & Casters,35.712,4,8
OFF-SU-10004768,Acme Kleencut Forged Steel Scissors,35.587999999999994,3,7
OFF-LA-10001982,Smead Alpha-Z Color-Coded Name Labels First Letter Starter Set,35.25,3,10
OFF-PA-10002960,Xerox 1926,34.86,1,7
OFF-BI-10002897,"Black Avery Memo-Size 3-Ring Binder, 5 1/2"" x 8 1/2""",34.498,3,13
OFF-PA-10002741,Xerox 1980,34.24,2,8
OFF-LA-10001317,Avery 520,34.02,4,11
OFF-FA-10001332,"Acco Banker's Clasps, 5 3/4""-Long",33.984,4,12
OFF-BI-10001525,"Acco Pressboard Covers with Storage Hooks, 14 7/8"" x 11"", Executive Red",33.528,4,20
OFF-AR-10001221,"Dixon Ticonderoga Erasable Colored Pencil Set, 12-Color",33.488,1,7
OFF-AP-10001626,"Commercial WindTunnel Clean Air Upright Vacuum, Replacement Belts, Filtration Bags",33.454,4,11
OFF-AR-10001315,Newell 310,33.44,6,22
OFF-LA-10001175,Avery 514,33.408,3,12
OFF-BI-10000042,"Pressboard Data Binder, Crimson, 12"" X 8 1/2""",33.108000000000004,3,9
OFF-PA-10001752,Hammermill CopyPlus Copy Paper (20Lb. and 84 Bright),32.868,3,7
OFF-BI-10003708,"Acco Four Pocket Poly Ring Binder with Label Holder, Smoke, 1""",32.78,3,13
FUR-FU-10003919,Eldon Executive Woodline II Cherry Finish Desk Accessories,32.712,1,2
OFF-BI-10004716,Wilson Jones Hanging Recycled Pressboard Data Binders,32.647999999999996,2,4
OFF-PA-10002552,Xerox 1958,32.400000000000006,2,5
OFF-FA-10000611,Binder Clips by OIC,31.375999999999998,5,23
OFF-PA-10003953,Xerox 218,31.104000000000003,3,5
TEC-PH-10003356,"SmartStand Mobile Device Holder, Assorted Colors",30.756,2,5
OFF-AR-10001868,Prang Dustless Chalk Sticks,30.575999999999997,7,19
OFF-PA-10000697,"TOPS Voice Message Log Book, Flash Format",30.464,2,8
OFF-BI-10004182,Economy Binders,29.952,4,19
TEC-MA-10004086,Plantronics Single Ear Headset,29.925,1,5
OFF-PA-10001243,Xerox 1983,29.900000000000002,2,5
OFF-PA-10004948,Xerox 190,29.88,2,6
OFF-FA-10001229,Staples,29.868000000000002,3,9
OFF-FA-10003467,"Alliance Big Bands Rubber Bands, 12/Pack",29.7,4,15
FUR-FU-10004164,"Eldon 300 Class Desk Accessories, Black",29.7,2,6
OFF-SU-10001935,Staple remover,29.648000000000003,6,16
OFF-PA-10001204,Xerox 1972,29.568,3,6
OFF-BI-10004022,Acco Suede Grain Vinyl Round Ring Binder,29.468,6,23
OFF-FA-10002815,Staples,29.304,2,7
OFF-PA-10004405,Rediform Voice Mail Log Books,29.204,2,11
FUR-FU-10001025,"Eldon Imàge Series Desk Accessories, Clear",29.159999999999997,2,12
OFF-FA-10004838,"Super Bands, 12/Pack",29.016,3,17
OFF-EN-10004846,Letter or Legal Size Expandable Poly String Tie Envelopes,28.728,3,13
OFF-BI-10002813,Avery Reinforcements for Hole-Punch Pages,28.512,8,41
OFF-FA-10004395,Plymouth Boxed Rubber Bands by Plymouth,28.259999999999998,2,7
OFF-AR-10001473,Newell 313,28.208,3,10
OFF-AR-10003405,"Dixon My First Ticonderoga Pencil, #2",28.08,2,6
OFF-FA-10003059,Assorted Color Push Pins,27.874000000000002,6,17
OFF-PA-10003256,Avery Personal Creations Heavyweight Cards,27.696,1,3
OFF-AR-10003469,Nontoxic Chalk,27.456,6,16
TEC-AC-10004127,SanDisk Cruzer 8 GB USB Flash Drive,27.168,1,4
FUR-FU-10004415,"Stacking Tray, Side-Loading, Legal, Smoke",26.880000000000003,2,7
OFF-FA-10000053,Revere Boxed Rubber Bands by Revere,26.838,4,15
OFF-FA-10003485,Staples,26.724,2,12
OFF-AR-10001216,Newell 339,26.688000000000002,3,10
OFF-AR-10001770,Economy #2 Pencils,26.6,3,10
OFF-BI-10000848,Angle-D Ring Binders,26.256,5,11
OFF-LA-10000634,Avery 509,26.1,3,10
OFF-AR-10003876,"Avery Hi-Liter GlideStik Fluorescent Highlighter, Yellow Ink",26.08,2,9
OFF-BI-10000591,Avery Binder Labels,26.063,4,8
OFF-LA-10003663,Avery 498,26.01,2,9
OFF-PA-10003543,Xerox 1985,25.92,2,5
OFF-AR-10002578,Newell 335,25.92,3,9
OFF-BI-10002049,UniKeep View Case Binders,25.917,4,10
OFF-BI-10004967,Round Ring Binders,25.584,5,21
OFF-AR-10001919,"OIC #2 Pencils, Medium Soft",25.567999999999998,5,14
FUR-FU-10001852,"Eldon Regeneration Recycled Desk Accessories, Smoke",25.404,4,15
OFF-AR-10002255,Newell 346,25.344,4,9
OFF-FA-10002676,Colored Push Pins,24.978,5,15
OFF-AR-10003087,Staples in misc. colors,24.92,3,15
OFF-PA-10001622,"Ampad Poly Cover Wirebound Steno Book, 6"" x 9"" Assorted Colors, Gregg Ruled",24.516,3,6
OFF-AR-10000896,Newell 329,24.272,2,8
FUR-FU-10002505,Eldon 100 Class Desk Accessories,24.264,3,9
FUR-FU-10003026,"Eldon Regeneration Recycled Desk Accessories, Black",24.2,2,5
OFF-LA-10004008,Avery 507,24.192,2,10
OFF-LA-10002381,Avery 497,24.023999999999997,2,8
OFF-PA-10002709,Xerox 1956,23.92,1,5
OFF-SU-10002301,Serrated Blade or Curved Handle Hand Letter Openers,23.864,2,9
OFF-AR-10001227,Newell 338,23.52,2,8
OFF-EN-10003448,"Peel & Seel Recycled Catalog Envelopes, Brown",23.16,1,2
OFF-EN-10001137,"#10 Gummed Flap White Envelopes, 100/Box",23.128,2,6
OFF-AR-10002804,Faber Castell Col-Erase Pencils,22.494,4,5
OFF-LA-10000262,Avery 494,22.446,4,10
OFF-FA-10000735,Staples,22.192,3,8
OFF-AR-10001026,"Sanford Uni-Blazer View Highlighters, Chisel Tip, Yellow",22.0,1,10
OFF-LA-10003714,Avery 510,21.75,3,7
OFF-AR-10002335,DIXON Oriole Pencils,21.672,4,10
OFF-AR-10004165,"Binney & Smith inkTank Erasable Pocket Highlighter, Chisel Tip, Yellow",20.52,2,9
OFF-AR-10003723,Avery Hi-Liter Fluorescent Desk Style Markers,20.279999999999998,2,6
OFF-BI-10001759,"Acco Pressboard Covers with Storage Hooks, 14 7/8"" x 11"", Dark Blue",20.192999999999998,3,11
OFF-PA-10001450,Rediform S.O.S. Phone Message Books,19.92,1,4
OFF-FA-10000254,Sterling Rubber Bands by Alliance,19.782,2,5
FUR-FU-10002240,Nu-Dell EZ-Mount Plastic Wall Frames,19.7,2,8
FUR-FU-10002107,Eldon Pizzaz Desk Accessories,19.624000000000002,2,11
OFF-FA-10000089,Acco Glide Clips,19.6,1,5
OFF-FA-10003021,Staples,19.552,2,13
OFF-PA-10002105,Xerox 223,19.44,1,3
OFF-SU-10000432,Acco Side-Punched Conventional Columnar Pads,19.432000000000002,2,7
OFF-AR-10000823,Newell 307,19.292,3,12
OFF-BI-10000201,"Avery Triangle Shaped Sheet Lifters, Black, 2/Pack",19.188000000000002,5,16
OFF-AR-10002833,Newell 322,18.928,4,11
OFF-AR-10000422,Pencil and Crayon Sharpener,18.834,2,10
FUR-FU-10002685,"Executive Impressions 13-1/2"" Indoor/Outdoor Wall Clock",18.7,1,1
OFF-PA-10000859,Unpadded Memo Slips,18.308,2,5
OFF-PA-10001274,Loose Memo Sheets,18.25,2,5
OFF-AR-10002221,12 Colored Short Pencils,18.2,3,8
OFF-FA-10003472,Bagged Rubber Bands,18.144,4,15
OFF-AP-10001634,Hoover Commercial Lightweight Upright Vacuum,18.096,2,8
TEC-AC-10003709,Maxell 4.7GB DVD-R 5/Pack,18.018,4,20
OFF-AR-10003896,"Stride Job 150 Highlighters, Chisel Tip, Assorted Colors",17.94,1,3
OFF-PA-10003424,"""While you Were Out"" Message Book, One Form per Page",17.808,2,6
OFF-LA-10000973,Avery 502,17.64,3,7
OFF-AR-10004027,"Binney & Smith inkTank Erasable Desk Highlighter, Chisel Tip, Yellow, 12/Box",17.64,3,8
OFF-AR-10003770,Newell 340,17.28,1,6
OFF-PA-10000308,Xerox 1901,16.896,1,4
OFF-LA-10002368,Avery 479,16.704,3,7
OFF-PA-10000141,"Ampad Evidence Wirebond Steno Books, 6"" x 9""",16.568,3,9
OFF-AR-10001118,"Binney & Smith Crayola Metallic Crayons, 16-Color Pack",16.176000000000002,2,5
TEC-AC-10002370,Maxell CD-R Discs,15.76,3,9
OFF-BI-10004141,Insertable Tab Indexes For Data Binders,15.581999999999999,4,10
TEC-AC-10000487,SanDisk Cruzer 4 GB USB Flash Drive,15.576,1,3
OFF-PA-10002333,"Universal Ultra Bright White Copier/Laser Paper, 8 1/2"" x 11"", Ream",15.552,1,3
OFF-PA-10000556,Xerox 208,15.552,1,3
OFF-PA-10001837,Xerox 1976,15.552,1,3
OFF-AR-10001130,"Quartet Alpha White Chalk, 12/Pack",15.469999999999999,2,8
OFF-PA-10002109,Wirebound Voice Message Log Book,15.232,2,4
OFF-AR-10002704,Boston 1900 Electric Pencil Sharpener,14.98,1,1
OFF-AR-10001231,"Sanford EarthWrite Recycled Pencils, Medium Soft, #2",14.7,2,7
OFF-LA-10003077,Avery 500,14.62,1,2
OFF-AR-10000462,Sanford Pocket Accent Highlighters,14.399999999999999,2,9
OFF-FA-10000490,"OIC Binder Clips, Mini, 1/4"" Capacity, Black",14.384,4,12
OFF-AR-10000315,"Dixon Ticonderoga Maple Cedar Pencil, #2",14.122,2,5
OFF-SU-10003936,Acme Serrated Blade Letter Opener,13.992,2,5
TEC-PH-10003655,Sannysis Cute Owl Design Soft Skin Case Cover for Samsung Galaxy S4,13.86,2,8
OFF-BI-10002609,Avery Hidden Tab Dividers for Binding Systems,13.708,4,12
OFF-BI-10004876,Wilson Jones Suede Grain Vinyl Binders,13.622,2,7
TEC-AC-10003133,Memorex Mini Travel Drive 4 GB USB 2.0 Flash Drive,13.616,1,2
OFF-FA-10001135,"Brites Rubber Bands, 1 1/2 oz. Box",13.068000000000001,3,7
OFF-AP-10003914,"Sanitaire Vibra Groomer IR Commercial Upright Vacuum, Replacement Belts",13.0,1,5
OFF-FA-10000840,OIC Thumb-Tacks,12.996,3,13
OFF-PA-10002001,Xerox 1984,12.96,1,2
TEC-PH-10000004,Belkin iPhone and iPad Lightning Cable,11.992,1,1
OFF-PA-10001661,Xerox 1922,11.952,1,3
OFF-BI-10002954,Newell 3-Hole Punched Plastic Slotted Magazine Holders for Binders,11.882,3,10
OFF-FA-10004076,Translucent Push Pins by OIC,11.879999999999999,2,7
OFF-PA-10003739,Xerox 1969,11.56,1,2
OFF-BI-10000494,Acco Economy Flexible Poly Round Ring Binder,11.484,4,6
FUR-FU-10003981,Eldon Wave Desk Accessories,11.232,2,6
OFF-PA-10004239,Xerox 1953,11.128,2,3
OFF-AR-10000369,Design Ebony Sketching Pencil,10.841999999999999,2,9
FUR-FU-10003489,Contemporary Borderless Frame,10.332,1,3
OFF-SU-10003002,Letter Slitter,10.08,2,4
OFF-AR-10004707,Staples in misc. colors,9.92,2,4
OFF-AR-10004974,Newell 342,9.84,1,3
OFF-LA-10004055,Color-Coded Legal Exhibit Labels,9.82,1,2
OFF-AP-10002906,Hoover Replacement Belt for Commercial Guardsman Heavy-Duty Upright Vacuum,9.768,4,6
OFF-BI-10003784,Computer Printout Index Tabs,9.744,3,11
TEC-AC-10003433,Maxell 4.7GB DVD+R 5/Pack,9.702,4,11
TEC-PH-10004875,PNY Rapid USB Car Charger - Black,9.588,1,2
OFF-SU-10001212,Kleencut Forged Office Shears by Acme United Corporation,9.568,2,5
OFF-AR-10001022,SANFORD Liquid Accent Tank-Style Highlighters,8.52,2,3
OFF-BI-10003094,Self-Adhesive Ring Binder Labels,8.448,2,4
OFF-AR-10001972,Newell 323,8.4,1,5
OFF-AR-10004272,Newell 308,8.4,2,5
OFF-LA-10000476,"Avery 05222 Permanent Self-Adhesive File Folder Labels for Typewriters, on Rolls, White, 250/Roll",8.26,1,2
OFF-AR-10004582,BIC Brite Liner Grip Highlighters,8.2,2,5
OFF-AR-10003477,4009 Highlighters,8.04,1,6
OFF-PA-10000477,Xerox 1952,7.968,1,2
OFF-PA-10003919,Xerox 1989,7.968,1,2
OFF-AR-10001149,"Avery Hi-Liter Comfort Grip Fluorescent Highlighter, Yellow Ink",7.8,2,4
OFF-AR-10003986,Avery Hi-Liter Pen Style Six-Color Fluorescent Set,7.7,1,2
OFF-AR-10001166,Staples in misc. colors,7.58,1,1
OFF-PA-10000048,Xerox 20,6.48,1,1
OFF-LA-10004677,Self-Adhesive Address Labels for Typewriters with Dispenser Box,5.904,1,2
OFF-AR-10003958,Newell 337,5.248,1,2
OFF-FA-10002701,Alliance Rubber Bands,5.04,1,3
OFF-FA-10001754,Stockwell Gold Paper Clips,3.68,1,2
OFF-BI-10000831,Storex Flexible Poly Binders with Double Pockets,3.168,1,4
OFF-AP-10002203,Eureka Disposable Bags for Sanitaire Vibra Groomer I Upright Vac,1.624,1,2
